record_id,source_record_id,scenario_family,source_name,source_file,event_type,biz_step,expected_ctes,predicted_ctes,expected_abstentions,predicted_abstentions,status,errors
web2000-0001,000000000054,open_food_facts_product_metadata,Open Food Facts static bulk TSV,en.openfoodfacts.org.products.csv.gz,product_metadata,,[],[],[],[],pass,[]
web2000-0002,000000000063,open_food_facts_product_metadata,Open Food Facts static bulk TSV,en.openfoodfacts.org.products.csv.gz,product_metadata,,[],[],[],[],pass,[]
web2000-0003,000000000114,open_food_facts_product_metadata,Open Food Facts static bulk TSV,en.openfoodfacts.org.products.csv.gz,product_metadata,,[],[],[],[],pass,[]
web2000-0004,000000000431,open_food_facts_product_metadata,Open Food Facts static bulk TSV,en.openfoodfacts.org.products.csv.gz,product_metadata,,[],[],[],[],pass,[]
web2000-0005,0000000105,open_food_facts_product_metadata,Open Food Facts static bulk TSV,en.openfoodfacts.org.products.csv.gz,product_metadata,,[],[],[],[],pass,[]
web2000-0006,0000000475,open_food_facts_product_metadata,Open Food Facts static bulk TSV,en.openfoodfacts.org.products.csv.gz,product_metadata,,[],[],[],[],pass,[]
web2000-0007,00000006666,open_food_facts_product_metadata,Open Food Facts static bulk TSV,en.openfoodfacts.org.products.csv.gz,product_metadata,,[],[],[],[],pass,[]
web2000-0008,00000007,open_food_facts_product_metadata,Open Food Facts static bulk TSV,en.openfoodfacts.org.products.csv.gz,product_metadata,,[],[],[],[],pass,[]
web2000-0009,00000009,open_food_facts_product_metadata,Open Food Facts static bulk TSV,en.openfoodfacts.org.products.csv.gz,product_metadata,,[],[],[],[],pass,[]
web2000-0010,00000010,open_food_facts_product_metadata,Open Food Facts static bulk TSV,en.openfoodfacts.org.products.csv.gz,product_metadata,,[],[],[],[],pass,[]
web2000-0011,00000012,open_food_facts_product_metadata,Open Food Facts static bulk TSV,en.openfoodfacts.org.products.csv.gz,product_metadata,,[],[],[],[],pass,[]
web2000-0012,00000013,open_food_facts_product_metadata,Open Food Facts static bulk TSV,en.openfoodfacts.org.products.csv.gz,product_metadata,,[],[],[],[],pass,[]
web2000-0013,00000015,open_food_facts_product_metadata,Open Food Facts static bulk TSV,en.openfoodfacts.org.products.csv.gz,product_metadata,,[],[],[],[],pass,[]
web2000-0014,00000016,open_food_facts_product_metadata,Open Food Facts static bulk TSV,en.openfoodfacts.org.products.csv.gz,product_metadata,,[],[],[],[],pass,[]
web2000-0015,00000017,open_food_facts_product_metadata,Open Food Facts static bulk TSV,en.openfoodfacts.org.products.csv.gz,product_metadata,,[],[],[],[],pass,[]
web2000-0016,00000018,open_food_facts_product_metadata,Open Food Facts static bulk TSV,en.openfoodfacts.org.products.csv.gz,product_metadata,,[],[],[],[],pass,[]
web2000-0017,00000019,open_food_facts_product_metadata,Open Food Facts static bulk TSV,en.openfoodfacts.org.products.csv.gz,product_metadata,,[],[],[],[],pass,[]
web2000-0018,00000020,open_food_facts_product_metadata,Open Food Facts static bulk TSV,en.openfoodfacts.org.products.csv.gz,product_metadata,,[],[],[],[],pass,[]
web2000-0019,00000021,open_food_facts_product_metadata,Open Food Facts static bulk TSV,en.openfoodfacts.org.products.csv.gz,product_metadata,,[],[],[],[],pass,[]
web2000-0020,00000022,open_food_facts_product_metadata,Open Food Facts static bulk TSV,en.openfoodfacts.org.products.csv.gz,product_metadata,,[],[],[],[],pass,[]
web2000-0021,00000024,open_food_facts_product_metadata,Open Food Facts static bulk TSV,en.openfoodfacts.org.products.csv.gz,product_metadata,,[],[],[],[],pass,[]
web2000-0022,00000025,open_food_facts_product_metadata,Open Food Facts static bulk TSV,en.openfoodfacts.org.products.csv.gz,product_metadata,,[],[],[],[],pass,[]
web2000-0023,00000026,open_food_facts_product_metadata,Open Food Facts static bulk TSV,en.openfoodfacts.org.products.csv.gz,product_metadata,,[],[],[],[],pass,[]
web2000-0024,00000027,open_food_facts_product_metadata,Open Food Facts static bulk TSV,en.openfoodfacts.org.products.csv.gz,product_metadata,,[],[],[],[],pass,[]
web2000-0025,00000028,open_food_facts_product_metadata,Open Food Facts static bulk TSV,en.openfoodfacts.org.products.csv.gz,product_metadata,,[],[],[],[],pass,[]
web2000-0026,00000029,open_food_facts_product_metadata,Open Food Facts static bulk TSV,en.openfoodfacts.org.products.csv.gz,product_metadata,,[],[],[],[],pass,[]
web2000-0027,00000031,open_food_facts_product_metadata,Open Food Facts static bulk TSV,en.openfoodfacts.org.products.csv.gz,product_metadata,,[],[],[],[],pass,[]
web2000-0028,00000033,open_food_facts_product_metadata,Open Food Facts static bulk TSV,en.openfoodfacts.org.products.csv.gz,product_metadata,,[],[],[],[],pass,[]
web2000-0029,00000034,open_food_facts_product_metadata,Open Food Facts static bulk TSV,en.openfoodfacts.org.products.csv.gz,product_metadata,,[],[],[],[],pass,[]
web2000-0030,00000035,open_food_facts_product_metadata,Open Food Facts static bulk TSV,en.openfoodfacts.org.products.csv.gz,product_metadata,,[],[],[],[],pass,[]
web2000-0031,00000036,open_food_facts_product_metadata,Open Food Facts static bulk TSV,en.openfoodfacts.org.products.csv.gz,product_metadata,,[],[],[],[],pass,[]
web2000-0032,00000037,open_food_facts_product_metadata,Open Food Facts static bulk TSV,en.openfoodfacts.org.products.csv.gz,product_metadata,,[],[],[],[],pass,[]
web2000-0033,00000038,open_food_facts_product_metadata,Open Food Facts static bulk TSV,en.openfoodfacts.org.products.csv.gz,product_metadata,,[],[],[],[],pass,[]
web2000-0034,00000039,open_food_facts_product_metadata,Open Food Facts static bulk TSV,en.openfoodfacts.org.products.csv.gz,product_metadata,,[],[],[],[],pass,[]
web2000-0035,00000040,open_food_facts_product_metadata,Open Food Facts static bulk TSV,en.openfoodfacts.org.products.csv.gz,product_metadata,,[],[],[],[],pass,[]
web2000-0036,00000041,open_food_facts_product_metadata,Open Food Facts static bulk TSV,en.openfoodfacts.org.products.csv.gz,product_metadata,,[],[],[],[],pass,[]
web2000-0037,00000042,open_food_facts_product_metadata,Open Food Facts static bulk TSV,en.openfoodfacts.org.products.csv.gz,product_metadata,,[],[],[],[],pass,[]
web2000-0038,00000043,open_food_facts_product_metadata,Open Food Facts static bulk TSV,en.openfoodfacts.org.products.csv.gz,product_metadata,,[],[],[],[],pass,[]
web2000-0039,00000044,open_food_facts_product_metadata,Open Food Facts static bulk TSV,en.openfoodfacts.org.products.csv.gz,product_metadata,,[],[],[],[],pass,[]
web2000-0040,00000045,open_food_facts_product_metadata,Open Food Facts static bulk TSV,en.openfoodfacts.org.products.csv.gz,product_metadata,,[],[],[],[],pass,[]
web2000-0041,00000046,open_food_facts_product_metadata,Open Food Facts static bulk TSV,en.openfoodfacts.org.products.csv.gz,product_metadata,,[],[],[],[],pass,[]
web2000-0042,00000047,open_food_facts_product_metadata,Open Food Facts static bulk TSV,en.openfoodfacts.org.products.csv.gz,product_metadata,,[],[],[],[],pass,[]
web2000-0043,00000049,open_food_facts_product_metadata,Open Food Facts static bulk TSV,en.openfoodfacts.org.products.csv.gz,product_metadata,,[],[],[],[],pass,[]
web2000-0044,00000050,open_food_facts_product_metadata,Open Food Facts static bulk TSV,en.openfoodfacts.org.products.csv.gz,product_metadata,,[],[],[],[],pass,[]
web2000-0045,00000051,open_food_facts_product_metadata,Open Food Facts static bulk TSV,en.openfoodfacts.org.products.csv.gz,product_metadata,,[],[],[],[],pass,[]
web2000-0046,00000052,open_food_facts_product_metadata,Open Food Facts static bulk TSV,en.openfoodfacts.org.products.csv.gz,product_metadata,,[],[],[],[],pass,[]
web2000-0047,00000053,open_food_facts_product_metadata,Open Food Facts static bulk TSV,en.openfoodfacts.org.products.csv.gz,product_metadata,,[],[],[],[],pass,[]
web2000-0048,00000055,open_food_facts_product_metadata,Open Food Facts static bulk TSV,en.openfoodfacts.org.products.csv.gz,product_metadata,,[],[],[],[],pass,[]
web2000-0049,00000056,open_food_facts_product_metadata,Open Food Facts static bulk TSV,en.openfoodfacts.org.products.csv.gz,product_metadata,,[],[],[],[],pass,[]
web2000-0050,00000057,open_food_facts_product_metadata,Open Food Facts static bulk TSV,en.openfoodfacts.org.products.csv.gz,product_metadata,,[],[],[],[],pass,[]
web2000-0051,00000058,open_food_facts_product_metadata,Open Food Facts static bulk TSV,en.openfoodfacts.org.products.csv.gz,product_metadata,,[],[],[],[],pass,[]
web2000-0052,00000059,open_food_facts_product_metadata,Open Food Facts static bulk TSV,en.openfoodfacts.org.products.csv.gz,product_metadata,,[],[],[],[],pass,[]
web2000-0053,00000060,open_food_facts_product_metadata,Open Food Facts static bulk TSV,en.openfoodfacts.org.products.csv.gz,product_metadata,,[],[],[],[],pass,[]
web2000-0054,00000061,open_food_facts_product_metadata,Open Food Facts static bulk TSV,en.openfoodfacts.org.products.csv.gz,product_metadata,,[],[],[],[],pass,[]
web2000-0055,00000062,open_food_facts_product_metadata,Open Food Facts static bulk TSV,en.openfoodfacts.org.products.csv.gz,product_metadata,,[],[],[],[],pass,[]
web2000-0056,00000064,open_food_facts_product_metadata,Open Food Facts static bulk TSV,en.openfoodfacts.org.products.csv.gz,product_metadata,,[],[],[],[],pass,[]
web2000-0057,00000070,open_food_facts_product_metadata,Open Food Facts static bulk TSV,en.openfoodfacts.org.products.csv.gz,product_metadata,,[],[],[],[],pass,[]
web2000-0058,00000071,open_food_facts_product_metadata,Open Food Facts static bulk TSV,en.openfoodfacts.org.products.csv.gz,product_metadata,,[],[],[],[],pass,[]
web2000-0059,00000072,open_food_facts_product_metadata,Open Food Facts static bulk TSV,en.openfoodfacts.org.products.csv.gz,product_metadata,,[],[],[],[],pass,[]
web2000-0060,00000073,open_food_facts_product_metadata,Open Food Facts static bulk TSV,en.openfoodfacts.org.products.csv.gz,product_metadata,,[],[],[],[],pass,[]
web2000-0061,00000074,open_food_facts_product_metadata,Open Food Facts static bulk TSV,en.openfoodfacts.org.products.csv.gz,product_metadata,,[],[],[],[],pass,[]
web2000-0062,00000076,open_food_facts_product_metadata,Open Food Facts static bulk TSV,en.openfoodfacts.org.products.csv.gz,product_metadata,,[],[],[],[],pass,[]
web2000-0063,00000078,open_food_facts_product_metadata,Open Food Facts static bulk TSV,en.openfoodfacts.org.products.csv.gz,product_metadata,,[],[],[],[],pass,[]
web2000-0064,00000079,open_food_facts_product_metadata,Open Food Facts static bulk TSV,en.openfoodfacts.org.products.csv.gz,product_metadata,,[],[],[],[],pass,[]
web2000-0065,00000083,open_food_facts_product_metadata,Open Food Facts static bulk TSV,en.openfoodfacts.org.products.csv.gz,product_metadata,,[],[],[],[],pass,[]
web2000-0066,00000084,open_food_facts_product_metadata,Open Food Facts static bulk TSV,en.openfoodfacts.org.products.csv.gz,product_metadata,,[],[],[],[],pass,[]
web2000-0067,00000085,open_food_facts_product_metadata,Open Food Facts static bulk TSV,en.openfoodfacts.org.products.csv.gz,product_metadata,,[],[],[],[],pass,[]
web2000-0068,00000086,open_food_facts_product_metadata,Open Food Facts static bulk TSV,en.openfoodfacts.org.products.csv.gz,product_metadata,,[],[],[],[],pass,[]
web2000-0069,00000087,open_food_facts_product_metadata,Open Food Facts static bulk TSV,en.openfoodfacts.org.products.csv.gz,product_metadata,,[],[],[],[],pass,[]
web2000-0070,00000088,open_food_facts_product_metadata,Open Food Facts static bulk TSV,en.openfoodfacts.org.products.csv.gz,product_metadata,,[],[],[],[],pass,[]
web2000-0071,00000090,open_food_facts_product_metadata,Open Food Facts static bulk TSV,en.openfoodfacts.org.products.csv.gz,product_metadata,,[],[],[],[],pass,[]
web2000-0072,00000093,open_food_facts_product_metadata,Open Food Facts static bulk TSV,en.openfoodfacts.org.products.csv.gz,product_metadata,,[],[],[],[],pass,[]
web2000-0073,00000095,open_food_facts_product_metadata,Open Food Facts static bulk TSV,en.openfoodfacts.org.products.csv.gz,product_metadata,,[],[],[],[],pass,[]
web2000-0074,00000096,open_food_facts_product_metadata,Open Food Facts static bulk TSV,en.openfoodfacts.org.products.csv.gz,product_metadata,,[],[],[],[],pass,[]
web2000-0075,00000097,open_food_facts_product_metadata,Open Food Facts static bulk TSV,en.openfoodfacts.org.products.csv.gz,product_metadata,,[],[],[],[],pass,[]
web2000-0076,00000099,open_food_facts_product_metadata,Open Food Facts static bulk TSV,en.openfoodfacts.org.products.csv.gz,product_metadata,,[],[],[],[],pass,[]
web2000-0077,00000101,open_food_facts_product_metadata,Open Food Facts static bulk TSV,en.openfoodfacts.org.products.csv.gz,product_metadata,,[],[],[],[],pass,[]
web2000-0078,00000102,open_food_facts_product_metadata,Open Food Facts static bulk TSV,en.openfoodfacts.org.products.csv.gz,product_metadata,,[],[],[],[],pass,[]
web2000-0079,00000103,open_food_facts_product_metadata,Open Food Facts static bulk TSV,en.openfoodfacts.org.products.csv.gz,product_metadata,,[],[],[],[],pass,[]
web2000-0080,00000104,open_food_facts_product_metadata,Open Food Facts static bulk TSV,en.openfoodfacts.org.products.csv.gz,product_metadata,,[],[],[],[],pass,[]
web2000-0081,00000106,open_food_facts_product_metadata,Open Food Facts static bulk TSV,en.openfoodfacts.org.products.csv.gz,product_metadata,,[],[],[],[],pass,[]
web2000-0082,00000107,open_food_facts_product_metadata,Open Food Facts static bulk TSV,en.openfoodfacts.org.products.csv.gz,product_metadata,,[],[],[],[],pass,[]
web2000-0083,00000108,open_food_facts_product_metadata,Open Food Facts static bulk TSV,en.openfoodfacts.org.products.csv.gz,product_metadata,,[],[],[],[],pass,[]
web2000-0084,00000109,open_food_facts_product_metadata,Open Food Facts static bulk TSV,en.openfoodfacts.org.products.csv.gz,product_metadata,,[],[],[],[],pass,[]
web2000-0085,00000111,open_food_facts_product_metadata,Open Food Facts static bulk TSV,en.openfoodfacts.org.products.csv.gz,product_metadata,,[],[],[],[],pass,[]
web2000-0086,00000112,open_food_facts_product_metadata,Open Food Facts static bulk TSV,en.openfoodfacts.org.products.csv.gz,product_metadata,,[],[],[],[],pass,[]
web2000-0087,00000113,open_food_facts_product_metadata,Open Food Facts static bulk TSV,en.openfoodfacts.org.products.csv.gz,product_metadata,,[],[],[],[],pass,[]
web2000-0088,00000115,open_food_facts_product_metadata,Open Food Facts static bulk TSV,en.openfoodfacts.org.products.csv.gz,product_metadata,,[],[],[],[],pass,[]
web2000-0089,00000116,open_food_facts_product_metadata,Open Food Facts static bulk TSV,en.openfoodfacts.org.products.csv.gz,product_metadata,,[],[],[],[],pass,[]
web2000-0090,00000117,open_food_facts_product_metadata,Open Food Facts static bulk TSV,en.openfoodfacts.org.products.csv.gz,product_metadata,,[],[],[],[],pass,[]
web2000-0091,00000118,open_food_facts_product_metadata,Open Food Facts static bulk TSV,en.openfoodfacts.org.products.csv.gz,product_metadata,,[],[],[],[],pass,[]
web2000-0092,00000119,open_food_facts_product_metadata,Open Food Facts static bulk TSV,en.openfoodfacts.org.products.csv.gz,product_metadata,,[],[],[],[],pass,[]
web2000-0093,00000120,open_food_facts_product_metadata,Open Food Facts static bulk TSV,en.openfoodfacts.org.products.csv.gz,product_metadata,,[],[],[],[],pass,[]
web2000-0094,00000121,open_food_facts_product_metadata,Open Food Facts static bulk TSV,en.openfoodfacts.org.products.csv.gz,product_metadata,,[],[],[],[],pass,[]
web2000-0095,00000122,open_food_facts_product_metadata,Open Food Facts static bulk TSV,en.openfoodfacts.org.products.csv.gz,product_metadata,,[],[],[],[],pass,[]
web2000-0096,00000123,open_food_facts_product_metadata,Open Food Facts static bulk TSV,en.openfoodfacts.org.products.csv.gz,product_metadata,,[],[],[],[],pass,[]
web2000-0097,00000124,open_food_facts_product_metadata,Open Food Facts static bulk TSV,en.openfoodfacts.org.products.csv.gz,product_metadata,,[],[],[],[],pass,[]
web2000-0098,00000125,open_food_facts_product_metadata,Open Food Facts static bulk TSV,en.openfoodfacts.org.products.csv.gz,product_metadata,,[],[],[],[],pass,[]
web2000-0099,00000126,open_food_facts_product_metadata,Open Food Facts static bulk TSV,en.openfoodfacts.org.products.csv.gz,product_metadata,,[],[],[],[],pass,[]
web2000-0100,00000127,open_food_facts_product_metadata,Open Food Facts static bulk TSV,en.openfoodfacts.org.products.csv.gz,product_metadata,,[],[],[],[],pass,[]
web2000-0101,00000128,open_food_facts_product_metadata,Open Food Facts static bulk TSV,en.openfoodfacts.org.products.csv.gz,product_metadata,,[],[],[],[],pass,[]
web2000-0102,00000129,open_food_facts_product_metadata,Open Food Facts static bulk TSV,en.openfoodfacts.org.products.csv.gz,product_metadata,,[],[],[],[],pass,[]
web2000-0103,00000130,open_food_facts_product_metadata,Open Food Facts static bulk TSV,en.openfoodfacts.org.products.csv.gz,product_metadata,,[],[],[],[],pass,[]
web2000-0104,00000131,open_food_facts_product_metadata,Open Food Facts static bulk TSV,en.openfoodfacts.org.products.csv.gz,product_metadata,,[],[],[],[],pass,[]
web2000-0105,00000133,open_food_facts_product_metadata,Open Food Facts static bulk TSV,en.openfoodfacts.org.products.csv.gz,product_metadata,,[],[],[],[],pass,[]
web2000-0106,00000134,open_food_facts_product_metadata,Open Food Facts static bulk TSV,en.openfoodfacts.org.products.csv.gz,product_metadata,,[],[],[],[],pass,[]
web2000-0107,00000135,open_food_facts_product_metadata,Open Food Facts static bulk TSV,en.openfoodfacts.org.products.csv.gz,product_metadata,,[],[],[],[],pass,[]
web2000-0108,00000136,open_food_facts_product_metadata,Open Food Facts static bulk TSV,en.openfoodfacts.org.products.csv.gz,product_metadata,,[],[],[],[],pass,[]
web2000-0109,00000137,open_food_facts_product_metadata,Open Food Facts static bulk TSV,en.openfoodfacts.org.products.csv.gz,product_metadata,,[],[],[],[],pass,[]
web2000-0110,00000139,open_food_facts_product_metadata,Open Food Facts static bulk TSV,en.openfoodfacts.org.products.csv.gz,product_metadata,,[],[],[],[],pass,[]
web2000-0111,00000140,open_food_facts_product_metadata,Open Food Facts static bulk TSV,en.openfoodfacts.org.products.csv.gz,product_metadata,,[],[],[],[],pass,[]
web2000-0112,00000141,open_food_facts_product_metadata,Open Food Facts static bulk TSV,en.openfoodfacts.org.products.csv.gz,product_metadata,,[],[],[],[],pass,[]
web2000-0113,00000142,open_food_facts_product_metadata,Open Food Facts static bulk TSV,en.openfoodfacts.org.products.csv.gz,product_metadata,,[],[],[],[],pass,[]
web2000-0114,00000143,open_food_facts_product_metadata,Open Food Facts static bulk TSV,en.openfoodfacts.org.products.csv.gz,product_metadata,,[],[],[],[],pass,[]
web2000-0115,00000144,open_food_facts_product_metadata,Open Food Facts static bulk TSV,en.openfoodfacts.org.products.csv.gz,product_metadata,,[],[],[],[],pass,[]
web2000-0116,00000145,open_food_facts_product_metadata,Open Food Facts static bulk TSV,en.openfoodfacts.org.products.csv.gz,product_metadata,,[],[],[],[],pass,[]
web2000-0117,00000146,open_food_facts_product_metadata,Open Food Facts static bulk TSV,en.openfoodfacts.org.products.csv.gz,product_metadata,,[],[],[],[],pass,[]
web2000-0118,00000147,open_food_facts_product_metadata,Open Food Facts static bulk TSV,en.openfoodfacts.org.products.csv.gz,product_metadata,,[],[],[],[],pass,[]
web2000-0119,00000148,open_food_facts_product_metadata,Open Food Facts static bulk TSV,en.openfoodfacts.org.products.csv.gz,product_metadata,,[],[],[],[],pass,[]
web2000-0120,00000149,open_food_facts_product_metadata,Open Food Facts static bulk TSV,en.openfoodfacts.org.products.csv.gz,product_metadata,,[],[],[],[],pass,[]
web2000-0121,00000150,open_food_facts_product_metadata,Open Food Facts static bulk TSV,en.openfoodfacts.org.products.csv.gz,product_metadata,,[],[],[],[],pass,[]
web2000-0122,00000151,open_food_facts_product_metadata,Open Food Facts static bulk TSV,en.openfoodfacts.org.products.csv.gz,product_metadata,,[],[],[],[],pass,[]
web2000-0123,00000152,open_food_facts_product_metadata,Open Food Facts static bulk TSV,en.openfoodfacts.org.products.csv.gz,product_metadata,,[],[],[],[],pass,[]
web2000-0124,00000153,open_food_facts_product_metadata,Open Food Facts static bulk TSV,en.openfoodfacts.org.products.csv.gz,product_metadata,,[],[],[],[],pass,[]
web2000-0125,00000154,open_food_facts_product_metadata,Open Food Facts static bulk TSV,en.openfoodfacts.org.products.csv.gz,product_metadata,,[],[],[],[],pass,[]
web2000-0126,00000155,open_food_facts_product_metadata,Open Food Facts static bulk TSV,en.openfoodfacts.org.products.csv.gz,product_metadata,,[],[],[],[],pass,[]
web2000-0127,00000156,open_food_facts_product_metadata,Open Food Facts static bulk TSV,en.openfoodfacts.org.products.csv.gz,product_metadata,,[],[],[],[],pass,[]
web2000-0128,00000157,open_food_facts_product_metadata,Open Food Facts static bulk TSV,en.openfoodfacts.org.products.csv.gz,product_metadata,,[],[],[],[],pass,[]
web2000-0129,00000160,open_food_facts_product_metadata,Open Food Facts static bulk TSV,en.openfoodfacts.org.products.csv.gz,product_metadata,,[],[],[],[],pass,[]
web2000-0130,00000161,open_food_facts_product_metadata,Open Food Facts static bulk TSV,en.openfoodfacts.org.products.csv.gz,product_metadata,,[],[],[],[],pass,[]
web2000-0131,00000165,open_food_facts_product_metadata,Open Food Facts static bulk TSV,en.openfoodfacts.org.products.csv.gz,product_metadata,,[],[],[],[],pass,[]
web2000-0132,00000166,open_food_facts_product_metadata,Open Food Facts static bulk TSV,en.openfoodfacts.org.products.csv.gz,product_metadata,,[],[],[],[],pass,[]
web2000-0133,00000167,open_food_facts_product_metadata,Open Food Facts static bulk TSV,en.openfoodfacts.org.products.csv.gz,product_metadata,,[],[],[],[],pass,[]
web2000-0134,00000169,open_food_facts_product_metadata,Open Food Facts static bulk TSV,en.openfoodfacts.org.products.csv.gz,product_metadata,,[],[],[],[],pass,[]
web2000-0135,00000170,open_food_facts_product_metadata,Open Food Facts static bulk TSV,en.openfoodfacts.org.products.csv.gz,product_metadata,,[],[],[],[],pass,[]
web2000-0136,00000171,open_food_facts_product_metadata,Open Food Facts static bulk TSV,en.openfoodfacts.org.products.csv.gz,product_metadata,,[],[],[],[],pass,[]
web2000-0137,00000172,open_food_facts_product_metadata,Open Food Facts static bulk TSV,en.openfoodfacts.org.products.csv.gz,product_metadata,,[],[],[],[],pass,[]
web2000-0138,00000173,open_food_facts_product_metadata,Open Food Facts static bulk TSV,en.openfoodfacts.org.products.csv.gz,product_metadata,,[],[],[],[],pass,[]
web2000-0139,00000175,open_food_facts_product_metadata,Open Food Facts static bulk TSV,en.openfoodfacts.org.products.csv.gz,product_metadata,,[],[],[],[],pass,[]
web2000-0140,00000176,open_food_facts_product_metadata,Open Food Facts static bulk TSV,en.openfoodfacts.org.products.csv.gz,product_metadata,,[],[],[],[],pass,[]
web2000-0141,00000177,open_food_facts_product_metadata,Open Food Facts static bulk TSV,en.openfoodfacts.org.products.csv.gz,product_metadata,,[],[],[],[],pass,[]
web2000-0142,00000178,open_food_facts_product_metadata,Open Food Facts static bulk TSV,en.openfoodfacts.org.products.csv.gz,product_metadata,,[],[],[],[],pass,[]
web2000-0143,00000179,open_food_facts_product_metadata,Open Food Facts static bulk TSV,en.openfoodfacts.org.products.csv.gz,product_metadata,,[],[],[],[],pass,[]
web2000-0144,00000180,open_food_facts_product_metadata,Open Food Facts static bulk TSV,en.openfoodfacts.org.products.csv.gz,product_metadata,,[],[],[],[],pass,[]
web2000-0145,00000181,open_food_facts_product_metadata,Open Food Facts static bulk TSV,en.openfoodfacts.org.products.csv.gz,product_metadata,,[],[],[],[],pass,[]
web2000-0146,00000182,open_food_facts_product_metadata,Open Food Facts static bulk TSV,en.openfoodfacts.org.products.csv.gz,product_metadata,,[],[],[],[],pass,[]
web2000-0147,00000183,open_food_facts_product_metadata,Open Food Facts static bulk TSV,en.openfoodfacts.org.products.csv.gz,product_metadata,,[],[],[],[],pass,[]
web2000-0148,00000184,open_food_facts_product_metadata,Open Food Facts static bulk TSV,en.openfoodfacts.org.products.csv.gz,product_metadata,,[],[],[],[],pass,[]
web2000-0149,00000186,open_food_facts_product_metadata,Open Food Facts static bulk TSV,en.openfoodfacts.org.products.csv.gz,product_metadata,,[],[],[],[],pass,[]
web2000-0150,00000187,open_food_facts_product_metadata,Open Food Facts static bulk TSV,en.openfoodfacts.org.products.csv.gz,product_metadata,,[],[],[],[],pass,[]
web2000-0151,00000188,open_food_facts_product_metadata,Open Food Facts static bulk TSV,en.openfoodfacts.org.products.csv.gz,product_metadata,,[],[],[],[],pass,[]
web2000-0152,00000189,open_food_facts_product_metadata,Open Food Facts static bulk TSV,en.openfoodfacts.org.products.csv.gz,product_metadata,,[],[],[],[],pass,[]
web2000-0153,00000190,open_food_facts_product_metadata,Open Food Facts static bulk TSV,en.openfoodfacts.org.products.csv.gz,product_metadata,,[],[],[],[],pass,[]
web2000-0154,00000191,open_food_facts_product_metadata,Open Food Facts static bulk TSV,en.openfoodfacts.org.products.csv.gz,product_metadata,,[],[],[],[],pass,[]
web2000-0155,00000192,open_food_facts_product_metadata,Open Food Facts static bulk TSV,en.openfoodfacts.org.products.csv.gz,product_metadata,,[],[],[],[],pass,[]
web2000-0156,00000193,open_food_facts_product_metadata,Open Food Facts static bulk TSV,en.openfoodfacts.org.products.csv.gz,product_metadata,,[],[],[],[],pass,[]
web2000-0157,00000194,open_food_facts_product_metadata,Open Food Facts static bulk TSV,en.openfoodfacts.org.products.csv.gz,product_metadata,,[],[],[],[],pass,[]
web2000-0158,00000198,open_food_facts_product_metadata,Open Food Facts static bulk TSV,en.openfoodfacts.org.products.csv.gz,product_metadata,,[],[],[],[],pass,[]
web2000-0159,00000199,open_food_facts_product_metadata,Open Food Facts static bulk TSV,en.openfoodfacts.org.products.csv.gz,product_metadata,,[],[],[],[],pass,[]
web2000-0160,00000200,open_food_facts_product_metadata,Open Food Facts static bulk TSV,en.openfoodfacts.org.products.csv.gz,product_metadata,,[],[],[],[],pass,[]
web2000-0161,00000201,open_food_facts_product_metadata,Open Food Facts static bulk TSV,en.openfoodfacts.org.products.csv.gz,product_metadata,,[],[],[],[],pass,[]
web2000-0162,00000202,open_food_facts_product_metadata,Open Food Facts static bulk TSV,en.openfoodfacts.org.products.csv.gz,product_metadata,,[],[],[],[],pass,[]
web2000-0163,00000203,open_food_facts_product_metadata,Open Food Facts static bulk TSV,en.openfoodfacts.org.products.csv.gz,product_metadata,,[],[],[],[],pass,[]
web2000-0164,00000204,open_food_facts_product_metadata,Open Food Facts static bulk TSV,en.openfoodfacts.org.products.csv.gz,product_metadata,,[],[],[],[],pass,[]
web2000-0165,00000205,open_food_facts_product_metadata,Open Food Facts static bulk TSV,en.openfoodfacts.org.products.csv.gz,product_metadata,,[],[],[],[],pass,[]
web2000-0166,00000206,open_food_facts_product_metadata,Open Food Facts static bulk TSV,en.openfoodfacts.org.products.csv.gz,product_metadata,,[],[],[],[],pass,[]
web2000-0167,00000207,open_food_facts_product_metadata,Open Food Facts static bulk TSV,en.openfoodfacts.org.products.csv.gz,product_metadata,,[],[],[],[],pass,[]
web2000-0168,00000208,open_food_facts_product_metadata,Open Food Facts static bulk TSV,en.openfoodfacts.org.products.csv.gz,product_metadata,,[],[],[],[],pass,[]
web2000-0169,00000209,open_food_facts_product_metadata,Open Food Facts static bulk TSV,en.openfoodfacts.org.products.csv.gz,product_metadata,,[],[],[],[],pass,[]
web2000-0170,00000210,open_food_facts_product_metadata,Open Food Facts static bulk TSV,en.openfoodfacts.org.products.csv.gz,product_metadata,,[],[],[],[],pass,[]
web2000-0171,00000212,open_food_facts_product_metadata,Open Food Facts static bulk TSV,en.openfoodfacts.org.products.csv.gz,product_metadata,,[],[],[],[],pass,[]
web2000-0172,00000213,open_food_facts_product_metadata,Open Food Facts static bulk TSV,en.openfoodfacts.org.products.csv.gz,product_metadata,,[],[],[],[],pass,[]
web2000-0173,00000214,open_food_facts_product_metadata,Open Food Facts static bulk TSV,en.openfoodfacts.org.products.csv.gz,product_metadata,,[],[],[],[],pass,[]
web2000-0174,00000215,open_food_facts_product_metadata,Open Food Facts static bulk TSV,en.openfoodfacts.org.products.csv.gz,product_metadata,,[],[],[],[],pass,[]
web2000-0175,00000217,open_food_facts_product_metadata,Open Food Facts static bulk TSV,en.openfoodfacts.org.products.csv.gz,product_metadata,,[],[],[],[],pass,[]
web2000-0176,00000219,open_food_facts_product_metadata,Open Food Facts static bulk TSV,en.openfoodfacts.org.products.csv.gz,product_metadata,,[],[],[],[],pass,[]
web2000-0177,00000220,open_food_facts_product_metadata,Open Food Facts static bulk TSV,en.openfoodfacts.org.products.csv.gz,product_metadata,,[],[],[],[],pass,[]
web2000-0178,00000221,open_food_facts_product_metadata,Open Food Facts static bulk TSV,en.openfoodfacts.org.products.csv.gz,product_metadata,,[],[],[],[],pass,[]
web2000-0179,00000222,open_food_facts_product_metadata,Open Food Facts static bulk TSV,en.openfoodfacts.org.products.csv.gz,product_metadata,,[],[],[],[],pass,[]
web2000-0180,00000223,open_food_facts_product_metadata,Open Food Facts static bulk TSV,en.openfoodfacts.org.products.csv.gz,product_metadata,,[],[],[],[],pass,[]
web2000-0181,00000224,open_food_facts_product_metadata,Open Food Facts static bulk TSV,en.openfoodfacts.org.products.csv.gz,product_metadata,,[],[],[],[],pass,[]
web2000-0182,00000225,open_food_facts_product_metadata,Open Food Facts static bulk TSV,en.openfoodfacts.org.products.csv.gz,product_metadata,,[],[],[],[],pass,[]
web2000-0183,00000226,open_food_facts_product_metadata,Open Food Facts static bulk TSV,en.openfoodfacts.org.products.csv.gz,product_metadata,,[],[],[],[],pass,[]
web2000-0184,00000227,open_food_facts_product_metadata,Open Food Facts static bulk TSV,en.openfoodfacts.org.products.csv.gz,product_metadata,,[],[],[],[],pass,[]
web2000-0185,00000229,open_food_facts_product_metadata,Open Food Facts static bulk TSV,en.openfoodfacts.org.products.csv.gz,product_metadata,,[],[],[],[],pass,[]
web2000-0186,00000230,open_food_facts_product_metadata,Open Food Facts static bulk TSV,en.openfoodfacts.org.products.csv.gz,product_metadata,,[],[],[],[],pass,[]
web2000-0187,00000231,open_food_facts_product_metadata,Open Food Facts static bulk TSV,en.openfoodfacts.org.products.csv.gz,product_metadata,,[],[],[],[],pass,[]
web2000-0188,00000232,open_food_facts_product_metadata,Open Food Facts static bulk TSV,en.openfoodfacts.org.products.csv.gz,product_metadata,,[],[],[],[],pass,[]
web2000-0189,00000233,open_food_facts_product_metadata,Open Food Facts static bulk TSV,en.openfoodfacts.org.products.csv.gz,product_metadata,,[],[],[],[],pass,[]
web2000-0190,00000235,open_food_facts_product_metadata,Open Food Facts static bulk TSV,en.openfoodfacts.org.products.csv.gz,product_metadata,,[],[],[],[],pass,[]
web2000-0191,00000236,open_food_facts_product_metadata,Open Food Facts static bulk TSV,en.openfoodfacts.org.products.csv.gz,product_metadata,,[],[],[],[],pass,[]
web2000-0192,00000237,open_food_facts_product_metadata,Open Food Facts static bulk TSV,en.openfoodfacts.org.products.csv.gz,product_metadata,,[],[],[],[],pass,[]
web2000-0193,00000238,open_food_facts_product_metadata,Open Food Facts static bulk TSV,en.openfoodfacts.org.products.csv.gz,product_metadata,,[],[],[],[],pass,[]
web2000-0194,00000239,open_food_facts_product_metadata,Open Food Facts static bulk TSV,en.openfoodfacts.org.products.csv.gz,product_metadata,,[],[],[],[],pass,[]
web2000-0195,00000240,open_food_facts_product_metadata,Open Food Facts static bulk TSV,en.openfoodfacts.org.products.csv.gz,product_metadata,,[],[],[],[],pass,[]
web2000-0196,00000242,open_food_facts_product_metadata,Open Food Facts static bulk TSV,en.openfoodfacts.org.products.csv.gz,product_metadata,,[],[],[],[],pass,[]
web2000-0197,00000244,open_food_facts_product_metadata,Open Food Facts static bulk TSV,en.openfoodfacts.org.products.csv.gz,product_metadata,,[],[],[],[],pass,[]
web2000-0198,00000245,open_food_facts_product_metadata,Open Food Facts static bulk TSV,en.openfoodfacts.org.products.csv.gz,product_metadata,,[],[],[],[],pass,[]
web2000-0199,00000246,open_food_facts_product_metadata,Open Food Facts static bulk TSV,en.openfoodfacts.org.products.csv.gz,product_metadata,,[],[],[],[],pass,[]
web2000-0200,00000247,open_food_facts_product_metadata,Open Food Facts static bulk TSV,en.openfoodfacts.org.products.csv.gz,product_metadata,,[],[],[],[],pass,[]
web2000-0201,00000249,open_food_facts_product_metadata,Open Food Facts static bulk TSV,en.openfoodfacts.org.products.csv.gz,product_metadata,,[],[],[],[],pass,[]
web2000-0202,00000250,open_food_facts_product_metadata,Open Food Facts static bulk TSV,en.openfoodfacts.org.products.csv.gz,product_metadata,,[],[],[],[],pass,[]
web2000-0203,00000251,open_food_facts_product_metadata,Open Food Facts static bulk TSV,en.openfoodfacts.org.products.csv.gz,product_metadata,,[],[],[],[],pass,[]
web2000-0204,00000252,open_food_facts_product_metadata,Open Food Facts static bulk TSV,en.openfoodfacts.org.products.csv.gz,product_metadata,,[],[],[],[],pass,[]
web2000-0205,00000253,open_food_facts_product_metadata,Open Food Facts static bulk TSV,en.openfoodfacts.org.products.csv.gz,product_metadata,,[],[],[],[],pass,[]
web2000-0206,00000254,open_food_facts_product_metadata,Open Food Facts static bulk TSV,en.openfoodfacts.org.products.csv.gz,product_metadata,,[],[],[],[],pass,[]
web2000-0207,00000255,open_food_facts_product_metadata,Open Food Facts static bulk TSV,en.openfoodfacts.org.products.csv.gz,product_metadata,,[],[],[],[],pass,[]
web2000-0208,00000258,open_food_facts_product_metadata,Open Food Facts static bulk TSV,en.openfoodfacts.org.products.csv.gz,product_metadata,,[],[],[],[],pass,[]
web2000-0209,00000259,open_food_facts_product_metadata,Open Food Facts static bulk TSV,en.openfoodfacts.org.products.csv.gz,product_metadata,,[],[],[],[],pass,[]
web2000-0210,00000260,open_food_facts_product_metadata,Open Food Facts static bulk TSV,en.openfoodfacts.org.products.csv.gz,product_metadata,,[],[],[],[],pass,[]
web2000-0211,00000261,open_food_facts_product_metadata,Open Food Facts static bulk TSV,en.openfoodfacts.org.products.csv.gz,product_metadata,,[],[],[],[],pass,[]
web2000-0212,00000262,open_food_facts_product_metadata,Open Food Facts static bulk TSV,en.openfoodfacts.org.products.csv.gz,product_metadata,,[],[],[],[],pass,[]
web2000-0213,00000263,open_food_facts_product_metadata,Open Food Facts static bulk TSV,en.openfoodfacts.org.products.csv.gz,product_metadata,,[],[],[],[],pass,[]
web2000-0214,00000264,open_food_facts_product_metadata,Open Food Facts static bulk TSV,en.openfoodfacts.org.products.csv.gz,product_metadata,,[],[],[],[],pass,[]
web2000-0215,00000268,open_food_facts_product_metadata,Open Food Facts static bulk TSV,en.openfoodfacts.org.products.csv.gz,product_metadata,,[],[],[],[],pass,[]
web2000-0216,00000269,open_food_facts_product_metadata,Open Food Facts static bulk TSV,en.openfoodfacts.org.products.csv.gz,product_metadata,,[],[],[],[],pass,[]
web2000-0217,00000270,open_food_facts_product_metadata,Open Food Facts static bulk TSV,en.openfoodfacts.org.products.csv.gz,product_metadata,,[],[],[],[],pass,[]
web2000-0218,00000271,open_food_facts_product_metadata,Open Food Facts static bulk TSV,en.openfoodfacts.org.products.csv.gz,product_metadata,,[],[],[],[],pass,[]
web2000-0219,00000272,open_food_facts_product_metadata,Open Food Facts static bulk TSV,en.openfoodfacts.org.products.csv.gz,product_metadata,,[],[],[],[],pass,[]
web2000-0220,00000273,open_food_facts_product_metadata,Open Food Facts static bulk TSV,en.openfoodfacts.org.products.csv.gz,product_metadata,,[],[],[],[],pass,[]
web2000-0221,00000274,open_food_facts_product_metadata,Open Food Facts static bulk TSV,en.openfoodfacts.org.products.csv.gz,product_metadata,,[],[],[],[],pass,[]
web2000-0222,00000275,open_food_facts_product_metadata,Open Food Facts static bulk TSV,en.openfoodfacts.org.products.csv.gz,product_metadata,,[],[],[],[],pass,[]
web2000-0223,00000276,open_food_facts_product_metadata,Open Food Facts static bulk TSV,en.openfoodfacts.org.products.csv.gz,product_metadata,,[],[],[],[],pass,[]
web2000-0224,00000277,open_food_facts_product_metadata,Open Food Facts static bulk TSV,en.openfoodfacts.org.products.csv.gz,product_metadata,,[],[],[],[],pass,[]
web2000-0225,00000279,open_food_facts_product_metadata,Open Food Facts static bulk TSV,en.openfoodfacts.org.products.csv.gz,product_metadata,,[],[],[],[],pass,[]
web2000-0226,00000281,open_food_facts_product_metadata,Open Food Facts static bulk TSV,en.openfoodfacts.org.products.csv.gz,product_metadata,,[],[],[],[],pass,[]
web2000-0227,00000283,open_food_facts_product_metadata,Open Food Facts static bulk TSV,en.openfoodfacts.org.products.csv.gz,product_metadata,,[],[],[],[],pass,[]
web2000-0228,00000284,open_food_facts_product_metadata,Open Food Facts static bulk TSV,en.openfoodfacts.org.products.csv.gz,product_metadata,,[],[],[],[],pass,[]
web2000-0229,00000286,open_food_facts_product_metadata,Open Food Facts static bulk TSV,en.openfoodfacts.org.products.csv.gz,product_metadata,,[],[],[],[],pass,[]
web2000-0230,00000288,open_food_facts_product_metadata,Open Food Facts static bulk TSV,en.openfoodfacts.org.products.csv.gz,product_metadata,,[],[],[],[],pass,[]
web2000-0231,00000289,open_food_facts_product_metadata,Open Food Facts static bulk TSV,en.openfoodfacts.org.products.csv.gz,product_metadata,,[],[],[],[],pass,[]
web2000-0232,00000290,open_food_facts_product_metadata,Open Food Facts static bulk TSV,en.openfoodfacts.org.products.csv.gz,product_metadata,,[],[],[],[],pass,[]
web2000-0233,00000291,open_food_facts_product_metadata,Open Food Facts static bulk TSV,en.openfoodfacts.org.products.csv.gz,product_metadata,,[],[],[],[],pass,[]
web2000-0234,00000292,open_food_facts_product_metadata,Open Food Facts static bulk TSV,en.openfoodfacts.org.products.csv.gz,product_metadata,,[],[],[],[],pass,[]
web2000-0235,00000293,open_food_facts_product_metadata,Open Food Facts static bulk TSV,en.openfoodfacts.org.products.csv.gz,product_metadata,,[],[],[],[],pass,[]
web2000-0236,00000294,open_food_facts_product_metadata,Open Food Facts static bulk TSV,en.openfoodfacts.org.products.csv.gz,product_metadata,,[],[],[],[],pass,[]
web2000-0237,00000295,open_food_facts_product_metadata,Open Food Facts static bulk TSV,en.openfoodfacts.org.products.csv.gz,product_metadata,,[],[],[],[],pass,[]
web2000-0238,00000296,open_food_facts_product_metadata,Open Food Facts static bulk TSV,en.openfoodfacts.org.products.csv.gz,product_metadata,,[],[],[],[],pass,[]
web2000-0239,00000298,open_food_facts_product_metadata,Open Food Facts static bulk TSV,en.openfoodfacts.org.products.csv.gz,product_metadata,,[],[],[],[],pass,[]
web2000-0240,00000300,open_food_facts_product_metadata,Open Food Facts static bulk TSV,en.openfoodfacts.org.products.csv.gz,product_metadata,,[],[],[],[],pass,[]
web2000-0241,00000302,open_food_facts_product_metadata,Open Food Facts static bulk TSV,en.openfoodfacts.org.products.csv.gz,product_metadata,,[],[],[],[],pass,[]
web2000-0242,00000303,open_food_facts_product_metadata,Open Food Facts static bulk TSV,en.openfoodfacts.org.products.csv.gz,product_metadata,,[],[],[],[],pass,[]
web2000-0243,00000304,open_food_facts_product_metadata,Open Food Facts static bulk TSV,en.openfoodfacts.org.products.csv.gz,product_metadata,,[],[],[],[],pass,[]
web2000-0244,00000305,open_food_facts_product_metadata,Open Food Facts static bulk TSV,en.openfoodfacts.org.products.csv.gz,product_metadata,,[],[],[],[],pass,[]
web2000-0245,00000306,open_food_facts_product_metadata,Open Food Facts static bulk TSV,en.openfoodfacts.org.products.csv.gz,product_metadata,,[],[],[],[],pass,[]
web2000-0246,00000307,open_food_facts_product_metadata,Open Food Facts static bulk TSV,en.openfoodfacts.org.products.csv.gz,product_metadata,,[],[],[],[],pass,[]
web2000-0247,00000309,open_food_facts_product_metadata,Open Food Facts static bulk TSV,en.openfoodfacts.org.products.csv.gz,product_metadata,,[],[],[],[],pass,[]
web2000-0248,00000310,open_food_facts_product_metadata,Open Food Facts static bulk TSV,en.openfoodfacts.org.products.csv.gz,product_metadata,,[],[],[],[],pass,[]
web2000-0249,00000312,open_food_facts_product_metadata,Open Food Facts static bulk TSV,en.openfoodfacts.org.products.csv.gz,product_metadata,,[],[],[],[],pass,[]
web2000-0250,00000313,open_food_facts_product_metadata,Open Food Facts static bulk TSV,en.openfoodfacts.org.products.csv.gz,product_metadata,,[],[],[],[],pass,[]
web2000-0251,00000314,open_food_facts_product_metadata,Open Food Facts static bulk TSV,en.openfoodfacts.org.products.csv.gz,product_metadata,,[],[],[],[],pass,[]
web2000-0252,00000317,open_food_facts_product_metadata,Open Food Facts static bulk TSV,en.openfoodfacts.org.products.csv.gz,product_metadata,,[],[],[],[],pass,[]
web2000-0253,00000321,open_food_facts_product_metadata,Open Food Facts static bulk TSV,en.openfoodfacts.org.products.csv.gz,product_metadata,,[],[],[],[],pass,[]
web2000-0254,00000324,open_food_facts_product_metadata,Open Food Facts static bulk TSV,en.openfoodfacts.org.products.csv.gz,product_metadata,,[],[],[],[],pass,[]
web2000-0255,00000325,open_food_facts_product_metadata,Open Food Facts static bulk TSV,en.openfoodfacts.org.products.csv.gz,product_metadata,,[],[],[],[],pass,[]
web2000-0256,00000326,open_food_facts_product_metadata,Open Food Facts static bulk TSV,en.openfoodfacts.org.products.csv.gz,product_metadata,,[],[],[],[],pass,[]
web2000-0257,00000328,open_food_facts_product_metadata,Open Food Facts static bulk TSV,en.openfoodfacts.org.products.csv.gz,product_metadata,,[],[],[],[],pass,[]
web2000-0258,00000329,open_food_facts_product_metadata,Open Food Facts static bulk TSV,en.openfoodfacts.org.products.csv.gz,product_metadata,,[],[],[],[],pass,[]
web2000-0259,00000331,open_food_facts_product_metadata,Open Food Facts static bulk TSV,en.openfoodfacts.org.products.csv.gz,product_metadata,,[],[],[],[],pass,[]
web2000-0260,00000332,open_food_facts_product_metadata,Open Food Facts static bulk TSV,en.openfoodfacts.org.products.csv.gz,product_metadata,,[],[],[],[],pass,[]
web2000-0261,00000333,open_food_facts_product_metadata,Open Food Facts static bulk TSV,en.openfoodfacts.org.products.csv.gz,product_metadata,,[],[],[],[],pass,[]
web2000-0262,00000336,open_food_facts_product_metadata,Open Food Facts static bulk TSV,en.openfoodfacts.org.products.csv.gz,product_metadata,,[],[],[],[],pass,[]
web2000-0263,00000337,open_food_facts_product_metadata,Open Food Facts static bulk TSV,en.openfoodfacts.org.products.csv.gz,product_metadata,,[],[],[],[],pass,[]
web2000-0264,00000340,open_food_facts_product_metadata,Open Food Facts static bulk TSV,en.openfoodfacts.org.products.csv.gz,product_metadata,,[],[],[],[],pass,[]
web2000-0265,00000341,open_food_facts_product_metadata,Open Food Facts static bulk TSV,en.openfoodfacts.org.products.csv.gz,product_metadata,,[],[],[],[],pass,[]
web2000-0266,00000342,open_food_facts_product_metadata,Open Food Facts static bulk TSV,en.openfoodfacts.org.products.csv.gz,product_metadata,,[],[],[],[],pass,[]
web2000-0267,00000343,open_food_facts_product_metadata,Open Food Facts static bulk TSV,en.openfoodfacts.org.products.csv.gz,product_metadata,,[],[],[],[],pass,[]
web2000-0268,00000345,open_food_facts_product_metadata,Open Food Facts static bulk TSV,en.openfoodfacts.org.products.csv.gz,product_metadata,,[],[],[],[],pass,[]
web2000-0269,00000346,open_food_facts_product_metadata,Open Food Facts static bulk TSV,en.openfoodfacts.org.products.csv.gz,product_metadata,,[],[],[],[],pass,[]
web2000-0270,00000348,open_food_facts_product_metadata,Open Food Facts static bulk TSV,en.openfoodfacts.org.products.csv.gz,product_metadata,,[],[],[],[],pass,[]
web2000-0271,00000351,open_food_facts_product_metadata,Open Food Facts static bulk TSV,en.openfoodfacts.org.products.csv.gz,product_metadata,,[],[],[],[],pass,[]
web2000-0272,00000352,open_food_facts_product_metadata,Open Food Facts static bulk TSV,en.openfoodfacts.org.products.csv.gz,product_metadata,,[],[],[],[],pass,[]
web2000-0273,00000353,open_food_facts_product_metadata,Open Food Facts static bulk TSV,en.openfoodfacts.org.products.csv.gz,product_metadata,,[],[],[],[],pass,[]
web2000-0274,00000354,open_food_facts_product_metadata,Open Food Facts static bulk TSV,en.openfoodfacts.org.products.csv.gz,product_metadata,,[],[],[],[],pass,[]
web2000-0275,00000355,open_food_facts_product_metadata,Open Food Facts static bulk TSV,en.openfoodfacts.org.products.csv.gz,product_metadata,,[],[],[],[],pass,[]
web2000-0276,00000356,open_food_facts_product_metadata,Open Food Facts static bulk TSV,en.openfoodfacts.org.products.csv.gz,product_metadata,,[],[],[],[],pass,[]
web2000-0277,00000357,open_food_facts_product_metadata,Open Food Facts static bulk TSV,en.openfoodfacts.org.products.csv.gz,product_metadata,,[],[],[],[],pass,[]
web2000-0278,00000359,open_food_facts_product_metadata,Open Food Facts static bulk TSV,en.openfoodfacts.org.products.csv.gz,product_metadata,,[],[],[],[],pass,[]
web2000-0279,00000360,open_food_facts_product_metadata,Open Food Facts static bulk TSV,en.openfoodfacts.org.products.csv.gz,product_metadata,,[],[],[],[],pass,[]
web2000-0280,00000361,open_food_facts_product_metadata,Open Food Facts static bulk TSV,en.openfoodfacts.org.products.csv.gz,product_metadata,,[],[],[],[],pass,[]
web2000-0281,00000362,open_food_facts_product_metadata,Open Food Facts static bulk TSV,en.openfoodfacts.org.products.csv.gz,product_metadata,,[],[],[],[],pass,[]
web2000-0282,00000363,open_food_facts_product_metadata,Open Food Facts static bulk TSV,en.openfoodfacts.org.products.csv.gz,product_metadata,,[],[],[],[],pass,[]
web2000-0283,00000364,open_food_facts_product_metadata,Open Food Facts static bulk TSV,en.openfoodfacts.org.products.csv.gz,product_metadata,,[],[],[],[],pass,[]
web2000-0284,00000365,open_food_facts_product_metadata,Open Food Facts static bulk TSV,en.openfoodfacts.org.products.csv.gz,product_metadata,,[],[],[],[],pass,[]
web2000-0285,00000367,open_food_facts_product_metadata,Open Food Facts static bulk TSV,en.openfoodfacts.org.products.csv.gz,product_metadata,,[],[],[],[],pass,[]
web2000-0286,00000368,open_food_facts_product_metadata,Open Food Facts static bulk TSV,en.openfoodfacts.org.products.csv.gz,product_metadata,,[],[],[],[],pass,[]
web2000-0287,00000369,open_food_facts_product_metadata,Open Food Facts static bulk TSV,en.openfoodfacts.org.products.csv.gz,product_metadata,,[],[],[],[],pass,[]
web2000-0288,00000370,open_food_facts_product_metadata,Open Food Facts static bulk TSV,en.openfoodfacts.org.products.csv.gz,product_metadata,,[],[],[],[],pass,[]
web2000-0289,00000371,open_food_facts_product_metadata,Open Food Facts static bulk TSV,en.openfoodfacts.org.products.csv.gz,product_metadata,,[],[],[],[],pass,[]
web2000-0290,00000372,open_food_facts_product_metadata,Open Food Facts static bulk TSV,en.openfoodfacts.org.products.csv.gz,product_metadata,,[],[],[],[],pass,[]
web2000-0291,00000373,open_food_facts_product_metadata,Open Food Facts static bulk TSV,en.openfoodfacts.org.products.csv.gz,product_metadata,,[],[],[],[],pass,[]
web2000-0292,00000374,open_food_facts_product_metadata,Open Food Facts static bulk TSV,en.openfoodfacts.org.products.csv.gz,product_metadata,,[],[],[],[],pass,[]
web2000-0293,00000375,open_food_facts_product_metadata,Open Food Facts static bulk TSV,en.openfoodfacts.org.products.csv.gz,product_metadata,,[],[],[],[],pass,[]
web2000-0294,00000377,open_food_facts_product_metadata,Open Food Facts static bulk TSV,en.openfoodfacts.org.products.csv.gz,product_metadata,,[],[],[],[],pass,[]
web2000-0295,00000379,open_food_facts_product_metadata,Open Food Facts static bulk TSV,en.openfoodfacts.org.products.csv.gz,product_metadata,,[],[],[],[],pass,[]
web2000-0296,00000383,open_food_facts_product_metadata,Open Food Facts static bulk TSV,en.openfoodfacts.org.products.csv.gz,product_metadata,,[],[],[],[],pass,[]
web2000-0297,00000384,open_food_facts_product_metadata,Open Food Facts static bulk TSV,en.openfoodfacts.org.products.csv.gz,product_metadata,,[],[],[],[],pass,[]
web2000-0298,00000385,open_food_facts_product_metadata,Open Food Facts static bulk TSV,en.openfoodfacts.org.products.csv.gz,product_metadata,,[],[],[],[],pass,[]
web2000-0299,00000387,open_food_facts_product_metadata,Open Food Facts static bulk TSV,en.openfoodfacts.org.products.csv.gz,product_metadata,,[],[],[],[],pass,[]
web2000-0300,00000388,open_food_facts_product_metadata,Open Food Facts static bulk TSV,en.openfoodfacts.org.products.csv.gz,product_metadata,,[],[],[],[],pass,[]
web2000-0301,00000390,open_food_facts_product_metadata,Open Food Facts static bulk TSV,en.openfoodfacts.org.products.csv.gz,product_metadata,,[],[],[],[],pass,[]
web2000-0302,00000391,open_food_facts_product_metadata,Open Food Facts static bulk TSV,en.openfoodfacts.org.products.csv.gz,product_metadata,,[],[],[],[],pass,[]
web2000-0303,00000393,open_food_facts_product_metadata,Open Food Facts static bulk TSV,en.openfoodfacts.org.products.csv.gz,product_metadata,,[],[],[],[],pass,[]
web2000-0304,00000394,open_food_facts_product_metadata,Open Food Facts static bulk TSV,en.openfoodfacts.org.products.csv.gz,product_metadata,,[],[],[],[],pass,[]
web2000-0305,00000395,open_food_facts_product_metadata,Open Food Facts static bulk TSV,en.openfoodfacts.org.products.csv.gz,product_metadata,,[],[],[],[],pass,[]
web2000-0306,00000396,open_food_facts_product_metadata,Open Food Facts static bulk TSV,en.openfoodfacts.org.products.csv.gz,product_metadata,,[],[],[],[],pass,[]
web2000-0307,00000397,open_food_facts_product_metadata,Open Food Facts static bulk TSV,en.openfoodfacts.org.products.csv.gz,product_metadata,,[],[],[],[],pass,[]
web2000-0308,00000399,open_food_facts_product_metadata,Open Food Facts static bulk TSV,en.openfoodfacts.org.products.csv.gz,product_metadata,,[],[],[],[],pass,[]
web2000-0309,00000400,open_food_facts_product_metadata,Open Food Facts static bulk TSV,en.openfoodfacts.org.products.csv.gz,product_metadata,,[],[],[],[],pass,[]
web2000-0310,00000401,open_food_facts_product_metadata,Open Food Facts static bulk TSV,en.openfoodfacts.org.products.csv.gz,product_metadata,,[],[],[],[],pass,[]
web2000-0311,00000402,open_food_facts_product_metadata,Open Food Facts static bulk TSV,en.openfoodfacts.org.products.csv.gz,product_metadata,,[],[],[],[],pass,[]
web2000-0312,00000403,open_food_facts_product_metadata,Open Food Facts static bulk TSV,en.openfoodfacts.org.products.csv.gz,product_metadata,,[],[],[],[],pass,[]
web2000-0313,00000404,open_food_facts_product_metadata,Open Food Facts static bulk TSV,en.openfoodfacts.org.products.csv.gz,product_metadata,,[],[],[],[],pass,[]
web2000-0314,00000406,open_food_facts_product_metadata,Open Food Facts static bulk TSV,en.openfoodfacts.org.products.csv.gz,product_metadata,,[],[],[],[],pass,[]
web2000-0315,00000407,open_food_facts_product_metadata,Open Food Facts static bulk TSV,en.openfoodfacts.org.products.csv.gz,product_metadata,,[],[],[],[],pass,[]
web2000-0316,00000408,open_food_facts_product_metadata,Open Food Facts static bulk TSV,en.openfoodfacts.org.products.csv.gz,product_metadata,,[],[],[],[],pass,[]
web2000-0317,00000409,open_food_facts_product_metadata,Open Food Facts static bulk TSV,en.openfoodfacts.org.products.csv.gz,product_metadata,,[],[],[],[],pass,[]
web2000-0318,00000412,open_food_facts_product_metadata,Open Food Facts static bulk TSV,en.openfoodfacts.org.products.csv.gz,product_metadata,,[],[],[],[],pass,[]
web2000-0319,00000413,open_food_facts_product_metadata,Open Food Facts static bulk TSV,en.openfoodfacts.org.products.csv.gz,product_metadata,,[],[],[],[],pass,[]
web2000-0320,00000414,open_food_facts_product_metadata,Open Food Facts static bulk TSV,en.openfoodfacts.org.products.csv.gz,product_metadata,,[],[],[],[],pass,[]
web2000-0321,00000416,open_food_facts_product_metadata,Open Food Facts static bulk TSV,en.openfoodfacts.org.products.csv.gz,product_metadata,,[],[],[],[],pass,[]
web2000-0322,00000417,open_food_facts_product_metadata,Open Food Facts static bulk TSV,en.openfoodfacts.org.products.csv.gz,product_metadata,,[],[],[],[],pass,[]
web2000-0323,00000419,open_food_facts_product_metadata,Open Food Facts static bulk TSV,en.openfoodfacts.org.products.csv.gz,product_metadata,,[],[],[],[],pass,[]
web2000-0324,00000420,open_food_facts_product_metadata,Open Food Facts static bulk TSV,en.openfoodfacts.org.products.csv.gz,product_metadata,,[],[],[],[],pass,[]
web2000-0325,00000421,open_food_facts_product_metadata,Open Food Facts static bulk TSV,en.openfoodfacts.org.products.csv.gz,product_metadata,,[],[],[],[],pass,[]
web2000-0326,00000422,open_food_facts_product_metadata,Open Food Facts static bulk TSV,en.openfoodfacts.org.products.csv.gz,product_metadata,,[],[],[],[],pass,[]
web2000-0327,00000424,open_food_facts_product_metadata,Open Food Facts static bulk TSV,en.openfoodfacts.org.products.csv.gz,product_metadata,,[],[],[],[],pass,[]
web2000-0328,00000425,open_food_facts_product_metadata,Open Food Facts static bulk TSV,en.openfoodfacts.org.products.csv.gz,product_metadata,,[],[],[],[],pass,[]
web2000-0329,00000429,open_food_facts_product_metadata,Open Food Facts static bulk TSV,en.openfoodfacts.org.products.csv.gz,product_metadata,,[],[],[],[],pass,[]
web2000-0330,00000430,open_food_facts_product_metadata,Open Food Facts static bulk TSV,en.openfoodfacts.org.products.csv.gz,product_metadata,,[],[],[],[],pass,[]
web2000-0331,00000434,open_food_facts_product_metadata,Open Food Facts static bulk TSV,en.openfoodfacts.org.products.csv.gz,product_metadata,,[],[],[],[],pass,[]
web2000-0332,00000436,open_food_facts_product_metadata,Open Food Facts static bulk TSV,en.openfoodfacts.org.products.csv.gz,product_metadata,,[],[],[],[],pass,[]
web2000-0333,00000437,open_food_facts_product_metadata,Open Food Facts static bulk TSV,en.openfoodfacts.org.products.csv.gz,product_metadata,,[],[],[],[],pass,[]
web2000-0334,00000438,open_food_facts_product_metadata,Open Food Facts static bulk TSV,en.openfoodfacts.org.products.csv.gz,product_metadata,,[],[],[],[],pass,[]
web2000-0335,00000439,open_food_facts_product_metadata,Open Food Facts static bulk TSV,en.openfoodfacts.org.products.csv.gz,product_metadata,,[],[],[],[],pass,[]
web2000-0336,00000441,open_food_facts_product_metadata,Open Food Facts static bulk TSV,en.openfoodfacts.org.products.csv.gz,product_metadata,,[],[],[],[],pass,[]
web2000-0337,00000442,open_food_facts_product_metadata,Open Food Facts static bulk TSV,en.openfoodfacts.org.products.csv.gz,product_metadata,,[],[],[],[],pass,[]
web2000-0338,00000444,open_food_facts_product_metadata,Open Food Facts static bulk TSV,en.openfoodfacts.org.products.csv.gz,product_metadata,,[],[],[],[],pass,[]
web2000-0339,00000445,open_food_facts_product_metadata,Open Food Facts static bulk TSV,en.openfoodfacts.org.products.csv.gz,product_metadata,,[],[],[],[],pass,[]
web2000-0340,00000446,open_food_facts_product_metadata,Open Food Facts static bulk TSV,en.openfoodfacts.org.products.csv.gz,product_metadata,,[],[],[],[],pass,[]
web2000-0341,00000448,open_food_facts_product_metadata,Open Food Facts static bulk TSV,en.openfoodfacts.org.products.csv.gz,product_metadata,,[],[],[],[],pass,[]
web2000-0342,00000449,open_food_facts_product_metadata,Open Food Facts static bulk TSV,en.openfoodfacts.org.products.csv.gz,product_metadata,,[],[],[],[],pass,[]
web2000-0343,00000451,open_food_facts_product_metadata,Open Food Facts static bulk TSV,en.openfoodfacts.org.products.csv.gz,product_metadata,,[],[],[],[],pass,[]
web2000-0344,00000454,open_food_facts_product_metadata,Open Food Facts static bulk TSV,en.openfoodfacts.org.products.csv.gz,product_metadata,,[],[],[],[],pass,[]
web2000-0345,00000455,open_food_facts_product_metadata,Open Food Facts static bulk TSV,en.openfoodfacts.org.products.csv.gz,product_metadata,,[],[],[],[],pass,[]
web2000-0346,00000456,open_food_facts_product_metadata,Open Food Facts static bulk TSV,en.openfoodfacts.org.products.csv.gz,product_metadata,,[],[],[],[],pass,[]
web2000-0347,00000458,open_food_facts_product_metadata,Open Food Facts static bulk TSV,en.openfoodfacts.org.products.csv.gz,product_metadata,,[],[],[],[],pass,[]
web2000-0348,00000459,open_food_facts_product_metadata,Open Food Facts static bulk TSV,en.openfoodfacts.org.products.csv.gz,product_metadata,,[],[],[],[],pass,[]
web2000-0349,00000460,open_food_facts_product_metadata,Open Food Facts static bulk TSV,en.openfoodfacts.org.products.csv.gz,product_metadata,,[],[],[],[],pass,[]
web2000-0350,00000462,open_food_facts_product_metadata,Open Food Facts static bulk TSV,en.openfoodfacts.org.products.csv.gz,product_metadata,,[],[],[],[],pass,[]
web2000-0351,00000464,open_food_facts_product_metadata,Open Food Facts static bulk TSV,en.openfoodfacts.org.products.csv.gz,product_metadata,,[],[],[],[],pass,[]
web2000-0352,00000466,open_food_facts_product_metadata,Open Food Facts static bulk TSV,en.openfoodfacts.org.products.csv.gz,product_metadata,,[],[],[],[],pass,[]
web2000-0353,00000468,open_food_facts_product_metadata,Open Food Facts static bulk TSV,en.openfoodfacts.org.products.csv.gz,product_metadata,,[],[],[],[],pass,[]
web2000-0354,00000469,open_food_facts_product_metadata,Open Food Facts static bulk TSV,en.openfoodfacts.org.products.csv.gz,product_metadata,,[],[],[],[],pass,[]
web2000-0355,00000470,open_food_facts_product_metadata,Open Food Facts static bulk TSV,en.openfoodfacts.org.products.csv.gz,product_metadata,,[],[],[],[],pass,[]
web2000-0356,00000471,open_food_facts_product_metadata,Open Food Facts static bulk TSV,en.openfoodfacts.org.products.csv.gz,product_metadata,,[],[],[],[],pass,[]
web2000-0357,00000474,open_food_facts_product_metadata,Open Food Facts static bulk TSV,en.openfoodfacts.org.products.csv.gz,product_metadata,,[],[],[],[],pass,[]
web2000-0358,00000476,open_food_facts_product_metadata,Open Food Facts static bulk TSV,en.openfoodfacts.org.products.csv.gz,product_metadata,,[],[],[],[],pass,[]
web2000-0359,00000477,open_food_facts_product_metadata,Open Food Facts static bulk TSV,en.openfoodfacts.org.products.csv.gz,product_metadata,,[],[],[],[],pass,[]
web2000-0360,00000482,open_food_facts_product_metadata,Open Food Facts static bulk TSV,en.openfoodfacts.org.products.csv.gz,product_metadata,,[],[],[],[],pass,[]
web2000-0361,00000483,open_food_facts_product_metadata,Open Food Facts static bulk TSV,en.openfoodfacts.org.products.csv.gz,product_metadata,,[],[],[],[],pass,[]
web2000-0362,00000484,open_food_facts_product_metadata,Open Food Facts static bulk TSV,en.openfoodfacts.org.products.csv.gz,product_metadata,,[],[],[],[],pass,[]
web2000-0363,00000485,open_food_facts_product_metadata,Open Food Facts static bulk TSV,en.openfoodfacts.org.products.csv.gz,product_metadata,,[],[],[],[],pass,[]
web2000-0364,00000486,open_food_facts_product_metadata,Open Food Facts static bulk TSV,en.openfoodfacts.org.products.csv.gz,product_metadata,,[],[],[],[],pass,[]
web2000-0365,00000487,open_food_facts_product_metadata,Open Food Facts static bulk TSV,en.openfoodfacts.org.products.csv.gz,product_metadata,,[],[],[],[],pass,[]
web2000-0366,00000488,open_food_facts_product_metadata,Open Food Facts static bulk TSV,en.openfoodfacts.org.products.csv.gz,product_metadata,,[],[],[],[],pass,[]
web2000-0367,00000489,open_food_facts_product_metadata,Open Food Facts static bulk TSV,en.openfoodfacts.org.products.csv.gz,product_metadata,,[],[],[],[],pass,[]
web2000-0368,00000490,open_food_facts_product_metadata,Open Food Facts static bulk TSV,en.openfoodfacts.org.products.csv.gz,product_metadata,,[],[],[],[],pass,[]
web2000-0369,00000497,open_food_facts_product_metadata,Open Food Facts static bulk TSV,en.openfoodfacts.org.products.csv.gz,product_metadata,,[],[],[],[],pass,[]
web2000-0370,00000501,open_food_facts_product_metadata,Open Food Facts static bulk TSV,en.openfoodfacts.org.products.csv.gz,product_metadata,,[],[],[],[],pass,[]
web2000-0371,00000502,open_food_facts_product_metadata,Open Food Facts static bulk TSV,en.openfoodfacts.org.products.csv.gz,product_metadata,,[],[],[],[],pass,[]
web2000-0372,00000503,open_food_facts_product_metadata,Open Food Facts static bulk TSV,en.openfoodfacts.org.products.csv.gz,product_metadata,,[],[],[],[],pass,[]
web2000-0373,00000504,open_food_facts_product_metadata,Open Food Facts static bulk TSV,en.openfoodfacts.org.products.csv.gz,product_metadata,,[],[],[],[],pass,[]
web2000-0374,00000505,open_food_facts_product_metadata,Open Food Facts static bulk TSV,en.openfoodfacts.org.products.csv.gz,product_metadata,,[],[],[],[],pass,[]
web2000-0375,00000506,open_food_facts_product_metadata,Open Food Facts static bulk TSV,en.openfoodfacts.org.products.csv.gz,product_metadata,,[],[],[],[],pass,[]
web2000-0376,00000507,open_food_facts_product_metadata,Open Food Facts static bulk TSV,en.openfoodfacts.org.products.csv.gz,product_metadata,,[],[],[],[],pass,[]
web2000-0377,00000509,open_food_facts_product_metadata,Open Food Facts static bulk TSV,en.openfoodfacts.org.products.csv.gz,product_metadata,,[],[],[],[],pass,[]
web2000-0378,00000510,open_food_facts_product_metadata,Open Food Facts static bulk TSV,en.openfoodfacts.org.products.csv.gz,product_metadata,,[],[],[],[],pass,[]
web2000-0379,00000512,open_food_facts_product_metadata,Open Food Facts static bulk TSV,en.openfoodfacts.org.products.csv.gz,product_metadata,,[],[],[],[],pass,[]
web2000-0380,00000513,open_food_facts_product_metadata,Open Food Facts static bulk TSV,en.openfoodfacts.org.products.csv.gz,product_metadata,,[],[],[],[],pass,[]
web2000-0381,00000514,open_food_facts_product_metadata,Open Food Facts static bulk TSV,en.openfoodfacts.org.products.csv.gz,product_metadata,,[],[],[],[],pass,[]
web2000-0382,00000516,open_food_facts_product_metadata,Open Food Facts static bulk TSV,en.openfoodfacts.org.products.csv.gz,product_metadata,,[],[],[],[],pass,[]
web2000-0383,00000520,open_food_facts_product_metadata,Open Food Facts static bulk TSV,en.openfoodfacts.org.products.csv.gz,product_metadata,,[],[],[],[],pass,[]
web2000-0384,00000522,open_food_facts_product_metadata,Open Food Facts static bulk TSV,en.openfoodfacts.org.products.csv.gz,product_metadata,,[],[],[],[],pass,[]
web2000-0385,00000527,open_food_facts_product_metadata,Open Food Facts static bulk TSV,en.openfoodfacts.org.products.csv.gz,product_metadata,,[],[],[],[],pass,[]
web2000-0386,00000530,open_food_facts_product_metadata,Open Food Facts static bulk TSV,en.openfoodfacts.org.products.csv.gz,product_metadata,,[],[],[],[],pass,[]
web2000-0387,00000536,open_food_facts_product_metadata,Open Food Facts static bulk TSV,en.openfoodfacts.org.products.csv.gz,product_metadata,,[],[],[],[],pass,[]
web2000-0388,00000539,open_food_facts_product_metadata,Open Food Facts static bulk TSV,en.openfoodfacts.org.products.csv.gz,product_metadata,,[],[],[],[],pass,[]
web2000-0389,00000543,open_food_facts_product_metadata,Open Food Facts static bulk TSV,en.openfoodfacts.org.products.csv.gz,product_metadata,,[],[],[],[],pass,[]
web2000-0390,00000550,open_food_facts_product_metadata,Open Food Facts static bulk TSV,en.openfoodfacts.org.products.csv.gz,product_metadata,,[],[],[],[],pass,[]
web2000-0391,00000562,open_food_facts_product_metadata,Open Food Facts static bulk TSV,en.openfoodfacts.org.products.csv.gz,product_metadata,,[],[],[],[],pass,[]
web2000-0392,00000564,open_food_facts_product_metadata,Open Food Facts static bulk TSV,en.openfoodfacts.org.products.csv.gz,product_metadata,,[],[],[],[],pass,[]
web2000-0393,00000566,open_food_facts_product_metadata,Open Food Facts static bulk TSV,en.openfoodfacts.org.products.csv.gz,product_metadata,,[],[],[],[],pass,[]
web2000-0394,00000567,open_food_facts_product_metadata,Open Food Facts static bulk TSV,en.openfoodfacts.org.products.csv.gz,product_metadata,,[],[],[],[],pass,[]
web2000-0395,00000568,open_food_facts_product_metadata,Open Food Facts static bulk TSV,en.openfoodfacts.org.products.csv.gz,product_metadata,,[],[],[],[],pass,[]
web2000-0396,00000570,open_food_facts_product_metadata,Open Food Facts static bulk TSV,en.openfoodfacts.org.products.csv.gz,product_metadata,,[],[],[],[],pass,[]
web2000-0397,00000572,open_food_facts_product_metadata,Open Food Facts static bulk TSV,en.openfoodfacts.org.products.csv.gz,product_metadata,,[],[],[],[],pass,[]
web2000-0398,00000575,open_food_facts_product_metadata,Open Food Facts static bulk TSV,en.openfoodfacts.org.products.csv.gz,product_metadata,,[],[],[],[],pass,[]
web2000-0399,00000580,open_food_facts_product_metadata,Open Food Facts static bulk TSV,en.openfoodfacts.org.products.csv.gz,product_metadata,,[],[],[],[],pass,[]
web2000-0400,00000581,open_food_facts_product_metadata,Open Food Facts static bulk TSV,en.openfoodfacts.org.products.csv.gz,product_metadata,,[],[],[],[],pass,[]
web2000-0401,00000585,open_food_facts_product_metadata,Open Food Facts static bulk TSV,en.openfoodfacts.org.products.csv.gz,product_metadata,,[],[],[],[],pass,[]
web2000-0402,00000595,open_food_facts_product_metadata,Open Food Facts static bulk TSV,en.openfoodfacts.org.products.csv.gz,product_metadata,,[],[],[],[],pass,[]
web2000-0403,00000600,open_food_facts_product_metadata,Open Food Facts static bulk TSV,en.openfoodfacts.org.products.csv.gz,product_metadata,,[],[],[],[],pass,[]
web2000-0404,00000601,open_food_facts_product_metadata,Open Food Facts static bulk TSV,en.openfoodfacts.org.products.csv.gz,product_metadata,,[],[],[],[],pass,[]
web2000-0405,00000602,open_food_facts_product_metadata,Open Food Facts static bulk TSV,en.openfoodfacts.org.products.csv.gz,product_metadata,,[],[],[],[],pass,[]
web2000-0406,00000603,open_food_facts_product_metadata,Open Food Facts static bulk TSV,en.openfoodfacts.org.products.csv.gz,product_metadata,,[],[],[],[],pass,[]
web2000-0407,00000604,open_food_facts_product_metadata,Open Food Facts static bulk TSV,en.openfoodfacts.org.products.csv.gz,product_metadata,,[],[],[],[],pass,[]
web2000-0408,00000605,open_food_facts_product_metadata,Open Food Facts static bulk TSV,en.openfoodfacts.org.products.csv.gz,product_metadata,,[],[],[],[],pass,[]
web2000-0409,00000606,open_food_facts_product_metadata,Open Food Facts static bulk TSV,en.openfoodfacts.org.products.csv.gz,product_metadata,,[],[],[],[],pass,[]
web2000-0410,00000607,open_food_facts_product_metadata,Open Food Facts static bulk TSV,en.openfoodfacts.org.products.csv.gz,product_metadata,,[],[],[],[],pass,[]
web2000-0411,00000608,open_food_facts_product_metadata,Open Food Facts static bulk TSV,en.openfoodfacts.org.products.csv.gz,product_metadata,,[],[],[],[],pass,[]
web2000-0412,00000609,open_food_facts_product_metadata,Open Food Facts static bulk TSV,en.openfoodfacts.org.products.csv.gz,product_metadata,,[],[],[],[],pass,[]
web2000-0413,00000611,open_food_facts_product_metadata,Open Food Facts static bulk TSV,en.openfoodfacts.org.products.csv.gz,product_metadata,,[],[],[],[],pass,[]
web2000-0414,00000612,open_food_facts_product_metadata,Open Food Facts static bulk TSV,en.openfoodfacts.org.products.csv.gz,product_metadata,,[],[],[],[],pass,[]
web2000-0415,00000613,open_food_facts_product_metadata,Open Food Facts static bulk TSV,en.openfoodfacts.org.products.csv.gz,product_metadata,,[],[],[],[],pass,[]
web2000-0416,00000614,open_food_facts_product_metadata,Open Food Facts static bulk TSV,en.openfoodfacts.org.products.csv.gz,product_metadata,,[],[],[],[],pass,[]
web2000-0417,00000618,open_food_facts_product_metadata,Open Food Facts static bulk TSV,en.openfoodfacts.org.products.csv.gz,product_metadata,,[],[],[],[],pass,[]
web2000-0418,00000620,open_food_facts_product_metadata,Open Food Facts static bulk TSV,en.openfoodfacts.org.products.csv.gz,product_metadata,,[],[],[],[],pass,[]
web2000-0419,00000622,open_food_facts_product_metadata,Open Food Facts static bulk TSV,en.openfoodfacts.org.products.csv.gz,product_metadata,,[],[],[],[],pass,[]
web2000-0420,00000623,open_food_facts_product_metadata,Open Food Facts static bulk TSV,en.openfoodfacts.org.products.csv.gz,product_metadata,,[],[],[],[],pass,[]
web2000-0421,00000624,open_food_facts_product_metadata,Open Food Facts static bulk TSV,en.openfoodfacts.org.products.csv.gz,product_metadata,,[],[],[],[],pass,[]
web2000-0422,00000625,open_food_facts_product_metadata,Open Food Facts static bulk TSV,en.openfoodfacts.org.products.csv.gz,product_metadata,,[],[],[],[],pass,[]
web2000-0423,00000628,open_food_facts_product_metadata,Open Food Facts static bulk TSV,en.openfoodfacts.org.products.csv.gz,product_metadata,,[],[],[],[],pass,[]
web2000-0424,00000632,open_food_facts_product_metadata,Open Food Facts static bulk TSV,en.openfoodfacts.org.products.csv.gz,product_metadata,,[],[],[],[],pass,[]
web2000-0425,00000633,open_food_facts_product_metadata,Open Food Facts static bulk TSV,en.openfoodfacts.org.products.csv.gz,product_metadata,,[],[],[],[],pass,[]
web2000-0426,00000634,open_food_facts_product_metadata,Open Food Facts static bulk TSV,en.openfoodfacts.org.products.csv.gz,product_metadata,,[],[],[],[],pass,[]
web2000-0427,00000635,open_food_facts_product_metadata,Open Food Facts static bulk TSV,en.openfoodfacts.org.products.csv.gz,product_metadata,,[],[],[],[],pass,[]
web2000-0428,00000636,open_food_facts_product_metadata,Open Food Facts static bulk TSV,en.openfoodfacts.org.products.csv.gz,product_metadata,,[],[],[],[],pass,[]
web2000-0429,00000639,open_food_facts_product_metadata,Open Food Facts static bulk TSV,en.openfoodfacts.org.products.csv.gz,product_metadata,,[],[],[],[],pass,[]
web2000-0430,00000644,open_food_facts_product_metadata,Open Food Facts static bulk TSV,en.openfoodfacts.org.products.csv.gz,product_metadata,,[],[],[],[],pass,[]
web2000-0431,00000652,open_food_facts_product_metadata,Open Food Facts static bulk TSV,en.openfoodfacts.org.products.csv.gz,product_metadata,,[],[],[],[],pass,[]
web2000-0432,00000656,open_food_facts_product_metadata,Open Food Facts static bulk TSV,en.openfoodfacts.org.products.csv.gz,product_metadata,,[],[],[],[],pass,[]
web2000-0433,00000658,open_food_facts_product_metadata,Open Food Facts static bulk TSV,en.openfoodfacts.org.products.csv.gz,product_metadata,,[],[],[],[],pass,[]
web2000-0434,00000660,open_food_facts_product_metadata,Open Food Facts static bulk TSV,en.openfoodfacts.org.products.csv.gz,product_metadata,,[],[],[],[],pass,[]
web2000-0435,00000661,open_food_facts_product_metadata,Open Food Facts static bulk TSV,en.openfoodfacts.org.products.csv.gz,product_metadata,,[],[],[],[],pass,[]
web2000-0436,00000662,open_food_facts_product_metadata,Open Food Facts static bulk TSV,en.openfoodfacts.org.products.csv.gz,product_metadata,,[],[],[],[],pass,[]
web2000-0437,00000665,open_food_facts_product_metadata,Open Food Facts static bulk TSV,en.openfoodfacts.org.products.csv.gz,product_metadata,,[],[],[],[],pass,[]
web2000-0438,00000666,open_food_facts_product_metadata,Open Food Facts static bulk TSV,en.openfoodfacts.org.products.csv.gz,product_metadata,,[],[],[],[],pass,[]
web2000-0439,00000667,open_food_facts_product_metadata,Open Food Facts static bulk TSV,en.openfoodfacts.org.products.csv.gz,product_metadata,,[],[],[],[],pass,[]
web2000-0440,00000668,open_food_facts_product_metadata,Open Food Facts static bulk TSV,en.openfoodfacts.org.products.csv.gz,product_metadata,,[],[],[],[],pass,[]
web2000-0441,00000669,open_food_facts_product_metadata,Open Food Facts static bulk TSV,en.openfoodfacts.org.products.csv.gz,product_metadata,,[],[],[],[],pass,[]
web2000-0442,00000670,open_food_facts_product_metadata,Open Food Facts static bulk TSV,en.openfoodfacts.org.products.csv.gz,product_metadata,,[],[],[],[],pass,[]
web2000-0443,00000671,open_food_facts_product_metadata,Open Food Facts static bulk TSV,en.openfoodfacts.org.products.csv.gz,product_metadata,,[],[],[],[],pass,[]
web2000-0444,00000672,open_food_facts_product_metadata,Open Food Facts static bulk TSV,en.openfoodfacts.org.products.csv.gz,product_metadata,,[],[],[],[],pass,[]
web2000-0445,00000673,open_food_facts_product_metadata,Open Food Facts static bulk TSV,en.openfoodfacts.org.products.csv.gz,product_metadata,,[],[],[],[],pass,[]
web2000-0446,00000674,open_food_facts_product_metadata,Open Food Facts static bulk TSV,en.openfoodfacts.org.products.csv.gz,product_metadata,,[],[],[],[],pass,[]
web2000-0447,00000679,open_food_facts_product_metadata,Open Food Facts static bulk TSV,en.openfoodfacts.org.products.csv.gz,product_metadata,,[],[],[],[],pass,[]
web2000-0448,00000680,open_food_facts_product_metadata,Open Food Facts static bulk TSV,en.openfoodfacts.org.products.csv.gz,product_metadata,,[],[],[],[],pass,[]
web2000-0449,00000681,open_food_facts_product_metadata,Open Food Facts static bulk TSV,en.openfoodfacts.org.products.csv.gz,product_metadata,,[],[],[],[],pass,[]
web2000-0450,00000683,open_food_facts_product_metadata,Open Food Facts static bulk TSV,en.openfoodfacts.org.products.csv.gz,product_metadata,,[],[],[],[],pass,[]
web2000-0451,00000686,open_food_facts_product_metadata,Open Food Facts static bulk TSV,en.openfoodfacts.org.products.csv.gz,product_metadata,,[],[],[],[],pass,[]
web2000-0452,00000687,open_food_facts_product_metadata,Open Food Facts static bulk TSV,en.openfoodfacts.org.products.csv.gz,product_metadata,,[],[],[],[],pass,[]
web2000-0453,00000688,open_food_facts_product_metadata,Open Food Facts static bulk TSV,en.openfoodfacts.org.products.csv.gz,product_metadata,,[],[],[],[],pass,[]
web2000-0454,00000696,open_food_facts_product_metadata,Open Food Facts static bulk TSV,en.openfoodfacts.org.products.csv.gz,product_metadata,,[],[],[],[],pass,[]
web2000-0455,00000701,open_food_facts_product_metadata,Open Food Facts static bulk TSV,en.openfoodfacts.org.products.csv.gz,product_metadata,,[],[],[],[],pass,[]
web2000-0456,00000702,open_food_facts_product_metadata,Open Food Facts static bulk TSV,en.openfoodfacts.org.products.csv.gz,product_metadata,,[],[],[],[],pass,[]
web2000-0457,00000704,open_food_facts_product_metadata,Open Food Facts static bulk TSV,en.openfoodfacts.org.products.csv.gz,product_metadata,,[],[],[],[],pass,[]
web2000-0458,00000705,open_food_facts_product_metadata,Open Food Facts static bulk TSV,en.openfoodfacts.org.products.csv.gz,product_metadata,,[],[],[],[],pass,[]
web2000-0459,00000706,open_food_facts_product_metadata,Open Food Facts static bulk TSV,en.openfoodfacts.org.products.csv.gz,product_metadata,,[],[],[],[],pass,[]
web2000-0460,00000708,open_food_facts_product_metadata,Open Food Facts static bulk TSV,en.openfoodfacts.org.products.csv.gz,product_metadata,,[],[],[],[],pass,[]
web2000-0461,00000709,open_food_facts_product_metadata,Open Food Facts static bulk TSV,en.openfoodfacts.org.products.csv.gz,product_metadata,,[],[],[],[],pass,[]
web2000-0462,00000710,open_food_facts_product_metadata,Open Food Facts static bulk TSV,en.openfoodfacts.org.products.csv.gz,product_metadata,,[],[],[],[],pass,[]
web2000-0463,00000719,open_food_facts_product_metadata,Open Food Facts static bulk TSV,en.openfoodfacts.org.products.csv.gz,product_metadata,,[],[],[],[],pass,[]
web2000-0464,00000720,open_food_facts_product_metadata,Open Food Facts static bulk TSV,en.openfoodfacts.org.products.csv.gz,product_metadata,,[],[],[],[],pass,[]
web2000-0465,00000721,open_food_facts_product_metadata,Open Food Facts static bulk TSV,en.openfoodfacts.org.products.csv.gz,product_metadata,,[],[],[],[],pass,[]
web2000-0466,00000723,open_food_facts_product_metadata,Open Food Facts static bulk TSV,en.openfoodfacts.org.products.csv.gz,product_metadata,,[],[],[],[],pass,[]
web2000-0467,00000724,open_food_facts_product_metadata,Open Food Facts static bulk TSV,en.openfoodfacts.org.products.csv.gz,product_metadata,,[],[],[],[],pass,[]
web2000-0468,00000729,open_food_facts_product_metadata,Open Food Facts static bulk TSV,en.openfoodfacts.org.products.csv.gz,product_metadata,,[],[],[],[],pass,[]
web2000-0469,00000730,open_food_facts_product_metadata,Open Food Facts static bulk TSV,en.openfoodfacts.org.products.csv.gz,product_metadata,,[],[],[],[],pass,[]
web2000-0470,00000731,open_food_facts_product_metadata,Open Food Facts static bulk TSV,en.openfoodfacts.org.products.csv.gz,product_metadata,,[],[],[],[],pass,[]
web2000-0471,00000734,open_food_facts_product_metadata,Open Food Facts static bulk TSV,en.openfoodfacts.org.products.csv.gz,product_metadata,,[],[],[],[],pass,[]
web2000-0472,00000736,open_food_facts_product_metadata,Open Food Facts static bulk TSV,en.openfoodfacts.org.products.csv.gz,product_metadata,,[],[],[],[],pass,[]
web2000-0473,00000737,open_food_facts_product_metadata,Open Food Facts static bulk TSV,en.openfoodfacts.org.products.csv.gz,product_metadata,,[],[],[],[],pass,[]
web2000-0474,00000738,open_food_facts_product_metadata,Open Food Facts static bulk TSV,en.openfoodfacts.org.products.csv.gz,product_metadata,,[],[],[],[],pass,[]
web2000-0475,00000739,open_food_facts_product_metadata,Open Food Facts static bulk TSV,en.openfoodfacts.org.products.csv.gz,product_metadata,,[],[],[],[],pass,[]
web2000-0476,00000740,open_food_facts_product_metadata,Open Food Facts static bulk TSV,en.openfoodfacts.org.products.csv.gz,product_metadata,,[],[],[],[],pass,[]
web2000-0477,00000741,open_food_facts_product_metadata,Open Food Facts static bulk TSV,en.openfoodfacts.org.products.csv.gz,product_metadata,,[],[],[],[],pass,[]
web2000-0478,00000742,open_food_facts_product_metadata,Open Food Facts static bulk TSV,en.openfoodfacts.org.products.csv.gz,product_metadata,,[],[],[],[],pass,[]
web2000-0479,00000746,open_food_facts_product_metadata,Open Food Facts static bulk TSV,en.openfoodfacts.org.products.csv.gz,product_metadata,,[],[],[],[],pass,[]
web2000-0480,00000747,open_food_facts_product_metadata,Open Food Facts static bulk TSV,en.openfoodfacts.org.products.csv.gz,product_metadata,,[],[],[],[],pass,[]
web2000-0481,00000749,open_food_facts_product_metadata,Open Food Facts static bulk TSV,en.openfoodfacts.org.products.csv.gz,product_metadata,,[],[],[],[],pass,[]
web2000-0482,00000751,open_food_facts_product_metadata,Open Food Facts static bulk TSV,en.openfoodfacts.org.products.csv.gz,product_metadata,,[],[],[],[],pass,[]
web2000-0483,00000753,open_food_facts_product_metadata,Open Food Facts static bulk TSV,en.openfoodfacts.org.products.csv.gz,product_metadata,,[],[],[],[],pass,[]
web2000-0484,00000754,open_food_facts_product_metadata,Open Food Facts static bulk TSV,en.openfoodfacts.org.products.csv.gz,product_metadata,,[],[],[],[],pass,[]
web2000-0485,00000755,open_food_facts_product_metadata,Open Food Facts static bulk TSV,en.openfoodfacts.org.products.csv.gz,product_metadata,,[],[],[],[],pass,[]
web2000-0486,00000756,open_food_facts_product_metadata,Open Food Facts static bulk TSV,en.openfoodfacts.org.products.csv.gz,product_metadata,,[],[],[],[],pass,[]
web2000-0487,00000757,open_food_facts_product_metadata,Open Food Facts static bulk TSV,en.openfoodfacts.org.products.csv.gz,product_metadata,,[],[],[],[],pass,[]
web2000-0488,00000758,open_food_facts_product_metadata,Open Food Facts static bulk TSV,en.openfoodfacts.org.products.csv.gz,product_metadata,,[],[],[],[],pass,[]
web2000-0489,00000760,open_food_facts_product_metadata,Open Food Facts static bulk TSV,en.openfoodfacts.org.products.csv.gz,product_metadata,,[],[],[],[],pass,[]
web2000-0490,00000761,open_food_facts_product_metadata,Open Food Facts static bulk TSV,en.openfoodfacts.org.products.csv.gz,product_metadata,,[],[],[],[],pass,[]
web2000-0491,00000762,open_food_facts_product_metadata,Open Food Facts static bulk TSV,en.openfoodfacts.org.products.csv.gz,product_metadata,,[],[],[],[],pass,[]
web2000-0492,00000765,open_food_facts_product_metadata,Open Food Facts static bulk TSV,en.openfoodfacts.org.products.csv.gz,product_metadata,,[],[],[],[],pass,[]
web2000-0493,00000766,open_food_facts_product_metadata,Open Food Facts static bulk TSV,en.openfoodfacts.org.products.csv.gz,product_metadata,,[],[],[],[],pass,[]
web2000-0494,00000772,open_food_facts_product_metadata,Open Food Facts static bulk TSV,en.openfoodfacts.org.products.csv.gz,product_metadata,,[],[],[],[],pass,[]
web2000-0495,00000773,open_food_facts_product_metadata,Open Food Facts static bulk TSV,en.openfoodfacts.org.products.csv.gz,product_metadata,,[],[],[],[],pass,[]
web2000-0496,00000776,open_food_facts_product_metadata,Open Food Facts static bulk TSV,en.openfoodfacts.org.products.csv.gz,product_metadata,,[],[],[],[],pass,[]
web2000-0497,00000777,open_food_facts_product_metadata,Open Food Facts static bulk TSV,en.openfoodfacts.org.products.csv.gz,product_metadata,,[],[],[],[],pass,[]
web2000-0498,00000778,open_food_facts_product_metadata,Open Food Facts static bulk TSV,en.openfoodfacts.org.products.csv.gz,product_metadata,,[],[],[],[],pass,[]
web2000-0499,00000779,open_food_facts_product_metadata,Open Food Facts static bulk TSV,en.openfoodfacts.org.products.csv.gz,product_metadata,,[],[],[],[],pass,[]
web2000-0500,00000789,open_food_facts_product_metadata,Open Food Facts static bulk TSV,en.openfoodfacts.org.products.csv.gz,product_metadata,,[],[],[],[],pass,[]
web2000-0501,00000793,open_food_facts_product_metadata,Open Food Facts static bulk TSV,en.openfoodfacts.org.products.csv.gz,product_metadata,,[],[],[],[],pass,[]
web2000-0502,00000801,open_food_facts_product_metadata,Open Food Facts static bulk TSV,en.openfoodfacts.org.products.csv.gz,product_metadata,,[],[],[],[],pass,[]
web2000-0503,00000803,open_food_facts_product_metadata,Open Food Facts static bulk TSV,en.openfoodfacts.org.products.csv.gz,product_metadata,,[],[],[],[],pass,[]
web2000-0504,00000804,open_food_facts_product_metadata,Open Food Facts static bulk TSV,en.openfoodfacts.org.products.csv.gz,product_metadata,,[],[],[],[],pass,[]
web2000-0505,00000805,open_food_facts_product_metadata,Open Food Facts static bulk TSV,en.openfoodfacts.org.products.csv.gz,product_metadata,,[],[],[],[],pass,[]
web2000-0506,00000808,open_food_facts_product_metadata,Open Food Facts static bulk TSV,en.openfoodfacts.org.products.csv.gz,product_metadata,,[],[],[],[],pass,[]
web2000-0507,00000815,open_food_facts_product_metadata,Open Food Facts static bulk TSV,en.openfoodfacts.org.products.csv.gz,product_metadata,,[],[],[],[],pass,[]
web2000-0508,00000816,open_food_facts_product_metadata,Open Food Facts static bulk TSV,en.openfoodfacts.org.products.csv.gz,product_metadata,,[],[],[],[],pass,[]
web2000-0509,00000819,open_food_facts_product_metadata,Open Food Facts static bulk TSV,en.openfoodfacts.org.products.csv.gz,product_metadata,,[],[],[],[],pass,[]
web2000-0510,00000821,open_food_facts_product_metadata,Open Food Facts static bulk TSV,en.openfoodfacts.org.products.csv.gz,product_metadata,,[],[],[],[],pass,[]
web2000-0511,00000825,open_food_facts_product_metadata,Open Food Facts static bulk TSV,en.openfoodfacts.org.products.csv.gz,product_metadata,,[],[],[],[],pass,[]
web2000-0512,00000827,open_food_facts_product_metadata,Open Food Facts static bulk TSV,en.openfoodfacts.org.products.csv.gz,product_metadata,,[],[],[],[],pass,[]
web2000-0513,00000830,open_food_facts_product_metadata,Open Food Facts static bulk TSV,en.openfoodfacts.org.products.csv.gz,product_metadata,,[],[],[],[],pass,[]
web2000-0514,00000833,open_food_facts_product_metadata,Open Food Facts static bulk TSV,en.openfoodfacts.org.products.csv.gz,product_metadata,,[],[],[],[],pass,[]
web2000-0515,00000839,open_food_facts_product_metadata,Open Food Facts static bulk TSV,en.openfoodfacts.org.products.csv.gz,product_metadata,,[],[],[],[],pass,[]
web2000-0516,00000842,open_food_facts_product_metadata,Open Food Facts static bulk TSV,en.openfoodfacts.org.products.csv.gz,product_metadata,,[],[],[],[],pass,[]
web2000-0517,00000844,open_food_facts_product_metadata,Open Food Facts static bulk TSV,en.openfoodfacts.org.products.csv.gz,product_metadata,,[],[],[],[],pass,[]
web2000-0518,00000846,open_food_facts_product_metadata,Open Food Facts static bulk TSV,en.openfoodfacts.org.products.csv.gz,product_metadata,,[],[],[],[],pass,[]
web2000-0519,00000852,open_food_facts_product_metadata,Open Food Facts static bulk TSV,en.openfoodfacts.org.products.csv.gz,product_metadata,,[],[],[],[],pass,[]
web2000-0520,00000854,open_food_facts_product_metadata,Open Food Facts static bulk TSV,en.openfoodfacts.org.products.csv.gz,product_metadata,,[],[],[],[],pass,[]
web2000-0521,00000856,open_food_facts_product_metadata,Open Food Facts static bulk TSV,en.openfoodfacts.org.products.csv.gz,product_metadata,,[],[],[],[],pass,[]
web2000-0522,00000857,open_food_facts_product_metadata,Open Food Facts static bulk TSV,en.openfoodfacts.org.products.csv.gz,product_metadata,,[],[],[],[],pass,[]
web2000-0523,00000861,open_food_facts_product_metadata,Open Food Facts static bulk TSV,en.openfoodfacts.org.products.csv.gz,product_metadata,,[],[],[],[],pass,[]
web2000-0524,00000864,open_food_facts_product_metadata,Open Food Facts static bulk TSV,en.openfoodfacts.org.products.csv.gz,product_metadata,,[],[],[],[],pass,[]
web2000-0525,00000868,open_food_facts_product_metadata,Open Food Facts static bulk TSV,en.openfoodfacts.org.products.csv.gz,product_metadata,,[],[],[],[],pass,[]
web2000-0526,00000875,open_food_facts_product_metadata,Open Food Facts static bulk TSV,en.openfoodfacts.org.products.csv.gz,product_metadata,,[],[],[],[],pass,[]
web2000-0527,00000878,open_food_facts_product_metadata,Open Food Facts static bulk TSV,en.openfoodfacts.org.products.csv.gz,product_metadata,,[],[],[],[],pass,[]
web2000-0528,00000881,open_food_facts_product_metadata,Open Food Facts static bulk TSV,en.openfoodfacts.org.products.csv.gz,product_metadata,,[],[],[],[],pass,[]
web2000-0529,00000882,open_food_facts_product_metadata,Open Food Facts static bulk TSV,en.openfoodfacts.org.products.csv.gz,product_metadata,,[],[],[],[],pass,[]
web2000-0530,00000886,open_food_facts_product_metadata,Open Food Facts static bulk TSV,en.openfoodfacts.org.products.csv.gz,product_metadata,,[],[],[],[],pass,[]
web2000-0531,00000887,open_food_facts_product_metadata,Open Food Facts static bulk TSV,en.openfoodfacts.org.products.csv.gz,product_metadata,,[],[],[],[],pass,[]
web2000-0532,00000888,open_food_facts_product_metadata,Open Food Facts static bulk TSV,en.openfoodfacts.org.products.csv.gz,product_metadata,,[],[],[],[],pass,[]
web2000-0533,00000889,open_food_facts_product_metadata,Open Food Facts static bulk TSV,en.openfoodfacts.org.products.csv.gz,product_metadata,,[],[],[],[],pass,[]
web2000-0534,00000893,open_food_facts_product_metadata,Open Food Facts static bulk TSV,en.openfoodfacts.org.products.csv.gz,product_metadata,,[],[],[],[],pass,[]
web2000-0535,00000902,open_food_facts_product_metadata,Open Food Facts static bulk TSV,en.openfoodfacts.org.products.csv.gz,product_metadata,,[],[],[],[],pass,[]
web2000-0536,00000903,open_food_facts_product_metadata,Open Food Facts static bulk TSV,en.openfoodfacts.org.products.csv.gz,product_metadata,,[],[],[],[],pass,[]
web2000-0537,00000904,open_food_facts_product_metadata,Open Food Facts static bulk TSV,en.openfoodfacts.org.products.csv.gz,product_metadata,,[],[],[],[],pass,[]
web2000-0538,00000906,open_food_facts_product_metadata,Open Food Facts static bulk TSV,en.openfoodfacts.org.products.csv.gz,product_metadata,,[],[],[],[],pass,[]
web2000-0539,00000907,open_food_facts_product_metadata,Open Food Facts static bulk TSV,en.openfoodfacts.org.products.csv.gz,product_metadata,,[],[],[],[],pass,[]
web2000-0540,00000909,open_food_facts_product_metadata,Open Food Facts static bulk TSV,en.openfoodfacts.org.products.csv.gz,product_metadata,,[],[],[],[],pass,[]
web2000-0541,00000910,open_food_facts_product_metadata,Open Food Facts static bulk TSV,en.openfoodfacts.org.products.csv.gz,product_metadata,,[],[],[],[],pass,[]
web2000-0542,00000912,open_food_facts_product_metadata,Open Food Facts static bulk TSV,en.openfoodfacts.org.products.csv.gz,product_metadata,,[],[],[],[],pass,[]
web2000-0543,00000913,open_food_facts_product_metadata,Open Food Facts static bulk TSV,en.openfoodfacts.org.products.csv.gz,product_metadata,,[],[],[],[],pass,[]
web2000-0544,00000914,open_food_facts_product_metadata,Open Food Facts static bulk TSV,en.openfoodfacts.org.products.csv.gz,product_metadata,,[],[],[],[],pass,[]
web2000-0545,00000915,open_food_facts_product_metadata,Open Food Facts static bulk TSV,en.openfoodfacts.org.products.csv.gz,product_metadata,,[],[],[],[],pass,[]
web2000-0546,00000918,open_food_facts_product_metadata,Open Food Facts static bulk TSV,en.openfoodfacts.org.products.csv.gz,product_metadata,,[],[],[],[],pass,[]
web2000-0547,00000922,open_food_facts_product_metadata,Open Food Facts static bulk TSV,en.openfoodfacts.org.products.csv.gz,product_metadata,,[],[],[],[],pass,[]
web2000-0548,00000931,open_food_facts_product_metadata,Open Food Facts static bulk TSV,en.openfoodfacts.org.products.csv.gz,product_metadata,,[],[],[],[],pass,[]
web2000-0549,00000934,open_food_facts_product_metadata,Open Food Facts static bulk TSV,en.openfoodfacts.org.products.csv.gz,product_metadata,,[],[],[],[],pass,[]
web2000-0550,00000935,open_food_facts_product_metadata,Open Food Facts static bulk TSV,en.openfoodfacts.org.products.csv.gz,product_metadata,,[],[],[],[],pass,[]
web2000-0551,00000936,open_food_facts_product_metadata,Open Food Facts static bulk TSV,en.openfoodfacts.org.products.csv.gz,product_metadata,,[],[],[],[],pass,[]
web2000-0552,00000939,open_food_facts_product_metadata,Open Food Facts static bulk TSV,en.openfoodfacts.org.products.csv.gz,product_metadata,,[],[],[],[],pass,[]
web2000-0553,00000944,open_food_facts_product_metadata,Open Food Facts static bulk TSV,en.openfoodfacts.org.products.csv.gz,product_metadata,,[],[],[],[],pass,[]
web2000-0554,00000945,open_food_facts_product_metadata,Open Food Facts static bulk TSV,en.openfoodfacts.org.products.csv.gz,product_metadata,,[],[],[],[],pass,[]
web2000-0555,00000948,open_food_facts_product_metadata,Open Food Facts static bulk TSV,en.openfoodfacts.org.products.csv.gz,product_metadata,,[],[],[],[],pass,[]
web2000-0556,00000949,open_food_facts_product_metadata,Open Food Facts static bulk TSV,en.openfoodfacts.org.products.csv.gz,product_metadata,,[],[],[],[],pass,[]
web2000-0557,00000950,open_food_facts_product_metadata,Open Food Facts static bulk TSV,en.openfoodfacts.org.products.csv.gz,product_metadata,,[],[],[],[],pass,[]
web2000-0558,00000951,open_food_facts_product_metadata,Open Food Facts static bulk TSV,en.openfoodfacts.org.products.csv.gz,product_metadata,,[],[],[],[],pass,[]
web2000-0559,00000953,open_food_facts_product_metadata,Open Food Facts static bulk TSV,en.openfoodfacts.org.products.csv.gz,product_metadata,,[],[],[],[],pass,[]
web2000-0560,00000956,open_food_facts_product_metadata,Open Food Facts static bulk TSV,en.openfoodfacts.org.products.csv.gz,product_metadata,,[],[],[],[],pass,[]
web2000-0561,00000959,open_food_facts_product_metadata,Open Food Facts static bulk TSV,en.openfoodfacts.org.products.csv.gz,product_metadata,,[],[],[],[],pass,[]
web2000-0562,00000961,open_food_facts_product_metadata,Open Food Facts static bulk TSV,en.openfoodfacts.org.products.csv.gz,product_metadata,,[],[],[],[],pass,[]
web2000-0563,00000963,open_food_facts_product_metadata,Open Food Facts static bulk TSV,en.openfoodfacts.org.products.csv.gz,product_metadata,,[],[],[],[],pass,[]
web2000-0564,00000968,open_food_facts_product_metadata,Open Food Facts static bulk TSV,en.openfoodfacts.org.products.csv.gz,product_metadata,,[],[],[],[],pass,[]
web2000-0565,00000970,open_food_facts_product_metadata,Open Food Facts static bulk TSV,en.openfoodfacts.org.products.csv.gz,product_metadata,,[],[],[],[],pass,[]
web2000-0566,00000971,open_food_facts_product_metadata,Open Food Facts static bulk TSV,en.openfoodfacts.org.products.csv.gz,product_metadata,,[],[],[],[],pass,[]
web2000-0567,00000973,open_food_facts_product_metadata,Open Food Facts static bulk TSV,en.openfoodfacts.org.products.csv.gz,product_metadata,,[],[],[],[],pass,[]
web2000-0568,00000975,open_food_facts_product_metadata,Open Food Facts static bulk TSV,en.openfoodfacts.org.products.csv.gz,product_metadata,,[],[],[],[],pass,[]
web2000-0569,00000986,open_food_facts_product_metadata,Open Food Facts static bulk TSV,en.openfoodfacts.org.products.csv.gz,product_metadata,,[],[],[],[],pass,[]
web2000-0570,00000990,open_food_facts_product_metadata,Open Food Facts static bulk TSV,en.openfoodfacts.org.products.csv.gz,product_metadata,,[],[],[],[],pass,[]
web2000-0571,00000994,open_food_facts_product_metadata,Open Food Facts static bulk TSV,en.openfoodfacts.org.products.csv.gz,product_metadata,,[],[],[],[],pass,[]
web2000-0572,00000996,open_food_facts_product_metadata,Open Food Facts static bulk TSV,en.openfoodfacts.org.products.csv.gz,product_metadata,,[],[],[],[],pass,[]
web2000-0573,00000997,open_food_facts_product_metadata,Open Food Facts static bulk TSV,en.openfoodfacts.org.products.csv.gz,product_metadata,,[],[],[],[],pass,[]
web2000-0574,00000998,open_food_facts_product_metadata,Open Food Facts static bulk TSV,en.openfoodfacts.org.products.csv.gz,product_metadata,,[],[],[],[],pass,[]
web2000-0575,00000999,open_food_facts_product_metadata,Open Food Facts static bulk TSV,en.openfoodfacts.org.products.csv.gz,product_metadata,,[],[],[],[],pass,[]
web2000-0576,00001000,open_food_facts_product_metadata,Open Food Facts static bulk TSV,en.openfoodfacts.org.products.csv.gz,product_metadata,,[],[],[],[],pass,[]
web2000-0577,0000100000004,open_food_facts_product_metadata,Open Food Facts static bulk TSV,en.openfoodfacts.org.products.csv.gz,product_metadata,,[],[],[],[],pass,[]
web2000-0578,0000100000150,open_food_facts_product_metadata,Open Food Facts static bulk TSV,en.openfoodfacts.org.products.csv.gz,product_metadata,,[],[],[],[],pass,[]
web2000-0579,0000100000160,open_food_facts_product_metadata,Open Food Facts static bulk TSV,en.openfoodfacts.org.products.csv.gz,product_metadata,,[],[],[],[],pass,[]
web2000-0580,0000100000161,open_food_facts_product_metadata,Open Food Facts static bulk TSV,en.openfoodfacts.org.products.csv.gz,product_metadata,,[],[],[],[],pass,[]
web2000-0581,0000100000190,open_food_facts_product_metadata,Open Food Facts static bulk TSV,en.openfoodfacts.org.products.csv.gz,product_metadata,,[],[],[],[],pass,[]
web2000-0582,0000100000191,open_food_facts_product_metadata,Open Food Facts static bulk TSV,en.openfoodfacts.org.products.csv.gz,product_metadata,,[],[],[],[],pass,[]
web2000-0583,0000100000192,open_food_facts_product_metadata,Open Food Facts static bulk TSV,en.openfoodfacts.org.products.csv.gz,product_metadata,,[],[],[],[],pass,[]
web2000-0584,0000100000193,open_food_facts_product_metadata,Open Food Facts static bulk TSV,en.openfoodfacts.org.products.csv.gz,product_metadata,,[],[],[],[],pass,[]
web2000-0585,0000100000194,open_food_facts_product_metadata,Open Food Facts static bulk TSV,en.openfoodfacts.org.products.csv.gz,product_metadata,,[],[],[],[],pass,[]
web2000-0586,0000100000195,open_food_facts_product_metadata,Open Food Facts static bulk TSV,en.openfoodfacts.org.products.csv.gz,product_metadata,,[],[],[],[],pass,[]
web2000-0587,0000100000196,open_food_facts_product_metadata,Open Food Facts static bulk TSV,en.openfoodfacts.org.products.csv.gz,product_metadata,,[],[],[],[],pass,[]
web2000-0588,0000100000197,open_food_facts_product_metadata,Open Food Facts static bulk TSV,en.openfoodfacts.org.products.csv.gz,product_metadata,,[],[],[],[],pass,[]
web2000-0589,0000100000252,open_food_facts_product_metadata,Open Food Facts static bulk TSV,en.openfoodfacts.org.products.csv.gz,product_metadata,,[],[],[],[],pass,[]
web2000-0590,0000100000322,open_food_facts_product_metadata,Open Food Facts static bulk TSV,en.openfoodfacts.org.products.csv.gz,product_metadata,,[],[],[],[],pass,[]
web2000-0591,0000100000331,open_food_facts_product_metadata,Open Food Facts static bulk TSV,en.openfoodfacts.org.products.csv.gz,product_metadata,,[],[],[],[],pass,[]
web2000-0592,0000100000503,open_food_facts_product_metadata,Open Food Facts static bulk TSV,en.openfoodfacts.org.products.csv.gz,product_metadata,,[],[],[],[],pass,[]
web2000-0593,0000100000504,open_food_facts_product_metadata,Open Food Facts static bulk TSV,en.openfoodfacts.org.products.csv.gz,product_metadata,,[],[],[],[],pass,[]
web2000-0594,0000100000505,open_food_facts_product_metadata,Open Food Facts static bulk TSV,en.openfoodfacts.org.products.csv.gz,product_metadata,,[],[],[],[],pass,[]
web2000-0595,0000100000506,open_food_facts_product_metadata,Open Food Facts static bulk TSV,en.openfoodfacts.org.products.csv.gz,product_metadata,,[],[],[],[],pass,[]
web2000-0596,0000100000507,open_food_facts_product_metadata,Open Food Facts static bulk TSV,en.openfoodfacts.org.products.csv.gz,product_metadata,,[],[],[],[],pass,[]
web2000-0597,0000100000508,open_food_facts_product_metadata,Open Food Facts static bulk TSV,en.openfoodfacts.org.products.csv.gz,product_metadata,,[],[],[],[],pass,[]
web2000-0598,0000100000509,open_food_facts_product_metadata,Open Food Facts static bulk TSV,en.openfoodfacts.org.products.csv.gz,product_metadata,,[],[],[],[],pass,[]
web2000-0599,0000100000510,open_food_facts_product_metadata,Open Food Facts static bulk TSV,en.openfoodfacts.org.products.csv.gz,product_metadata,,[],[],[],[],pass,[]
web2000-0600,0000100000511,open_food_facts_product_metadata,Open Food Facts static bulk TSV,en.openfoodfacts.org.products.csv.gz,product_metadata,,[],[],[],[],pass,[]
web2000-0601,0000100000512,open_food_facts_product_metadata,Open Food Facts static bulk TSV,en.openfoodfacts.org.products.csv.gz,product_metadata,,[],[],[],[],pass,[]
web2000-0602,0000100000513,open_food_facts_product_metadata,Open Food Facts static bulk TSV,en.openfoodfacts.org.products.csv.gz,product_metadata,,[],[],[],[],pass,[]
web2000-0603,0000100000514,open_food_facts_product_metadata,Open Food Facts static bulk TSV,en.openfoodfacts.org.products.csv.gz,product_metadata,,[],[],[],[],pass,[]
web2000-0604,0000100000515,open_food_facts_product_metadata,Open Food Facts static bulk TSV,en.openfoodfacts.org.products.csv.gz,product_metadata,,[],[],[],[],pass,[]
web2000-0605,0000100000516,open_food_facts_product_metadata,Open Food Facts static bulk TSV,en.openfoodfacts.org.products.csv.gz,product_metadata,,[],[],[],[],pass,[]
web2000-0606,0000100000517,open_food_facts_product_metadata,Open Food Facts static bulk TSV,en.openfoodfacts.org.products.csv.gz,product_metadata,,[],[],[],[],pass,[]
web2000-0607,0000100000518,open_food_facts_product_metadata,Open Food Facts static bulk TSV,en.openfoodfacts.org.products.csv.gz,product_metadata,,[],[],[],[],pass,[]
web2000-0608,0000100000519,open_food_facts_product_metadata,Open Food Facts static bulk TSV,en.openfoodfacts.org.products.csv.gz,product_metadata,,[],[],[],[],pass,[]
web2000-0609,0000100000520,open_food_facts_product_metadata,Open Food Facts static bulk TSV,en.openfoodfacts.org.products.csv.gz,product_metadata,,[],[],[],[],pass,[]
web2000-0610,0000100000521,open_food_facts_product_metadata,Open Food Facts static bulk TSV,en.openfoodfacts.org.products.csv.gz,product_metadata,,[],[],[],[],pass,[]
web2000-0611,0000100000522,open_food_facts_product_metadata,Open Food Facts static bulk TSV,en.openfoodfacts.org.products.csv.gz,product_metadata,,[],[],[],[],pass,[]
web2000-0612,0000100000523,open_food_facts_product_metadata,Open Food Facts static bulk TSV,en.openfoodfacts.org.products.csv.gz,product_metadata,,[],[],[],[],pass,[]
web2000-0613,0000100000524,open_food_facts_product_metadata,Open Food Facts static bulk TSV,en.openfoodfacts.org.products.csv.gz,product_metadata,,[],[],[],[],pass,[]
web2000-0614,0000100000525,open_food_facts_product_metadata,Open Food Facts static bulk TSV,en.openfoodfacts.org.products.csv.gz,product_metadata,,[],[],[],[],pass,[]
web2000-0615,0000100000526,open_food_facts_product_metadata,Open Food Facts static bulk TSV,en.openfoodfacts.org.products.csv.gz,product_metadata,,[],[],[],[],pass,[]
web2000-0616,0000100000527,open_food_facts_product_metadata,Open Food Facts static bulk TSV,en.openfoodfacts.org.products.csv.gz,product_metadata,,[],[],[],[],pass,[]
web2000-0617,0000100000528,open_food_facts_product_metadata,Open Food Facts static bulk TSV,en.openfoodfacts.org.products.csv.gz,product_metadata,,[],[],[],[],pass,[]
web2000-0618,0000100000529,open_food_facts_product_metadata,Open Food Facts static bulk TSV,en.openfoodfacts.org.products.csv.gz,product_metadata,,[],[],[],[],pass,[]
web2000-0619,0000100000530,open_food_facts_product_metadata,Open Food Facts static bulk TSV,en.openfoodfacts.org.products.csv.gz,product_metadata,,[],[],[],[],pass,[]
web2000-0620,0000100000558,open_food_facts_product_metadata,Open Food Facts static bulk TSV,en.openfoodfacts.org.products.csv.gz,product_metadata,,[],[],[],[],pass,[]
web2000-0621,0000100000572,open_food_facts_product_metadata,Open Food Facts static bulk TSV,en.openfoodfacts.org.products.csv.gz,product_metadata,,[],[],[],[],pass,[]
web2000-0622,0000100000573,open_food_facts_product_metadata,Open Food Facts static bulk TSV,en.openfoodfacts.org.products.csv.gz,product_metadata,,[],[],[],[],pass,[]
web2000-0623,0000100000574,open_food_facts_product_metadata,Open Food Facts static bulk TSV,en.openfoodfacts.org.products.csv.gz,product_metadata,,[],[],[],[],pass,[]
web2000-0624,0000100000600,open_food_facts_product_metadata,Open Food Facts static bulk TSV,en.openfoodfacts.org.products.csv.gz,product_metadata,,[],[],[],[],pass,[]
web2000-0625,0000100000601,open_food_facts_product_metadata,Open Food Facts static bulk TSV,en.openfoodfacts.org.products.csv.gz,product_metadata,,[],[],[],[],pass,[]
web2000-0626,0000100000602,open_food_facts_product_metadata,Open Food Facts static bulk TSV,en.openfoodfacts.org.products.csv.gz,product_metadata,,[],[],[],[],pass,[]
web2000-0627,0000100000603,open_food_facts_product_metadata,Open Food Facts static bulk TSV,en.openfoodfacts.org.products.csv.gz,product_metadata,,[],[],[],[],pass,[]
web2000-0628,0000100000604,open_food_facts_product_metadata,Open Food Facts static bulk TSV,en.openfoodfacts.org.products.csv.gz,product_metadata,,[],[],[],[],pass,[]
web2000-0629,0000100000605,open_food_facts_product_metadata,Open Food Facts static bulk TSV,en.openfoodfacts.org.products.csv.gz,product_metadata,,[],[],[],[],pass,[]
web2000-0630,0000100000606,open_food_facts_product_metadata,Open Food Facts static bulk TSV,en.openfoodfacts.org.products.csv.gz,product_metadata,,[],[],[],[],pass,[]
web2000-0631,0000100000607,open_food_facts_product_metadata,Open Food Facts static bulk TSV,en.openfoodfacts.org.products.csv.gz,product_metadata,,[],[],[],[],pass,[]
web2000-0632,0000100000608,open_food_facts_product_metadata,Open Food Facts static bulk TSV,en.openfoodfacts.org.products.csv.gz,product_metadata,,[],[],[],[],pass,[]
web2000-0633,0000100000609,open_food_facts_product_metadata,Open Food Facts static bulk TSV,en.openfoodfacts.org.products.csv.gz,product_metadata,,[],[],[],[],pass,[]
web2000-0634,0000100000610,open_food_facts_product_metadata,Open Food Facts static bulk TSV,en.openfoodfacts.org.products.csv.gz,product_metadata,,[],[],[],[],pass,[]
web2000-0635,0000100000611,open_food_facts_product_metadata,Open Food Facts static bulk TSV,en.openfoodfacts.org.products.csv.gz,product_metadata,,[],[],[],[],pass,[]
web2000-0636,0000100000612,open_food_facts_product_metadata,Open Food Facts static bulk TSV,en.openfoodfacts.org.products.csv.gz,product_metadata,,[],[],[],[],pass,[]
web2000-0637,0000100000613,open_food_facts_product_metadata,Open Food Facts static bulk TSV,en.openfoodfacts.org.products.csv.gz,product_metadata,,[],[],[],[],pass,[]
web2000-0638,0000100000614,open_food_facts_product_metadata,Open Food Facts static bulk TSV,en.openfoodfacts.org.products.csv.gz,product_metadata,,[],[],[],[],pass,[]
web2000-0639,0000100000615,open_food_facts_product_metadata,Open Food Facts static bulk TSV,en.openfoodfacts.org.products.csv.gz,product_metadata,,[],[],[],[],pass,[]
web2000-0640,0000100000616,open_food_facts_product_metadata,Open Food Facts static bulk TSV,en.openfoodfacts.org.products.csv.gz,product_metadata,,[],[],[],[],pass,[]
web2000-0641,0000100000617,open_food_facts_product_metadata,Open Food Facts static bulk TSV,en.openfoodfacts.org.products.csv.gz,product_metadata,,[],[],[],[],pass,[]
web2000-0642,0000100000618,open_food_facts_product_metadata,Open Food Facts static bulk TSV,en.openfoodfacts.org.products.csv.gz,product_metadata,,[],[],[],[],pass,[]
web2000-0643,0000100000619,open_food_facts_product_metadata,Open Food Facts static bulk TSV,en.openfoodfacts.org.products.csv.gz,product_metadata,,[],[],[],[],pass,[]
web2000-0644,0000100000620,open_food_facts_product_metadata,Open Food Facts static bulk TSV,en.openfoodfacts.org.products.csv.gz,product_metadata,,[],[],[],[],pass,[]
web2000-0645,0000100000621,open_food_facts_product_metadata,Open Food Facts static bulk TSV,en.openfoodfacts.org.products.csv.gz,product_metadata,,[],[],[],[],pass,[]
web2000-0646,0000100000622,open_food_facts_product_metadata,Open Food Facts static bulk TSV,en.openfoodfacts.org.products.csv.gz,product_metadata,,[],[],[],[],pass,[]
web2000-0647,0000100000623,open_food_facts_product_metadata,Open Food Facts static bulk TSV,en.openfoodfacts.org.products.csv.gz,product_metadata,,[],[],[],[],pass,[]
web2000-0648,0000100000624,open_food_facts_product_metadata,Open Food Facts static bulk TSV,en.openfoodfacts.org.products.csv.gz,product_metadata,,[],[],[],[],pass,[]
web2000-0649,0000100000625,open_food_facts_product_metadata,Open Food Facts static bulk TSV,en.openfoodfacts.org.products.csv.gz,product_metadata,,[],[],[],[],pass,[]
web2000-0650,0000100000626,open_food_facts_product_metadata,Open Food Facts static bulk TSV,en.openfoodfacts.org.products.csv.gz,product_metadata,,[],[],[],[],pass,[]
web2000-0651,0000100000627,open_food_facts_product_metadata,Open Food Facts static bulk TSV,en.openfoodfacts.org.products.csv.gz,product_metadata,,[],[],[],[],pass,[]
web2000-0652,0000100000628,open_food_facts_product_metadata,Open Food Facts static bulk TSV,en.openfoodfacts.org.products.csv.gz,product_metadata,,[],[],[],[],pass,[]
web2000-0653,0000100000629,open_food_facts_product_metadata,Open Food Facts static bulk TSV,en.openfoodfacts.org.products.csv.gz,product_metadata,,[],[],[],[],pass,[]
web2000-0654,0000100000630,open_food_facts_product_metadata,Open Food Facts static bulk TSV,en.openfoodfacts.org.products.csv.gz,product_metadata,,[],[],[],[],pass,[]
web2000-0655,0000100000631,open_food_facts_product_metadata,Open Food Facts static bulk TSV,en.openfoodfacts.org.products.csv.gz,product_metadata,,[],[],[],[],pass,[]
web2000-0656,0000100000632,open_food_facts_product_metadata,Open Food Facts static bulk TSV,en.openfoodfacts.org.products.csv.gz,product_metadata,,[],[],[],[],pass,[]
web2000-0657,0000100000633,open_food_facts_product_metadata,Open Food Facts static bulk TSV,en.openfoodfacts.org.products.csv.gz,product_metadata,,[],[],[],[],pass,[]
web2000-0658,0000100000634,open_food_facts_product_metadata,Open Food Facts static bulk TSV,en.openfoodfacts.org.products.csv.gz,product_metadata,,[],[],[],[],pass,[]
web2000-0659,0000100000635,open_food_facts_product_metadata,Open Food Facts static bulk TSV,en.openfoodfacts.org.products.csv.gz,product_metadata,,[],[],[],[],pass,[]
web2000-0660,0000100000636,open_food_facts_product_metadata,Open Food Facts static bulk TSV,en.openfoodfacts.org.products.csv.gz,product_metadata,,[],[],[],[],pass,[]
web2000-0661,0000100000637,open_food_facts_product_metadata,Open Food Facts static bulk TSV,en.openfoodfacts.org.products.csv.gz,product_metadata,,[],[],[],[],pass,[]
web2000-0662,0000100000687,open_food_facts_product_metadata,Open Food Facts static bulk TSV,en.openfoodfacts.org.products.csv.gz,product_metadata,,[],[],[],[],pass,[]
web2000-0663,0000100000688,open_food_facts_product_metadata,Open Food Facts static bulk TSV,en.openfoodfacts.org.products.csv.gz,product_metadata,,[],[],[],[],pass,[]
web2000-0664,0000100000689,open_food_facts_product_metadata,Open Food Facts static bulk TSV,en.openfoodfacts.org.products.csv.gz,product_metadata,,[],[],[],[],pass,[]
web2000-0665,0000100000690,open_food_facts_product_metadata,Open Food Facts static bulk TSV,en.openfoodfacts.org.products.csv.gz,product_metadata,,[],[],[],[],pass,[]
web2000-0666,0000100000691,open_food_facts_product_metadata,Open Food Facts static bulk TSV,en.openfoodfacts.org.products.csv.gz,product_metadata,,[],[],[],[],pass,[]
web2000-0667,0000100000692,open_food_facts_product_metadata,Open Food Facts static bulk TSV,en.openfoodfacts.org.products.csv.gz,product_metadata,,[],[],[],[],pass,[]
web2000-0668,0000100000693,open_food_facts_product_metadata,Open Food Facts static bulk TSV,en.openfoodfacts.org.products.csv.gz,product_metadata,,[],[],[],[],pass,[]
web2000-0669,0000100000694,open_food_facts_product_metadata,Open Food Facts static bulk TSV,en.openfoodfacts.org.products.csv.gz,product_metadata,,[],[],[],[],pass,[]
web2000-0670,0000100000695,open_food_facts_product_metadata,Open Food Facts static bulk TSV,en.openfoodfacts.org.products.csv.gz,product_metadata,,[],[],[],[],pass,[]
web2000-0671,0000100000696,open_food_facts_product_metadata,Open Food Facts static bulk TSV,en.openfoodfacts.org.products.csv.gz,product_metadata,,[],[],[],[],pass,[]
web2000-0672,0000100000699,open_food_facts_product_metadata,Open Food Facts static bulk TSV,en.openfoodfacts.org.products.csv.gz,product_metadata,,[],[],[],[],pass,[]
web2000-0673,0000100000713,open_food_facts_product_metadata,Open Food Facts static bulk TSV,en.openfoodfacts.org.products.csv.gz,product_metadata,,[],[],[],[],pass,[]
web2000-0674,0000100000714,open_food_facts_product_metadata,Open Food Facts static bulk TSV,en.openfoodfacts.org.products.csv.gz,product_metadata,,[],[],[],[],pass,[]
web2000-0675,0000100000715,open_food_facts_product_metadata,Open Food Facts static bulk TSV,en.openfoodfacts.org.products.csv.gz,product_metadata,,[],[],[],[],pass,[]
web2000-0676,0000100000716,open_food_facts_product_metadata,Open Food Facts static bulk TSV,en.openfoodfacts.org.products.csv.gz,product_metadata,,[],[],[],[],pass,[]
web2000-0677,0000100000717,open_food_facts_product_metadata,Open Food Facts static bulk TSV,en.openfoodfacts.org.products.csv.gz,product_metadata,,[],[],[],[],pass,[]
web2000-0678,0000100000718,open_food_facts_product_metadata,Open Food Facts static bulk TSV,en.openfoodfacts.org.products.csv.gz,product_metadata,,[],[],[],[],pass,[]
web2000-0679,0000100000719,open_food_facts_product_metadata,Open Food Facts static bulk TSV,en.openfoodfacts.org.products.csv.gz,product_metadata,,[],[],[],[],pass,[]
web2000-0680,0000100000720,open_food_facts_product_metadata,Open Food Facts static bulk TSV,en.openfoodfacts.org.products.csv.gz,product_metadata,,[],[],[],[],pass,[]
web2000-0681,0000100000721,open_food_facts_product_metadata,Open Food Facts static bulk TSV,en.openfoodfacts.org.products.csv.gz,product_metadata,,[],[],[],[],pass,[]
web2000-0682,0000100000722,open_food_facts_product_metadata,Open Food Facts static bulk TSV,en.openfoodfacts.org.products.csv.gz,product_metadata,,[],[],[],[],pass,[]
web2000-0683,0000100000723,open_food_facts_product_metadata,Open Food Facts static bulk TSV,en.openfoodfacts.org.products.csv.gz,product_metadata,,[],[],[],[],pass,[]
web2000-0684,0000100000724,open_food_facts_product_metadata,Open Food Facts static bulk TSV,en.openfoodfacts.org.products.csv.gz,product_metadata,,[],[],[],[],pass,[]
web2000-0685,0000100000726,open_food_facts_product_metadata,Open Food Facts static bulk TSV,en.openfoodfacts.org.products.csv.gz,product_metadata,,[],[],[],[],pass,[]
web2000-0686,0000100000729,open_food_facts_product_metadata,Open Food Facts static bulk TSV,en.openfoodfacts.org.products.csv.gz,product_metadata,,[],[],[],[],pass,[]
web2000-0687,0000100000730,open_food_facts_product_metadata,Open Food Facts static bulk TSV,en.openfoodfacts.org.products.csv.gz,product_metadata,,[],[],[],[],pass,[]
web2000-0688,0000100000736,open_food_facts_product_metadata,Open Food Facts static bulk TSV,en.openfoodfacts.org.products.csv.gz,product_metadata,,[],[],[],[],pass,[]
web2000-0689,0000100000797,open_food_facts_product_metadata,Open Food Facts static bulk TSV,en.openfoodfacts.org.products.csv.gz,product_metadata,,[],[],[],[],pass,[]
web2000-0690,0000100000799,open_food_facts_product_metadata,Open Food Facts static bulk TSV,en.openfoodfacts.org.products.csv.gz,product_metadata,,[],[],[],[],pass,[]
web2000-0691,0000100000801,open_food_facts_product_metadata,Open Food Facts static bulk TSV,en.openfoodfacts.org.products.csv.gz,product_metadata,,[],[],[],[],pass,[]
web2000-0692,0000100000802,open_food_facts_product_metadata,Open Food Facts static bulk TSV,en.openfoodfacts.org.products.csv.gz,product_metadata,,[],[],[],[],pass,[]
web2000-0693,0000100000834,open_food_facts_product_metadata,Open Food Facts static bulk TSV,en.openfoodfacts.org.products.csv.gz,product_metadata,,[],[],[],[],pass,[]
web2000-0694,0000100000835,open_food_facts_product_metadata,Open Food Facts static bulk TSV,en.openfoodfacts.org.products.csv.gz,product_metadata,,[],[],[],[],pass,[]
web2000-0695,0000100000837,open_food_facts_product_metadata,Open Food Facts static bulk TSV,en.openfoodfacts.org.products.csv.gz,product_metadata,,[],[],[],[],pass,[]
web2000-0696,0000100000861,open_food_facts_product_metadata,Open Food Facts static bulk TSV,en.openfoodfacts.org.products.csv.gz,product_metadata,,[],[],[],[],pass,[]
web2000-0697,0000100000862,open_food_facts_product_metadata,Open Food Facts static bulk TSV,en.openfoodfacts.org.products.csv.gz,product_metadata,,[],[],[],[],pass,[]
web2000-0698,0000100000877,open_food_facts_product_metadata,Open Food Facts static bulk TSV,en.openfoodfacts.org.products.csv.gz,product_metadata,,[],[],[],[],pass,[]
web2000-0699,0000100000884,open_food_facts_product_metadata,Open Food Facts static bulk TSV,en.openfoodfacts.org.products.csv.gz,product_metadata,,[],[],[],[],pass,[]
web2000-0700,0000100000885,open_food_facts_product_metadata,Open Food Facts static bulk TSV,en.openfoodfacts.org.products.csv.gz,product_metadata,,[],[],[],[],pass,[]
web2000-0701,0000100000886,open_food_facts_product_metadata,Open Food Facts static bulk TSV,en.openfoodfacts.org.products.csv.gz,product_metadata,,[],[],[],[],pass,[]
web2000-0702,0000100000887,open_food_facts_product_metadata,Open Food Facts static bulk TSV,en.openfoodfacts.org.products.csv.gz,product_metadata,,[],[],[],[],pass,[]
web2000-0703,0000100000890,open_food_facts_product_metadata,Open Food Facts static bulk TSV,en.openfoodfacts.org.products.csv.gz,product_metadata,,[],[],[],[],pass,[]
web2000-0704,0000100000891,open_food_facts_product_metadata,Open Food Facts static bulk TSV,en.openfoodfacts.org.products.csv.gz,product_metadata,,[],[],[],[],pass,[]
web2000-0705,0000100000894,open_food_facts_product_metadata,Open Food Facts static bulk TSV,en.openfoodfacts.org.products.csv.gz,product_metadata,,[],[],[],[],pass,[]
web2000-0706,0000100000895,open_food_facts_product_metadata,Open Food Facts static bulk TSV,en.openfoodfacts.org.products.csv.gz,product_metadata,,[],[],[],[],pass,[]
web2000-0707,0000100001021,open_food_facts_product_metadata,Open Food Facts static bulk TSV,en.openfoodfacts.org.products.csv.gz,product_metadata,,[],[],[],[],pass,[]
web2000-0708,0000100001026,open_food_facts_product_metadata,Open Food Facts static bulk TSV,en.openfoodfacts.org.products.csv.gz,product_metadata,,[],[],[],[],pass,[]
web2000-0709,0000100001027,open_food_facts_product_metadata,Open Food Facts static bulk TSV,en.openfoodfacts.org.products.csv.gz,product_metadata,,[],[],[],[],pass,[]
web2000-0710,0000100001028,open_food_facts_product_metadata,Open Food Facts static bulk TSV,en.openfoodfacts.org.products.csv.gz,product_metadata,,[],[],[],[],pass,[]
web2000-0711,0000100001029,open_food_facts_product_metadata,Open Food Facts static bulk TSV,en.openfoodfacts.org.products.csv.gz,product_metadata,,[],[],[],[],pass,[]
web2000-0712,0000100001243,open_food_facts_product_metadata,Open Food Facts static bulk TSV,en.openfoodfacts.org.products.csv.gz,product_metadata,,[],[],[],[],pass,[]
web2000-0713,0000100001636,open_food_facts_product_metadata,Open Food Facts static bulk TSV,en.openfoodfacts.org.products.csv.gz,product_metadata,,[],[],[],[],pass,[]
web2000-0714,0000100002157,open_food_facts_product_metadata,Open Food Facts static bulk TSV,en.openfoodfacts.org.products.csv.gz,product_metadata,,[],[],[],[],pass,[]
web2000-0715,0000100002282,open_food_facts_product_metadata,Open Food Facts static bulk TSV,en.openfoodfacts.org.products.csv.gz,product_metadata,,[],[],[],[],pass,[]
web2000-0716,0000100002301,open_food_facts_product_metadata,Open Food Facts static bulk TSV,en.openfoodfacts.org.products.csv.gz,product_metadata,,[],[],[],[],pass,[]
web2000-0717,0000100004399,open_food_facts_product_metadata,Open Food Facts static bulk TSV,en.openfoodfacts.org.products.csv.gz,product_metadata,,[],[],[],[],pass,[]
web2000-0718,0000100004405,open_food_facts_product_metadata,Open Food Facts static bulk TSV,en.openfoodfacts.org.products.csv.gz,product_metadata,,[],[],[],[],pass,[]
web2000-0719,0000100006278,open_food_facts_product_metadata,Open Food Facts static bulk TSV,en.openfoodfacts.org.products.csv.gz,product_metadata,,[],[],[],[],pass,[]
web2000-0720,0000100051706,open_food_facts_product_metadata,Open Food Facts static bulk TSV,en.openfoodfacts.org.products.csv.gz,product_metadata,,[],[],[],[],pass,[]
web2000-0721,0000100051707,open_food_facts_product_metadata,Open Food Facts static bulk TSV,en.openfoodfacts.org.products.csv.gz,product_metadata,,[],[],[],[],pass,[]
web2000-0722,0000100074573,open_food_facts_product_metadata,Open Food Facts static bulk TSV,en.openfoodfacts.org.products.csv.gz,product_metadata,,[],[],[],[],pass,[]
web2000-0723,00001001,open_food_facts_product_metadata,Open Food Facts static bulk TSV,en.openfoodfacts.org.products.csv.gz,product_metadata,,[],[],[],[],pass,[]
web2000-0724,00001002,open_food_facts_product_metadata,Open Food Facts static bulk TSV,en.openfoodfacts.org.products.csv.gz,product_metadata,,[],[],[],[],pass,[]
web2000-0725,0000100240061,open_food_facts_product_metadata,Open Food Facts static bulk TSV,en.openfoodfacts.org.products.csv.gz,product_metadata,,[],[],[],[],pass,[]
web2000-0726,0000100292688,open_food_facts_product_metadata,Open Food Facts static bulk TSV,en.openfoodfacts.org.products.csv.gz,product_metadata,,[],[],[],[],pass,[]
web2000-0727,00001003,open_food_facts_product_metadata,Open Food Facts static bulk TSV,en.openfoodfacts.org.products.csv.gz,product_metadata,,[],[],[],[],pass,[]
web2000-0728,0000100303014,open_food_facts_product_metadata,Open Food Facts static bulk TSV,en.openfoodfacts.org.products.csv.gz,product_metadata,,[],[],[],[],pass,[]
web2000-0729,0000100354000,open_food_facts_product_metadata,Open Food Facts static bulk TSV,en.openfoodfacts.org.products.csv.gz,product_metadata,,[],[],[],[],pass,[]
web2000-0730,00001004,open_food_facts_product_metadata,Open Food Facts static bulk TSV,en.openfoodfacts.org.products.csv.gz,product_metadata,,[],[],[],[],pass,[]
web2000-0731,0000100561067,open_food_facts_product_metadata,Open Food Facts static bulk TSV,en.openfoodfacts.org.products.csv.gz,product_metadata,,[],[],[],[],pass,[]
web2000-0732,00001006,open_food_facts_product_metadata,Open Food Facts static bulk TSV,en.openfoodfacts.org.products.csv.gz,product_metadata,,[],[],[],[],pass,[]
web2000-0733,0000100701005,open_food_facts_product_metadata,Open Food Facts static bulk TSV,en.openfoodfacts.org.products.csv.gz,product_metadata,,[],[],[],[],pass,[]
web2000-0734,0000100701006,open_food_facts_product_metadata,Open Food Facts static bulk TSV,en.openfoodfacts.org.products.csv.gz,product_metadata,,[],[],[],[],pass,[]
web2000-0735,0000100701007,open_food_facts_product_metadata,Open Food Facts static bulk TSV,en.openfoodfacts.org.products.csv.gz,product_metadata,,[],[],[],[],pass,[]
web2000-0736,0000100701008,open_food_facts_product_metadata,Open Food Facts static bulk TSV,en.openfoodfacts.org.products.csv.gz,product_metadata,,[],[],[],[],pass,[]
web2000-0737,0000100722535,open_food_facts_product_metadata,Open Food Facts static bulk TSV,en.openfoodfacts.org.products.csv.gz,product_metadata,,[],[],[],[],pass,[]
web2000-0738,0000100734431,open_food_facts_product_metadata,Open Food Facts static bulk TSV,en.openfoodfacts.org.products.csv.gz,product_metadata,,[],[],[],[],pass,[]
web2000-0739,00001008,open_food_facts_product_metadata,Open Food Facts static bulk TSV,en.openfoodfacts.org.products.csv.gz,product_metadata,,[],[],[],[],pass,[]
web2000-0740,0000100810429,open_food_facts_product_metadata,Open Food Facts static bulk TSV,en.openfoodfacts.org.products.csv.gz,product_metadata,,[],[],[],[],pass,[]
web2000-0741,0000100818950,open_food_facts_product_metadata,Open Food Facts static bulk TSV,en.openfoodfacts.org.products.csv.gz,product_metadata,,[],[],[],[],pass,[]
web2000-0742,0000100893008,open_food_facts_product_metadata,Open Food Facts static bulk TSV,en.openfoodfacts.org.products.csv.gz,product_metadata,,[],[],[],[],pass,[]
web2000-0743,0000100894271,open_food_facts_product_metadata,Open Food Facts static bulk TSV,en.openfoodfacts.org.products.csv.gz,product_metadata,,[],[],[],[],pass,[]
web2000-0744,0000101000053,open_food_facts_product_metadata,Open Food Facts static bulk TSV,en.openfoodfacts.org.products.csv.gz,product_metadata,,[],[],[],[],pass,[]
web2000-0745,0000101019680,open_food_facts_product_metadata,Open Food Facts static bulk TSV,en.openfoodfacts.org.products.csv.gz,product_metadata,,[],[],[],[],pass,[]
web2000-0746,00001011,open_food_facts_product_metadata,Open Food Facts static bulk TSV,en.openfoodfacts.org.products.csv.gz,product_metadata,,[],[],[],[],pass,[]
web2000-0747,0000101100324,open_food_facts_product_metadata,Open Food Facts static bulk TSV,en.openfoodfacts.org.products.csv.gz,product_metadata,,[],[],[],[],pass,[]
web2000-0748,0000101100435,open_food_facts_product_metadata,Open Food Facts static bulk TSV,en.openfoodfacts.org.products.csv.gz,product_metadata,,[],[],[],[],pass,[]
web2000-0749,0000101100507,open_food_facts_product_metadata,Open Food Facts static bulk TSV,en.openfoodfacts.org.products.csv.gz,product_metadata,,[],[],[],[],pass,[]
web2000-0750,0000101100808,open_food_facts_product_metadata,Open Food Facts static bulk TSV,en.openfoodfacts.org.products.csv.gz,product_metadata,,[],[],[],[],pass,[]
web2000-0751,0000101101684,open_food_facts_product_metadata,Open Food Facts static bulk TSV,en.openfoodfacts.org.products.csv.gz,product_metadata,,[],[],[],[],pass,[]
web2000-0752,0000101101888,open_food_facts_product_metadata,Open Food Facts static bulk TSV,en.openfoodfacts.org.products.csv.gz,product_metadata,,[],[],[],[],pass,[]
web2000-0753,0000101101924,open_food_facts_product_metadata,Open Food Facts static bulk TSV,en.openfoodfacts.org.products.csv.gz,product_metadata,,[],[],[],[],pass,[]
web2000-0754,0000101102198,open_food_facts_product_metadata,Open Food Facts static bulk TSV,en.openfoodfacts.org.products.csv.gz,product_metadata,,[],[],[],[],pass,[]
web2000-0755,0000101102572,open_food_facts_product_metadata,Open Food Facts static bulk TSV,en.openfoodfacts.org.products.csv.gz,product_metadata,,[],[],[],[],pass,[]
web2000-0756,0000101156170,open_food_facts_product_metadata,Open Food Facts static bulk TSV,en.openfoodfacts.org.products.csv.gz,product_metadata,,[],[],[],[],pass,[]
web2000-0757,0000101209159,open_food_facts_product_metadata,Open Food Facts static bulk TSV,en.openfoodfacts.org.products.csv.gz,product_metadata,,[],[],[],[],pass,[]
web2000-0758,0000101211046,open_food_facts_product_metadata,Open Food Facts static bulk TSV,en.openfoodfacts.org.products.csv.gz,product_metadata,,[],[],[],[],pass,[]
web2000-0759,0000101266509,open_food_facts_product_metadata,Open Food Facts static bulk TSV,en.openfoodfacts.org.products.csv.gz,product_metadata,,[],[],[],[],pass,[]
web2000-0760,00001013,open_food_facts_product_metadata,Open Food Facts static bulk TSV,en.openfoodfacts.org.products.csv.gz,product_metadata,,[],[],[],[],pass,[]
web2000-0761,0000101331367,open_food_facts_product_metadata,Open Food Facts static bulk TSV,en.openfoodfacts.org.products.csv.gz,product_metadata,,[],[],[],[],pass,[]
web2000-0762,0000101331368,open_food_facts_product_metadata,Open Food Facts static bulk TSV,en.openfoodfacts.org.products.csv.gz,product_metadata,,[],[],[],[],pass,[]
web2000-0763,0000101331371,open_food_facts_product_metadata,Open Food Facts static bulk TSV,en.openfoodfacts.org.products.csv.gz,product_metadata,,[],[],[],[],pass,[]
web2000-0764,0000101348123,open_food_facts_product_metadata,Open Food Facts static bulk TSV,en.openfoodfacts.org.products.csv.gz,product_metadata,,[],[],[],[],pass,[]
web2000-0765,00001014,open_food_facts_product_metadata,Open Food Facts static bulk TSV,en.openfoodfacts.org.products.csv.gz,product_metadata,,[],[],[],[],pass,[]
web2000-0766,0000101401643,open_food_facts_product_metadata,Open Food Facts static bulk TSV,en.openfoodfacts.org.products.csv.gz,product_metadata,,[],[],[],[],pass,[]
web2000-0767,0000101401644,open_food_facts_product_metadata,Open Food Facts static bulk TSV,en.openfoodfacts.org.products.csv.gz,product_metadata,,[],[],[],[],pass,[]
web2000-0768,0000101403163,open_food_facts_product_metadata,Open Food Facts static bulk TSV,en.openfoodfacts.org.products.csv.gz,product_metadata,,[],[],[],[],pass,[]
web2000-0769,0000101403165,open_food_facts_product_metadata,Open Food Facts static bulk TSV,en.openfoodfacts.org.products.csv.gz,product_metadata,,[],[],[],[],pass,[]
web2000-0770,0000101403175,open_food_facts_product_metadata,Open Food Facts static bulk TSV,en.openfoodfacts.org.products.csv.gz,product_metadata,,[],[],[],[],pass,[]
web2000-0771,0000101403177,open_food_facts_product_metadata,Open Food Facts static bulk TSV,en.openfoodfacts.org.products.csv.gz,product_metadata,,[],[],[],[],pass,[]
web2000-0772,0000101403187,open_food_facts_product_metadata,Open Food Facts static bulk TSV,en.openfoodfacts.org.products.csv.gz,product_metadata,,[],[],[],[],pass,[]
web2000-0773,0000101403193,open_food_facts_product_metadata,Open Food Facts static bulk TSV,en.openfoodfacts.org.products.csv.gz,product_metadata,,[],[],[],[],pass,[]
web2000-0774,0000101403199,open_food_facts_product_metadata,Open Food Facts static bulk TSV,en.openfoodfacts.org.products.csv.gz,product_metadata,,[],[],[],[],pass,[]
web2000-0775,0000101452004,open_food_facts_product_metadata,Open Food Facts static bulk TSV,en.openfoodfacts.org.products.csv.gz,product_metadata,,[],[],[],[],pass,[]
web2000-0776,0000101481695,open_food_facts_product_metadata,Open Food Facts static bulk TSV,en.openfoodfacts.org.products.csv.gz,product_metadata,,[],[],[],[],pass,[]
web2000-0777,0000101481697,open_food_facts_product_metadata,Open Food Facts static bulk TSV,en.openfoodfacts.org.products.csv.gz,product_metadata,,[],[],[],[],pass,[]
web2000-0778,0000101481699,open_food_facts_product_metadata,Open Food Facts static bulk TSV,en.openfoodfacts.org.products.csv.gz,product_metadata,,[],[],[],[],pass,[]
web2000-0779,0000101481701,open_food_facts_product_metadata,Open Food Facts static bulk TSV,en.openfoodfacts.org.products.csv.gz,product_metadata,,[],[],[],[],pass,[]
web2000-0780,0000101481703,open_food_facts_product_metadata,Open Food Facts static bulk TSV,en.openfoodfacts.org.products.csv.gz,product_metadata,,[],[],[],[],pass,[]
web2000-0781,0000101481707,open_food_facts_product_metadata,Open Food Facts static bulk TSV,en.openfoodfacts.org.products.csv.gz,product_metadata,,[],[],[],[],pass,[]
web2000-0782,0000101481721,open_food_facts_product_metadata,Open Food Facts static bulk TSV,en.openfoodfacts.org.products.csv.gz,product_metadata,,[],[],[],[],pass,[]
web2000-0783,0000101481723,open_food_facts_product_metadata,Open Food Facts static bulk TSV,en.openfoodfacts.org.products.csv.gz,product_metadata,,[],[],[],[],pass,[]
web2000-0784,0000101481737,open_food_facts_product_metadata,Open Food Facts static bulk TSV,en.openfoodfacts.org.products.csv.gz,product_metadata,,[],[],[],[],pass,[]
web2000-0785,0000101481741,open_food_facts_product_metadata,Open Food Facts static bulk TSV,en.openfoodfacts.org.products.csv.gz,product_metadata,,[],[],[],[],pass,[]
web2000-0786,0000101481757,open_food_facts_product_metadata,Open Food Facts static bulk TSV,en.openfoodfacts.org.products.csv.gz,product_metadata,,[],[],[],[],pass,[]
web2000-0787,00001015,open_food_facts_product_metadata,Open Food Facts static bulk TSV,en.openfoodfacts.org.products.csv.gz,product_metadata,,[],[],[],[],pass,[]
web2000-0788,00001016,open_food_facts_product_metadata,Open Food Facts static bulk TSV,en.openfoodfacts.org.products.csv.gz,product_metadata,,[],[],[],[],pass,[]
web2000-0789,0000101602460,open_food_facts_product_metadata,Open Food Facts static bulk TSV,en.openfoodfacts.org.products.csv.gz,product_metadata,,[],[],[],[],pass,[]
web2000-0790,0000101646267,open_food_facts_product_metadata,Open Food Facts static bulk TSV,en.openfoodfacts.org.products.csv.gz,product_metadata,,[],[],[],[],pass,[]
web2000-0791,0000101657995,open_food_facts_product_metadata,Open Food Facts static bulk TSV,en.openfoodfacts.org.products.csv.gz,product_metadata,,[],[],[],[],pass,[]
web2000-0792,0000101713364,open_food_facts_product_metadata,Open Food Facts static bulk TSV,en.openfoodfacts.org.products.csv.gz,product_metadata,,[],[],[],[],pass,[]
web2000-0793,00001018,open_food_facts_product_metadata,Open Food Facts static bulk TSV,en.openfoodfacts.org.products.csv.gz,product_metadata,,[],[],[],[],pass,[]
web2000-0794,0000101808986,open_food_facts_product_metadata,Open Food Facts static bulk TSV,en.openfoodfacts.org.products.csv.gz,product_metadata,,[],[],[],[],pass,[]
web2000-0795,0000101903605,open_food_facts_product_metadata,Open Food Facts static bulk TSV,en.openfoodfacts.org.products.csv.gz,product_metadata,,[],[],[],[],pass,[]
web2000-0796,0000101905350,open_food_facts_product_metadata,Open Food Facts static bulk TSV,en.openfoodfacts.org.products.csv.gz,product_metadata,,[],[],[],[],pass,[]
web2000-0797,0000101906409,open_food_facts_product_metadata,Open Food Facts static bulk TSV,en.openfoodfacts.org.products.csv.gz,product_metadata,,[],[],[],[],pass,[]
web2000-0798,0000101908783,open_food_facts_product_metadata,Open Food Facts static bulk TSV,en.openfoodfacts.org.products.csv.gz,product_metadata,,[],[],[],[],pass,[]
web2000-0799,0000101991300,open_food_facts_product_metadata,Open Food Facts static bulk TSV,en.openfoodfacts.org.products.csv.gz,product_metadata,,[],[],[],[],pass,[]
web2000-0800,0000101992200,open_food_facts_product_metadata,Open Food Facts static bulk TSV,en.openfoodfacts.org.products.csv.gz,product_metadata,,[],[],[],[],pass,[]
web2000-0801,0000102001000,open_food_facts_product_metadata,Open Food Facts static bulk TSV,en.openfoodfacts.org.products.csv.gz,product_metadata,,[],[],[],[],pass,[]
web2000-0802,0000102001808,open_food_facts_product_metadata,Open Food Facts static bulk TSV,en.openfoodfacts.org.products.csv.gz,product_metadata,,[],[],[],[],pass,[]
web2000-0803,0000102004223,open_food_facts_product_metadata,Open Food Facts static bulk TSV,en.openfoodfacts.org.products.csv.gz,product_metadata,,[],[],[],[],pass,[]
web2000-0804,0000102005708,open_food_facts_product_metadata,Open Food Facts static bulk TSV,en.openfoodfacts.org.products.csv.gz,product_metadata,,[],[],[],[],pass,[]
web2000-0805,0000102005952,open_food_facts_product_metadata,Open Food Facts static bulk TSV,en.openfoodfacts.org.products.csv.gz,product_metadata,,[],[],[],[],pass,[]
web2000-0806,0000102006462,open_food_facts_product_metadata,Open Food Facts static bulk TSV,en.openfoodfacts.org.products.csv.gz,product_metadata,,[],[],[],[],pass,[]
web2000-0807,0000102007127,open_food_facts_product_metadata,Open Food Facts static bulk TSV,en.openfoodfacts.org.products.csv.gz,product_metadata,,[],[],[],[],pass,[]
web2000-0808,0000102009402,open_food_facts_product_metadata,Open Food Facts static bulk TSV,en.openfoodfacts.org.products.csv.gz,product_metadata,,[],[],[],[],pass,[]
web2000-0809,0000102020002,open_food_facts_product_metadata,Open Food Facts static bulk TSV,en.openfoodfacts.org.products.csv.gz,product_metadata,,[],[],[],[],pass,[]
web2000-0810,0000102041987,open_food_facts_product_metadata,Open Food Facts static bulk TSV,en.openfoodfacts.org.products.csv.gz,product_metadata,,[],[],[],[],pass,[]
web2000-0811,0000102049853,open_food_facts_product_metadata,Open Food Facts static bulk TSV,en.openfoodfacts.org.products.csv.gz,product_metadata,,[],[],[],[],pass,[]
web2000-0812,0000102072165,open_food_facts_product_metadata,Open Food Facts static bulk TSV,en.openfoodfacts.org.products.csv.gz,product_metadata,,[],[],[],[],pass,[]
web2000-0813,0000102081301,open_food_facts_product_metadata,Open Food Facts static bulk TSV,en.openfoodfacts.org.products.csv.gz,product_metadata,,[],[],[],[],pass,[]
web2000-0814,0000102100243,open_food_facts_product_metadata,Open Food Facts static bulk TSV,en.openfoodfacts.org.products.csv.gz,product_metadata,,[],[],[],[],pass,[]
web2000-0815,0000102102024,open_food_facts_product_metadata,Open Food Facts static bulk TSV,en.openfoodfacts.org.products.csv.gz,product_metadata,,[],[],[],[],pass,[]
web2000-0816,0000102102779,open_food_facts_product_metadata,Open Food Facts static bulk TSV,en.openfoodfacts.org.products.csv.gz,product_metadata,,[],[],[],[],pass,[]
web2000-0817,0000102103428,open_food_facts_product_metadata,Open Food Facts static bulk TSV,en.openfoodfacts.org.products.csv.gz,product_metadata,,[],[],[],[],pass,[]
web2000-0818,0000102104209,open_food_facts_product_metadata,Open Food Facts static bulk TSV,en.openfoodfacts.org.products.csv.gz,product_metadata,,[],[],[],[],pass,[]
web2000-0819,0000102104609,open_food_facts_product_metadata,Open Food Facts static bulk TSV,en.openfoodfacts.org.products.csv.gz,product_metadata,,[],[],[],[],pass,[]
web2000-0820,0000102109537,open_food_facts_product_metadata,Open Food Facts static bulk TSV,en.openfoodfacts.org.products.csv.gz,product_metadata,,[],[],[],[],pass,[]
web2000-0821,0000102150002,open_food_facts_product_metadata,Open Food Facts static bulk TSV,en.openfoodfacts.org.products.csv.gz,product_metadata,,[],[],[],[],pass,[]
web2000-0822,00001022,open_food_facts_product_metadata,Open Food Facts static bulk TSV,en.openfoodfacts.org.products.csv.gz,product_metadata,,[],[],[],[],pass,[]
web2000-0823,0000102200155,open_food_facts_product_metadata,Open Food Facts static bulk TSV,en.openfoodfacts.org.products.csv.gz,product_metadata,,[],[],[],[],pass,[]
web2000-0824,0000102203492,open_food_facts_product_metadata,Open Food Facts static bulk TSV,en.openfoodfacts.org.products.csv.gz,product_metadata,,[],[],[],[],pass,[]
web2000-0825,0000102210541,open_food_facts_product_metadata,Open Food Facts static bulk TSV,en.openfoodfacts.org.products.csv.gz,product_metadata,,[],[],[],[],pass,[]
web2000-0826,0000102210927,open_food_facts_product_metadata,Open Food Facts static bulk TSV,en.openfoodfacts.org.products.csv.gz,product_metadata,,[],[],[],[],pass,[]
web2000-0827,0000102239128,open_food_facts_product_metadata,Open Food Facts static bulk TSV,en.openfoodfacts.org.products.csv.gz,product_metadata,,[],[],[],[],pass,[]
web2000-0828,00001023,open_food_facts_product_metadata,Open Food Facts static bulk TSV,en.openfoodfacts.org.products.csv.gz,product_metadata,,[],[],[],[],pass,[]
web2000-0829,0000102303605,open_food_facts_product_metadata,Open Food Facts static bulk TSV,en.openfoodfacts.org.products.csv.gz,product_metadata,,[],[],[],[],pass,[]
web2000-0830,0000102308124,open_food_facts_product_metadata,Open Food Facts static bulk TSV,en.openfoodfacts.org.products.csv.gz,product_metadata,,[],[],[],[],pass,[]
web2000-0831,0000102348725,open_food_facts_product_metadata,Open Food Facts static bulk TSV,en.openfoodfacts.org.products.csv.gz,product_metadata,,[],[],[],[],pass,[]
web2000-0832,00001024,open_food_facts_product_metadata,Open Food Facts static bulk TSV,en.openfoodfacts.org.products.csv.gz,product_metadata,,[],[],[],[],pass,[]
web2000-0833,0000102400257,open_food_facts_product_metadata,Open Food Facts static bulk TSV,en.openfoodfacts.org.products.csv.gz,product_metadata,,[],[],[],[],pass,[]
web2000-0834,00001025,open_food_facts_product_metadata,Open Food Facts static bulk TSV,en.openfoodfacts.org.products.csv.gz,product_metadata,,[],[],[],[],pass,[]
web2000-0835,0000102505082,open_food_facts_product_metadata,Open Food Facts static bulk TSV,en.openfoodfacts.org.products.csv.gz,product_metadata,,[],[],[],[],pass,[]
web2000-0836,0000102706966,open_food_facts_product_metadata,Open Food Facts static bulk TSV,en.openfoodfacts.org.products.csv.gz,product_metadata,,[],[],[],[],pass,[]
web2000-0837,0000102781138,open_food_facts_product_metadata,Open Food Facts static bulk TSV,en.openfoodfacts.org.products.csv.gz,product_metadata,,[],[],[],[],pass,[]
web2000-0838,00001028,open_food_facts_product_metadata,Open Food Facts static bulk TSV,en.openfoodfacts.org.products.csv.gz,product_metadata,,[],[],[],[],pass,[]
web2000-0839,00001029,open_food_facts_product_metadata,Open Food Facts static bulk TSV,en.openfoodfacts.org.products.csv.gz,product_metadata,,[],[],[],[],pass,[]
web2000-0840,0000102990400,open_food_facts_product_metadata,Open Food Facts static bulk TSV,en.openfoodfacts.org.products.csv.gz,product_metadata,,[],[],[],[],pass,[]
web2000-0841,0000102990800,open_food_facts_product_metadata,Open Food Facts static bulk TSV,en.openfoodfacts.org.products.csv.gz,product_metadata,,[],[],[],[],pass,[]
web2000-0842,0000102991700,open_food_facts_product_metadata,Open Food Facts static bulk TSV,en.openfoodfacts.org.products.csv.gz,product_metadata,,[],[],[],[],pass,[]
web2000-0843,0000102991701,open_food_facts_product_metadata,Open Food Facts static bulk TSV,en.openfoodfacts.org.products.csv.gz,product_metadata,,[],[],[],[],pass,[]
web2000-0844,0000103010104,open_food_facts_product_metadata,Open Food Facts static bulk TSV,en.openfoodfacts.org.products.csv.gz,product_metadata,,[],[],[],[],pass,[]
web2000-0845,0000103124104,open_food_facts_product_metadata,Open Food Facts static bulk TSV,en.openfoodfacts.org.products.csv.gz,product_metadata,,[],[],[],[],pass,[]
web2000-0846,0000103207190,open_food_facts_product_metadata,Open Food Facts static bulk TSV,en.openfoodfacts.org.products.csv.gz,product_metadata,,[],[],[],[],pass,[]
web2000-0847,0000103223015,open_food_facts_product_metadata,Open Food Facts static bulk TSV,en.openfoodfacts.org.products.csv.gz,product_metadata,,[],[],[],[],pass,[]
web2000-0848,0000103224075,open_food_facts_product_metadata,Open Food Facts static bulk TSV,en.openfoodfacts.org.products.csv.gz,product_metadata,,[],[],[],[],pass,[]
web2000-0849,0000103224110,open_food_facts_product_metadata,Open Food Facts static bulk TSV,en.openfoodfacts.org.products.csv.gz,product_metadata,,[],[],[],[],pass,[]
web2000-0850,0000103226535,open_food_facts_product_metadata,Open Food Facts static bulk TSV,en.openfoodfacts.org.products.csv.gz,product_metadata,,[],[],[],[],pass,[]
web2000-0851,0000103227240,open_food_facts_product_metadata,Open Food Facts static bulk TSV,en.openfoodfacts.org.products.csv.gz,product_metadata,,[],[],[],[],pass,[]
web2000-0852,0000103227568,open_food_facts_product_metadata,Open Food Facts static bulk TSV,en.openfoodfacts.org.products.csv.gz,product_metadata,,[],[],[],[],pass,[]
web2000-0853,0000103227577,open_food_facts_product_metadata,Open Food Facts static bulk TSV,en.openfoodfacts.org.products.csv.gz,product_metadata,,[],[],[],[],pass,[]
web2000-0854,0000103227584,open_food_facts_product_metadata,Open Food Facts static bulk TSV,en.openfoodfacts.org.products.csv.gz,product_metadata,,[],[],[],[],pass,[]
web2000-0855,0000103228087,open_food_facts_product_metadata,Open Food Facts static bulk TSV,en.openfoodfacts.org.products.csv.gz,product_metadata,,[],[],[],[],pass,[]
web2000-0856,00001033,open_food_facts_product_metadata,Open Food Facts static bulk TSV,en.openfoodfacts.org.products.csv.gz,product_metadata,,[],[],[],[],pass,[]
web2000-0857,0000103339990,open_food_facts_product_metadata,Open Food Facts static bulk TSV,en.openfoodfacts.org.products.csv.gz,product_metadata,,[],[],[],[],pass,[]
web2000-0858,0000103425404,open_food_facts_product_metadata,Open Food Facts static bulk TSV,en.openfoodfacts.org.products.csv.gz,product_metadata,,[],[],[],[],pass,[]
web2000-0859,0000103529964,open_food_facts_product_metadata,Open Food Facts static bulk TSV,en.openfoodfacts.org.products.csv.gz,product_metadata,,[],[],[],[],pass,[]
web2000-0860,00001036,open_food_facts_product_metadata,Open Food Facts static bulk TSV,en.openfoodfacts.org.products.csv.gz,product_metadata,,[],[],[],[],pass,[]
web2000-0861,0000103693594,open_food_facts_product_metadata,Open Food Facts static bulk TSV,en.openfoodfacts.org.products.csv.gz,product_metadata,,[],[],[],[],pass,[]
web2000-0862,0000103753209,open_food_facts_product_metadata,Open Food Facts static bulk TSV,en.openfoodfacts.org.products.csv.gz,product_metadata,,[],[],[],[],pass,[]
web2000-0863,0000103783001,open_food_facts_product_metadata,Open Food Facts static bulk TSV,en.openfoodfacts.org.products.csv.gz,product_metadata,,[],[],[],[],pass,[]
web2000-0864,00001038,open_food_facts_product_metadata,Open Food Facts static bulk TSV,en.openfoodfacts.org.products.csv.gz,product_metadata,,[],[],[],[],pass,[]
web2000-0865,0000103804651,open_food_facts_product_metadata,Open Food Facts static bulk TSV,en.openfoodfacts.org.products.csv.gz,product_metadata,,[],[],[],[],pass,[]
web2000-0866,0000103918562,open_food_facts_product_metadata,Open Food Facts static bulk TSV,en.openfoodfacts.org.products.csv.gz,product_metadata,,[],[],[],[],pass,[]
web2000-0867,0000103976394,open_food_facts_product_metadata,Open Food Facts static bulk TSV,en.openfoodfacts.org.products.csv.gz,product_metadata,,[],[],[],[],pass,[]
web2000-0868,00001040,open_food_facts_product_metadata,Open Food Facts static bulk TSV,en.openfoodfacts.org.products.csv.gz,product_metadata,,[],[],[],[],pass,[]
web2000-0869,0000104026241,open_food_facts_product_metadata,Open Food Facts static bulk TSV,en.openfoodfacts.org.products.csv.gz,product_metadata,,[],[],[],[],pass,[]
web2000-0870,0000104052486,open_food_facts_product_metadata,Open Food Facts static bulk TSV,en.openfoodfacts.org.products.csv.gz,product_metadata,,[],[],[],[],pass,[]
web2000-0871,00001041,open_food_facts_product_metadata,Open Food Facts static bulk TSV,en.openfoodfacts.org.products.csv.gz,product_metadata,,[],[],[],[],pass,[]
web2000-0872,00001042,open_food_facts_product_metadata,Open Food Facts static bulk TSV,en.openfoodfacts.org.products.csv.gz,product_metadata,,[],[],[],[],pass,[]
web2000-0873,00001045,open_food_facts_product_metadata,Open Food Facts static bulk TSV,en.openfoodfacts.org.products.csv.gz,product_metadata,,[],[],[],[],pass,[]
web2000-0874,0000104502836,open_food_facts_product_metadata,Open Food Facts static bulk TSV,en.openfoodfacts.org.products.csv.gz,product_metadata,,[],[],[],[],pass,[]
web2000-0875,0000104563620,open_food_facts_product_metadata,Open Food Facts static bulk TSV,en.openfoodfacts.org.products.csv.gz,product_metadata,,[],[],[],[],pass,[]
web2000-0876,00001046,open_food_facts_product_metadata,Open Food Facts static bulk TSV,en.openfoodfacts.org.products.csv.gz,product_metadata,,[],[],[],[],pass,[]
web2000-0877,0000104647847,open_food_facts_product_metadata,Open Food Facts static bulk TSV,en.openfoodfacts.org.products.csv.gz,product_metadata,,[],[],[],[],pass,[]
web2000-0878,0000104712761,open_food_facts_product_metadata,Open Food Facts static bulk TSV,en.openfoodfacts.org.products.csv.gz,product_metadata,,[],[],[],[],pass,[]
web2000-0879,00001050,open_food_facts_product_metadata,Open Food Facts static bulk TSV,en.openfoodfacts.org.products.csv.gz,product_metadata,,[],[],[],[],pass,[]
web2000-0880,0000105000011,open_food_facts_product_metadata,Open Food Facts static bulk TSV,en.openfoodfacts.org.products.csv.gz,product_metadata,,[],[],[],[],pass,[]
web2000-0881,0000105000042,open_food_facts_product_metadata,Open Food Facts static bulk TSV,en.openfoodfacts.org.products.csv.gz,product_metadata,,[],[],[],[],pass,[]
web2000-0882,0000105000059,open_food_facts_product_metadata,Open Food Facts static bulk TSV,en.openfoodfacts.org.products.csv.gz,product_metadata,,[],[],[],[],pass,[]
web2000-0883,0000105000066,open_food_facts_product_metadata,Open Food Facts static bulk TSV,en.openfoodfacts.org.products.csv.gz,product_metadata,,[],[],[],[],pass,[]
web2000-0884,0000105000073,open_food_facts_product_metadata,Open Food Facts static bulk TSV,en.openfoodfacts.org.products.csv.gz,product_metadata,,[],[],[],[],pass,[]
web2000-0885,0000105000196,open_food_facts_product_metadata,Open Food Facts static bulk TSV,en.openfoodfacts.org.products.csv.gz,product_metadata,,[],[],[],[],pass,[]
web2000-0886,0000105000219,open_food_facts_product_metadata,Open Food Facts static bulk TSV,en.openfoodfacts.org.products.csv.gz,product_metadata,,[],[],[],[],pass,[]
web2000-0887,0000105000318,open_food_facts_product_metadata,Open Food Facts static bulk TSV,en.openfoodfacts.org.products.csv.gz,product_metadata,,[],[],[],[],pass,[]
web2000-0888,0000105000356,open_food_facts_product_metadata,Open Food Facts static bulk TSV,en.openfoodfacts.org.products.csv.gz,product_metadata,,[],[],[],[],pass,[]
web2000-0889,0000105000363,open_food_facts_product_metadata,Open Food Facts static bulk TSV,en.openfoodfacts.org.products.csv.gz,product_metadata,,[],[],[],[],pass,[]
web2000-0890,0000105000417,open_food_facts_product_metadata,Open Food Facts static bulk TSV,en.openfoodfacts.org.products.csv.gz,product_metadata,,[],[],[],[],pass,[]
web2000-0891,0000105120000,open_food_facts_product_metadata,Open Food Facts static bulk TSV,en.openfoodfacts.org.products.csv.gz,product_metadata,,[],[],[],[],pass,[]
web2000-0892,0000105120597,open_food_facts_product_metadata,Open Food Facts static bulk TSV,en.openfoodfacts.org.products.csv.gz,product_metadata,,[],[],[],[],pass,[]
web2000-0893,0000105174832,open_food_facts_product_metadata,Open Food Facts static bulk TSV,en.openfoodfacts.org.products.csv.gz,product_metadata,,[],[],[],[],pass,[]
web2000-0894,0000105174834,open_food_facts_product_metadata,Open Food Facts static bulk TSV,en.openfoodfacts.org.products.csv.gz,product_metadata,,[],[],[],[],pass,[]
web2000-0895,00001052,open_food_facts_product_metadata,Open Food Facts static bulk TSV,en.openfoodfacts.org.products.csv.gz,product_metadata,,[],[],[],[],pass,[]
web2000-0896,0000105200923,open_food_facts_product_metadata,Open Food Facts static bulk TSV,en.openfoodfacts.org.products.csv.gz,product_metadata,,[],[],[],[],pass,[]
web2000-0897,0000105200961,open_food_facts_product_metadata,Open Food Facts static bulk TSV,en.openfoodfacts.org.products.csv.gz,product_metadata,,[],[],[],[],pass,[]
web2000-0898,00001053,open_food_facts_product_metadata,Open Food Facts static bulk TSV,en.openfoodfacts.org.products.csv.gz,product_metadata,,[],[],[],[],pass,[]
web2000-0899,0000105394811,open_food_facts_product_metadata,Open Food Facts static bulk TSV,en.openfoodfacts.org.products.csv.gz,product_metadata,,[],[],[],[],pass,[]
web2000-0900,00001054,open_food_facts_product_metadata,Open Food Facts static bulk TSV,en.openfoodfacts.org.products.csv.gz,product_metadata,,[],[],[],[],pass,[]
web2000-0901,0000105422648,open_food_facts_product_metadata,Open Food Facts static bulk TSV,en.openfoodfacts.org.products.csv.gz,product_metadata,,[],[],[],[],pass,[]
web2000-0902,00001056,open_food_facts_product_metadata,Open Food Facts static bulk TSV,en.openfoodfacts.org.products.csv.gz,product_metadata,,[],[],[],[],pass,[]
web2000-0903,0000105609242,open_food_facts_product_metadata,Open Food Facts static bulk TSV,en.openfoodfacts.org.products.csv.gz,product_metadata,,[],[],[],[],pass,[]
web2000-0904,0000105680197,open_food_facts_product_metadata,Open Food Facts static bulk TSV,en.openfoodfacts.org.products.csv.gz,product_metadata,,[],[],[],[],pass,[]
web2000-0905,00001057,open_food_facts_product_metadata,Open Food Facts static bulk TSV,en.openfoodfacts.org.products.csv.gz,product_metadata,,[],[],[],[],pass,[]
web2000-0906,0000105753061,open_food_facts_product_metadata,Open Food Facts static bulk TSV,en.openfoodfacts.org.products.csv.gz,product_metadata,,[],[],[],[],pass,[]
web2000-0907,0000105753078,open_food_facts_product_metadata,Open Food Facts static bulk TSV,en.openfoodfacts.org.products.csv.gz,product_metadata,,[],[],[],[],pass,[]
web2000-0908,00001058,open_food_facts_product_metadata,Open Food Facts static bulk TSV,en.openfoodfacts.org.products.csv.gz,product_metadata,,[],[],[],[],pass,[]
web2000-0909,00001059,open_food_facts_product_metadata,Open Food Facts static bulk TSV,en.openfoodfacts.org.products.csv.gz,product_metadata,,[],[],[],[],pass,[]
web2000-0910,0000105935452,open_food_facts_product_metadata,Open Food Facts static bulk TSV,en.openfoodfacts.org.products.csv.gz,product_metadata,,[],[],[],[],pass,[]
web2000-0911,0000106006890,open_food_facts_product_metadata,Open Food Facts static bulk TSV,en.openfoodfacts.org.products.csv.gz,product_metadata,,[],[],[],[],pass,[]
web2000-0912,0000106007576,open_food_facts_product_metadata,Open Food Facts static bulk TSV,en.openfoodfacts.org.products.csv.gz,product_metadata,,[],[],[],[],pass,[]
web2000-0913,0000106008559,open_food_facts_product_metadata,Open Food Facts static bulk TSV,en.openfoodfacts.org.products.csv.gz,product_metadata,,[],[],[],[],pass,[]
web2000-0914,00001061,open_food_facts_product_metadata,Open Food Facts static bulk TSV,en.openfoodfacts.org.products.csv.gz,product_metadata,,[],[],[],[],pass,[]
web2000-0915,0000106150901,open_food_facts_product_metadata,Open Food Facts static bulk TSV,en.openfoodfacts.org.products.csv.gz,product_metadata,,[],[],[],[],pass,[]
web2000-0916,00001062,open_food_facts_product_metadata,Open Food Facts static bulk TSV,en.openfoodfacts.org.products.csv.gz,product_metadata,,[],[],[],[],pass,[]
web2000-0917,00001063,open_food_facts_product_metadata,Open Food Facts static bulk TSV,en.openfoodfacts.org.products.csv.gz,product_metadata,,[],[],[],[],pass,[]
web2000-0918,00001064,open_food_facts_product_metadata,Open Food Facts static bulk TSV,en.openfoodfacts.org.products.csv.gz,product_metadata,,[],[],[],[],pass,[]
web2000-0919,00001065,open_food_facts_product_metadata,Open Food Facts static bulk TSV,en.openfoodfacts.org.products.csv.gz,product_metadata,,[],[],[],[],pass,[]
web2000-0920,00001067,open_food_facts_product_metadata,Open Food Facts static bulk TSV,en.openfoodfacts.org.products.csv.gz,product_metadata,,[],[],[],[],pass,[]
web2000-0921,00001069,open_food_facts_product_metadata,Open Food Facts static bulk TSV,en.openfoodfacts.org.products.csv.gz,product_metadata,,[],[],[],[],pass,[]
web2000-0922,00001070,open_food_facts_product_metadata,Open Food Facts static bulk TSV,en.openfoodfacts.org.products.csv.gz,product_metadata,,[],[],[],[],pass,[]
web2000-0923,00001071,open_food_facts_product_metadata,Open Food Facts static bulk TSV,en.openfoodfacts.org.products.csv.gz,product_metadata,,[],[],[],[],pass,[]
web2000-0924,00001073,open_food_facts_product_metadata,Open Food Facts static bulk TSV,en.openfoodfacts.org.products.csv.gz,product_metadata,,[],[],[],[],pass,[]
web2000-0925,0000107343861,open_food_facts_product_metadata,Open Food Facts static bulk TSV,en.openfoodfacts.org.products.csv.gz,product_metadata,,[],[],[],[],pass,[]
web2000-0926,0000107448808,open_food_facts_product_metadata,Open Food Facts static bulk TSV,en.openfoodfacts.org.products.csv.gz,product_metadata,,[],[],[],[],pass,[]
web2000-0927,00001076,open_food_facts_product_metadata,Open Food Facts static bulk TSV,en.openfoodfacts.org.products.csv.gz,product_metadata,,[],[],[],[],pass,[]
web2000-0928,0000107652270,open_food_facts_product_metadata,Open Food Facts static bulk TSV,en.openfoodfacts.org.products.csv.gz,product_metadata,,[],[],[],[],pass,[]
web2000-0929,00001077,open_food_facts_product_metadata,Open Food Facts static bulk TSV,en.openfoodfacts.org.products.csv.gz,product_metadata,,[],[],[],[],pass,[]
web2000-0930,0000107797209,open_food_facts_product_metadata,Open Food Facts static bulk TSV,en.openfoodfacts.org.products.csv.gz,product_metadata,,[],[],[],[],pass,[]
web2000-0931,00001079,open_food_facts_product_metadata,Open Food Facts static bulk TSV,en.openfoodfacts.org.products.csv.gz,product_metadata,,[],[],[],[],pass,[]
web2000-0932,0000107972030,open_food_facts_product_metadata,Open Food Facts static bulk TSV,en.openfoodfacts.org.products.csv.gz,product_metadata,,[],[],[],[],pass,[]
web2000-0933,00001080,open_food_facts_product_metadata,Open Food Facts static bulk TSV,en.openfoodfacts.org.products.csv.gz,product_metadata,,[],[],[],[],pass,[]
web2000-0934,0000108002049,open_food_facts_product_metadata,Open Food Facts static bulk TSV,en.openfoodfacts.org.products.csv.gz,product_metadata,,[],[],[],[],pass,[]
web2000-0935,0000108066401,open_food_facts_product_metadata,Open Food Facts static bulk TSV,en.openfoodfacts.org.products.csv.gz,product_metadata,,[],[],[],[],pass,[]
web2000-0936,0000108066501,open_food_facts_product_metadata,Open Food Facts static bulk TSV,en.openfoodfacts.org.products.csv.gz,product_metadata,,[],[],[],[],pass,[]
web2000-0937,0000108069830,open_food_facts_product_metadata,Open Food Facts static bulk TSV,en.openfoodfacts.org.products.csv.gz,product_metadata,,[],[],[],[],pass,[]
web2000-0938,00001081,open_food_facts_product_metadata,Open Food Facts static bulk TSV,en.openfoodfacts.org.products.csv.gz,product_metadata,,[],[],[],[],pass,[]
web2000-0939,00001082,open_food_facts_product_metadata,Open Food Facts static bulk TSV,en.openfoodfacts.org.products.csv.gz,product_metadata,,[],[],[],[],pass,[]
web2000-0940,00001083,open_food_facts_product_metadata,Open Food Facts static bulk TSV,en.openfoodfacts.org.products.csv.gz,product_metadata,,[],[],[],[],pass,[]
web2000-0941,00001084,open_food_facts_product_metadata,Open Food Facts static bulk TSV,en.openfoodfacts.org.products.csv.gz,product_metadata,,[],[],[],[],pass,[]
web2000-0942,00001085,open_food_facts_product_metadata,Open Food Facts static bulk TSV,en.openfoodfacts.org.products.csv.gz,product_metadata,,[],[],[],[],pass,[]
web2000-0943,0000108522603,open_food_facts_product_metadata,Open Food Facts static bulk TSV,en.openfoodfacts.org.products.csv.gz,product_metadata,,[],[],[],[],pass,[]
web2000-0944,00001087,open_food_facts_product_metadata,Open Food Facts static bulk TSV,en.openfoodfacts.org.products.csv.gz,product_metadata,,[],[],[],[],pass,[]
web2000-0945,0000108703174,open_food_facts_product_metadata,Open Food Facts static bulk TSV,en.openfoodfacts.org.products.csv.gz,product_metadata,,[],[],[],[],pass,[]
web2000-0946,0000108780106,open_food_facts_product_metadata,Open Food Facts static bulk TSV,en.openfoodfacts.org.products.csv.gz,product_metadata,,[],[],[],[],pass,[]
web2000-0947,00001088,open_food_facts_product_metadata,Open Food Facts static bulk TSV,en.openfoodfacts.org.products.csv.gz,product_metadata,,[],[],[],[],pass,[]
web2000-0948,00001089,open_food_facts_product_metadata,Open Food Facts static bulk TSV,en.openfoodfacts.org.products.csv.gz,product_metadata,,[],[],[],[],pass,[]
web2000-0949,00001090,open_food_facts_product_metadata,Open Food Facts static bulk TSV,en.openfoodfacts.org.products.csv.gz,product_metadata,,[],[],[],[],pass,[]
web2000-0950,0000109011795,open_food_facts_product_metadata,Open Food Facts static bulk TSV,en.openfoodfacts.org.products.csv.gz,product_metadata,,[],[],[],[],pass,[]
web2000-0951,0000109092026,open_food_facts_product_metadata,Open Food Facts static bulk TSV,en.openfoodfacts.org.products.csv.gz,product_metadata,,[],[],[],[],pass,[]
web2000-0952,00001091,open_food_facts_product_metadata,Open Food Facts static bulk TSV,en.openfoodfacts.org.products.csv.gz,product_metadata,,[],[],[],[],pass,[]
web2000-0953,0000109160254,open_food_facts_product_metadata,Open Food Facts static bulk TSV,en.openfoodfacts.org.products.csv.gz,product_metadata,,[],[],[],[],pass,[]
web2000-0954,0000109161497,open_food_facts_product_metadata,Open Food Facts static bulk TSV,en.openfoodfacts.org.products.csv.gz,product_metadata,,[],[],[],[],pass,[]
web2000-0955,0000109161534,open_food_facts_product_metadata,Open Food Facts static bulk TSV,en.openfoodfacts.org.products.csv.gz,product_metadata,,[],[],[],[],pass,[]
web2000-0956,0000109161756,open_food_facts_product_metadata,Open Food Facts static bulk TSV,en.openfoodfacts.org.products.csv.gz,product_metadata,,[],[],[],[],pass,[]
web2000-0957,0000109161763,open_food_facts_product_metadata,Open Food Facts static bulk TSV,en.openfoodfacts.org.products.csv.gz,product_metadata,,[],[],[],[],pass,[]
web2000-0958,0000109161800,open_food_facts_product_metadata,Open Food Facts static bulk TSV,en.openfoodfacts.org.products.csv.gz,product_metadata,,[],[],[],[],pass,[]
web2000-0959,0000109161817,open_food_facts_product_metadata,Open Food Facts static bulk TSV,en.openfoodfacts.org.products.csv.gz,product_metadata,,[],[],[],[],pass,[]
web2000-0960,0000109162470,open_food_facts_product_metadata,Open Food Facts static bulk TSV,en.openfoodfacts.org.products.csv.gz,product_metadata,,[],[],[],[],pass,[]
web2000-0961,0000109162548,open_food_facts_product_metadata,Open Food Facts static bulk TSV,en.openfoodfacts.org.products.csv.gz,product_metadata,,[],[],[],[],pass,[]
web2000-0962,0000109162562,open_food_facts_product_metadata,Open Food Facts static bulk TSV,en.openfoodfacts.org.products.csv.gz,product_metadata,,[],[],[],[],pass,[]
web2000-0963,0000109165808,open_food_facts_product_metadata,Open Food Facts static bulk TSV,en.openfoodfacts.org.products.csv.gz,product_metadata,,[],[],[],[],pass,[]
web2000-0964,0000109166454,open_food_facts_product_metadata,Open Food Facts static bulk TSV,en.openfoodfacts.org.products.csv.gz,product_metadata,,[],[],[],[],pass,[]
web2000-0965,00001092,open_food_facts_product_metadata,Open Food Facts static bulk TSV,en.openfoodfacts.org.products.csv.gz,product_metadata,,[],[],[],[],pass,[]
web2000-0966,00001094,open_food_facts_product_metadata,Open Food Facts static bulk TSV,en.openfoodfacts.org.products.csv.gz,product_metadata,,[],[],[],[],pass,[]
web2000-0967,00001095,open_food_facts_product_metadata,Open Food Facts static bulk TSV,en.openfoodfacts.org.products.csv.gz,product_metadata,,[],[],[],[],pass,[]
web2000-0968,00001096,open_food_facts_product_metadata,Open Food Facts static bulk TSV,en.openfoodfacts.org.products.csv.gz,product_metadata,,[],[],[],[],pass,[]
web2000-0969,0000109610001,open_food_facts_product_metadata,Open Food Facts static bulk TSV,en.openfoodfacts.org.products.csv.gz,product_metadata,,[],[],[],[],pass,[]
web2000-0970,0000109614986,open_food_facts_product_metadata,Open Food Facts static bulk TSV,en.openfoodfacts.org.products.csv.gz,product_metadata,,[],[],[],[],pass,[]
web2000-0971,0000109670166,open_food_facts_product_metadata,Open Food Facts static bulk TSV,en.openfoodfacts.org.products.csv.gz,product_metadata,,[],[],[],[],pass,[]
web2000-0972,00001097,open_food_facts_product_metadata,Open Food Facts static bulk TSV,en.openfoodfacts.org.products.csv.gz,product_metadata,,[],[],[],[],pass,[]
web2000-0973,0000109794208,open_food_facts_product_metadata,Open Food Facts static bulk TSV,en.openfoodfacts.org.products.csv.gz,product_metadata,,[],[],[],[],pass,[]
web2000-0974,00001098,open_food_facts_product_metadata,Open Food Facts static bulk TSV,en.openfoodfacts.org.products.csv.gz,product_metadata,,[],[],[],[],pass,[]
web2000-0975,0000109803806,open_food_facts_product_metadata,Open Food Facts static bulk TSV,en.openfoodfacts.org.products.csv.gz,product_metadata,,[],[],[],[],pass,[]
web2000-0976,00001099,open_food_facts_product_metadata,Open Food Facts static bulk TSV,en.openfoodfacts.org.products.csv.gz,product_metadata,,[],[],[],[],pass,[]
web2000-0977,00001100,open_food_facts_product_metadata,Open Food Facts static bulk TSV,en.openfoodfacts.org.products.csv.gz,product_metadata,,[],[],[],[],pass,[]
web2000-0978,0000110000105,open_food_facts_product_metadata,Open Food Facts static bulk TSV,en.openfoodfacts.org.products.csv.gz,product_metadata,,[],[],[],[],pass,[]
web2000-0979,0000110000303,open_food_facts_product_metadata,Open Food Facts static bulk TSV,en.openfoodfacts.org.products.csv.gz,product_metadata,,[],[],[],[],pass,[]
web2000-0980,0000110000402,open_food_facts_product_metadata,Open Food Facts static bulk TSV,en.openfoodfacts.org.products.csv.gz,product_metadata,,[],[],[],[],pass,[]
web2000-0981,0000110000439,open_food_facts_product_metadata,Open Food Facts static bulk TSV,en.openfoodfacts.org.products.csv.gz,product_metadata,,[],[],[],[],pass,[]
web2000-0982,0000110000447,open_food_facts_product_metadata,Open Food Facts static bulk TSV,en.openfoodfacts.org.products.csv.gz,product_metadata,,[],[],[],[],pass,[]
web2000-0983,0000110000600,open_food_facts_product_metadata,Open Food Facts static bulk TSV,en.openfoodfacts.org.products.csv.gz,product_metadata,,[],[],[],[],pass,[]
web2000-0984,0000110001100,open_food_facts_product_metadata,Open Food Facts static bulk TSV,en.openfoodfacts.org.products.csv.gz,product_metadata,,[],[],[],[],pass,[]
web2000-0985,0000110001102,open_food_facts_product_metadata,Open Food Facts static bulk TSV,en.openfoodfacts.org.products.csv.gz,product_metadata,,[],[],[],[],pass,[]
web2000-0986,0000110001805,open_food_facts_product_metadata,Open Food Facts static bulk TSV,en.openfoodfacts.org.products.csv.gz,product_metadata,,[],[],[],[],pass,[]
web2000-0987,0000110002109,open_food_facts_product_metadata,Open Food Facts static bulk TSV,en.openfoodfacts.org.products.csv.gz,product_metadata,,[],[],[],[],pass,[]
web2000-0988,0000110002901,open_food_facts_product_metadata,Open Food Facts static bulk TSV,en.openfoodfacts.org.products.csv.gz,product_metadata,,[],[],[],[],pass,[]
web2000-0989,0000110003502,open_food_facts_product_metadata,Open Food Facts static bulk TSV,en.openfoodfacts.org.products.csv.gz,product_metadata,,[],[],[],[],pass,[]
web2000-0990,0000110003601,open_food_facts_product_metadata,Open Food Facts static bulk TSV,en.openfoodfacts.org.products.csv.gz,product_metadata,,[],[],[],[],pass,[]
web2000-0991,0000110003700,open_food_facts_product_metadata,Open Food Facts static bulk TSV,en.openfoodfacts.org.products.csv.gz,product_metadata,,[],[],[],[],pass,[]
web2000-0992,0000110003908,open_food_facts_product_metadata,Open Food Facts static bulk TSV,en.openfoodfacts.org.products.csv.gz,product_metadata,,[],[],[],[],pass,[]
web2000-0993,0000110005022,open_food_facts_product_metadata,Open Food Facts static bulk TSV,en.openfoodfacts.org.products.csv.gz,product_metadata,,[],[],[],[],pass,[]
web2000-0994,0000110006305,open_food_facts_product_metadata,Open Food Facts static bulk TSV,en.openfoodfacts.org.products.csv.gz,product_metadata,,[],[],[],[],pass,[]
web2000-0995,0000110006503,open_food_facts_product_metadata,Open Food Facts static bulk TSV,en.openfoodfacts.org.products.csv.gz,product_metadata,,[],[],[],[],pass,[]
web2000-0996,0000110006701,open_food_facts_product_metadata,Open Food Facts static bulk TSV,en.openfoodfacts.org.products.csv.gz,product_metadata,,[],[],[],[],pass,[]
web2000-0997,0000110006909,open_food_facts_product_metadata,Open Food Facts static bulk TSV,en.openfoodfacts.org.products.csv.gz,product_metadata,,[],[],[],[],pass,[]
web2000-0998,0000110007005,open_food_facts_product_metadata,Open Food Facts static bulk TSV,en.openfoodfacts.org.products.csv.gz,product_metadata,,[],[],[],[],pass,[]
web2000-0999,0000110007081,open_food_facts_product_metadata,Open Food Facts static bulk TSV,en.openfoodfacts.org.products.csv.gz,product_metadata,,[],[],[],[],pass,[]
web2000-1000,0000110007104,open_food_facts_product_metadata,Open Food Facts static bulk TSV,en.openfoodfacts.org.products.csv.gz,product_metadata,,[],[],[],[],pass,[]
web2000-1001,0000110007233,open_food_facts_product_metadata,Open Food Facts static bulk TSV,en.openfoodfacts.org.products.csv.gz,product_metadata,,[],[],[],[],pass,[]
web2000-1002,0000110007302,open_food_facts_product_metadata,Open Food Facts static bulk TSV,en.openfoodfacts.org.products.csv.gz,product_metadata,,[],[],[],[],pass,[]
web2000-1003,0000110007500,open_food_facts_product_metadata,Open Food Facts static bulk TSV,en.openfoodfacts.org.products.csv.gz,product_metadata,,[],[],[],[],pass,[]
web2000-1004,0000110007807,open_food_facts_product_metadata,Open Food Facts static bulk TSV,en.openfoodfacts.org.products.csv.gz,product_metadata,,[],[],[],[],pass,[]
web2000-1005,0000110007906,open_food_facts_product_metadata,Open Food Facts static bulk TSV,en.openfoodfacts.org.products.csv.gz,product_metadata,,[],[],[],[],pass,[]
web2000-1006,0000110008101,open_food_facts_product_metadata,Open Food Facts static bulk TSV,en.openfoodfacts.org.products.csv.gz,product_metadata,,[],[],[],[],pass,[]
web2000-1007,0000110008200,open_food_facts_product_metadata,Open Food Facts static bulk TSV,en.openfoodfacts.org.products.csv.gz,product_metadata,,[],[],[],[],pass,[]
web2000-1008,0000110009405,open_food_facts_product_metadata,Open Food Facts static bulk TSV,en.openfoodfacts.org.products.csv.gz,product_metadata,,[],[],[],[],pass,[]
web2000-1009,0000110009504,open_food_facts_product_metadata,Open Food Facts static bulk TSV,en.openfoodfacts.org.products.csv.gz,product_metadata,,[],[],[],[],pass,[]
web2000-1010,0000110010369,open_food_facts_product_metadata,Open Food Facts static bulk TSV,en.openfoodfacts.org.products.csv.gz,product_metadata,,[],[],[],[],pass,[]
web2000-1011,0000110010370,open_food_facts_product_metadata,Open Food Facts static bulk TSV,en.openfoodfacts.org.products.csv.gz,product_metadata,,[],[],[],[],pass,[]
web2000-1012,0000110010371,open_food_facts_product_metadata,Open Food Facts static bulk TSV,en.openfoodfacts.org.products.csv.gz,product_metadata,,[],[],[],[],pass,[]
web2000-1013,0000110010708,open_food_facts_product_metadata,Open Food Facts static bulk TSV,en.openfoodfacts.org.products.csv.gz,product_metadata,,[],[],[],[],pass,[]
web2000-1014,0000110011002,open_food_facts_product_metadata,Open Food Facts static bulk TSV,en.openfoodfacts.org.products.csv.gz,product_metadata,,[],[],[],[],pass,[]
web2000-1015,0000110011101,open_food_facts_product_metadata,Open Food Facts static bulk TSV,en.openfoodfacts.org.products.csv.gz,product_metadata,,[],[],[],[],pass,[]
web2000-1016,0000110011804,open_food_facts_product_metadata,Open Food Facts static bulk TSV,en.openfoodfacts.org.products.csv.gz,product_metadata,,[],[],[],[],pass,[]
web2000-1017,0000110016539,open_food_facts_product_metadata,Open Food Facts static bulk TSV,en.openfoodfacts.org.products.csv.gz,product_metadata,,[],[],[],[],pass,[]
web2000-1018,0000110033478,open_food_facts_product_metadata,Open Food Facts static bulk TSV,en.openfoodfacts.org.products.csv.gz,product_metadata,,[],[],[],[],pass,[]
web2000-1019,0000110047234,open_food_facts_product_metadata,Open Food Facts static bulk TSV,en.openfoodfacts.org.products.csv.gz,product_metadata,,[],[],[],[],pass,[]
web2000-1020,0000110047252,open_food_facts_product_metadata,Open Food Facts static bulk TSV,en.openfoodfacts.org.products.csv.gz,product_metadata,,[],[],[],[],pass,[]
web2000-1021,0000110080896,open_food_facts_product_metadata,Open Food Facts static bulk TSV,en.openfoodfacts.org.products.csv.gz,product_metadata,,[],[],[],[],pass,[]
web2000-1022,0000110080897,open_food_facts_product_metadata,Open Food Facts static bulk TSV,en.openfoodfacts.org.products.csv.gz,product_metadata,,[],[],[],[],pass,[]
web2000-1023,00001101,open_food_facts_product_metadata,Open Food Facts static bulk TSV,en.openfoodfacts.org.products.csv.gz,product_metadata,,[],[],[],[],pass,[]
web2000-1024,0000110102813,open_food_facts_product_metadata,Open Food Facts static bulk TSV,en.openfoodfacts.org.products.csv.gz,product_metadata,,[],[],[],[],pass,[]
web2000-1025,0000110124160,open_food_facts_product_metadata,Open Food Facts static bulk TSV,en.openfoodfacts.org.products.csv.gz,product_metadata,,[],[],[],[],pass,[]
web2000-1026,0000110128879,open_food_facts_product_metadata,Open Food Facts static bulk TSV,en.openfoodfacts.org.products.csv.gz,product_metadata,,[],[],[],[],pass,[]
web2000-1027,0000110140648,open_food_facts_product_metadata,Open Food Facts static bulk TSV,en.openfoodfacts.org.products.csv.gz,product_metadata,,[],[],[],[],pass,[]
web2000-1028,0000110184241,open_food_facts_product_metadata,Open Food Facts static bulk TSV,en.openfoodfacts.org.products.csv.gz,product_metadata,,[],[],[],[],pass,[]
web2000-1029,00001102,open_food_facts_product_metadata,Open Food Facts static bulk TSV,en.openfoodfacts.org.products.csv.gz,product_metadata,,[],[],[],[],pass,[]
web2000-1030,0000110210900,open_food_facts_product_metadata,Open Food Facts static bulk TSV,en.openfoodfacts.org.products.csv.gz,product_metadata,,[],[],[],[],pass,[]
web2000-1031,0000110213628,open_food_facts_product_metadata,Open Food Facts static bulk TSV,en.openfoodfacts.org.products.csv.gz,product_metadata,,[],[],[],[],pass,[]
web2000-1032,0000110243007,open_food_facts_product_metadata,Open Food Facts static bulk TSV,en.openfoodfacts.org.products.csv.gz,product_metadata,,[],[],[],[],pass,[]
web2000-1033,0000110293845,open_food_facts_product_metadata,Open Food Facts static bulk TSV,en.openfoodfacts.org.products.csv.gz,product_metadata,,[],[],[],[],pass,[]
web2000-1034,00001103,open_food_facts_product_metadata,Open Food Facts static bulk TSV,en.openfoodfacts.org.products.csv.gz,product_metadata,,[],[],[],[],pass,[]
web2000-1035,00001104,open_food_facts_product_metadata,Open Food Facts static bulk TSV,en.openfoodfacts.org.products.csv.gz,product_metadata,,[],[],[],[],pass,[]
web2000-1036,0000110417606,open_food_facts_product_metadata,Open Food Facts static bulk TSV,en.openfoodfacts.org.products.csv.gz,product_metadata,,[],[],[],[],pass,[]
web2000-1037,00001105,open_food_facts_product_metadata,Open Food Facts static bulk TSV,en.openfoodfacts.org.products.csv.gz,product_metadata,,[],[],[],[],pass,[]
web2000-1038,0000110535963,open_food_facts_product_metadata,Open Food Facts static bulk TSV,en.openfoodfacts.org.products.csv.gz,product_metadata,,[],[],[],[],pass,[]
web2000-1039,0000110595656,open_food_facts_product_metadata,Open Food Facts static bulk TSV,en.openfoodfacts.org.products.csv.gz,product_metadata,,[],[],[],[],pass,[]
web2000-1040,0000110636174,open_food_facts_product_metadata,Open Food Facts static bulk TSV,en.openfoodfacts.org.products.csv.gz,product_metadata,,[],[],[],[],pass,[]
web2000-1041,0000110737049,open_food_facts_product_metadata,Open Food Facts static bulk TSV,en.openfoodfacts.org.products.csv.gz,product_metadata,,[],[],[],[],pass,[]
web2000-1042,00001108,open_food_facts_product_metadata,Open Food Facts static bulk TSV,en.openfoodfacts.org.products.csv.gz,product_metadata,,[],[],[],[],pass,[]
web2000-1043,00001109,open_food_facts_product_metadata,Open Food Facts static bulk TSV,en.openfoodfacts.org.products.csv.gz,product_metadata,,[],[],[],[],pass,[]
web2000-1044,0000111013827,open_food_facts_product_metadata,Open Food Facts static bulk TSV,en.openfoodfacts.org.products.csv.gz,product_metadata,,[],[],[],[],pass,[]
web2000-1045,0000111025465,open_food_facts_product_metadata,Open Food Facts static bulk TSV,en.openfoodfacts.org.products.csv.gz,product_metadata,,[],[],[],[],pass,[]
web2000-1046,0000111030041,open_food_facts_product_metadata,Open Food Facts static bulk TSV,en.openfoodfacts.org.products.csv.gz,product_metadata,,[],[],[],[],pass,[]
web2000-1047,0000111041700,open_food_facts_product_metadata,Open Food Facts static bulk TSV,en.openfoodfacts.org.products.csv.gz,product_metadata,,[],[],[],[],pass,[]
web2000-1048,0000111041836,open_food_facts_product_metadata,Open Food Facts static bulk TSV,en.openfoodfacts.org.products.csv.gz,product_metadata,,[],[],[],[],pass,[]
web2000-1049,0000111048403,open_food_facts_product_metadata,Open Food Facts static bulk TSV,en.openfoodfacts.org.products.csv.gz,product_metadata,,[],[],[],[],pass,[]
web2000-1050,00001111,open_food_facts_product_metadata,Open Food Facts static bulk TSV,en.openfoodfacts.org.products.csv.gz,product_metadata,,[],[],[],[],pass,[]
web2000-1051,0000111103112,open_food_facts_product_metadata,Open Food Facts static bulk TSV,en.openfoodfacts.org.products.csv.gz,product_metadata,,[],[],[],[],pass,[]
web2000-1052,0000111103201,open_food_facts_product_metadata,Open Food Facts static bulk TSV,en.openfoodfacts.org.products.csv.gz,product_metadata,,[],[],[],[],pass,[]
web2000-1053,0000111110111,open_food_facts_product_metadata,Open Food Facts static bulk TSV,en.openfoodfacts.org.products.csv.gz,product_metadata,,[],[],[],[],pass,[]
web2000-1054,0000111111111,open_food_facts_product_metadata,Open Food Facts static bulk TSV,en.openfoodfacts.org.products.csv.gz,product_metadata,,[],[],[],[],pass,[]
web2000-1055,0000111111231,open_food_facts_product_metadata,Open Food Facts static bulk TSV,en.openfoodfacts.org.products.csv.gz,product_metadata,,[],[],[],[],pass,[]
web2000-1056,0000111122017,open_food_facts_product_metadata,Open Food Facts static bulk TSV,en.openfoodfacts.org.products.csv.gz,product_metadata,,[],[],[],[],pass,[]
web2000-1057,0000111187460,open_food_facts_product_metadata,Open Food Facts static bulk TSV,en.openfoodfacts.org.products.csv.gz,product_metadata,,[],[],[],[],pass,[]
web2000-1058,00001112,open_food_facts_product_metadata,Open Food Facts static bulk TSV,en.openfoodfacts.org.products.csv.gz,product_metadata,,[],[],[],[],pass,[]
web2000-1059,0000111222049,open_food_facts_product_metadata,Open Food Facts static bulk TSV,en.openfoodfacts.org.products.csv.gz,product_metadata,,[],[],[],[],pass,[]
web2000-1060,0000111245633,open_food_facts_product_metadata,Open Food Facts static bulk TSV,en.openfoodfacts.org.products.csv.gz,product_metadata,,[],[],[],[],pass,[]
web2000-1061,00001113,open_food_facts_product_metadata,Open Food Facts static bulk TSV,en.openfoodfacts.org.products.csv.gz,product_metadata,,[],[],[],[],pass,[]
web2000-1062,0000111301201,open_food_facts_product_metadata,Open Food Facts static bulk TSV,en.openfoodfacts.org.products.csv.gz,product_metadata,,[],[],[],[],pass,[]
web2000-1063,0000111301263,open_food_facts_product_metadata,Open Food Facts static bulk TSV,en.openfoodfacts.org.products.csv.gz,product_metadata,,[],[],[],[],pass,[]
web2000-1064,0000111408923,open_food_facts_product_metadata,Open Food Facts static bulk TSV,en.openfoodfacts.org.products.csv.gz,product_metadata,,[],[],[],[],pass,[]
web2000-1065,0000111474123,open_food_facts_product_metadata,Open Food Facts static bulk TSV,en.openfoodfacts.org.products.csv.gz,product_metadata,,[],[],[],[],pass,[]
web2000-1066,00001116,open_food_facts_product_metadata,Open Food Facts static bulk TSV,en.openfoodfacts.org.products.csv.gz,product_metadata,,[],[],[],[],pass,[]
web2000-1067,00001117,open_food_facts_product_metadata,Open Food Facts static bulk TSV,en.openfoodfacts.org.products.csv.gz,product_metadata,,[],[],[],[],pass,[]
web2000-1068,00001118,open_food_facts_product_metadata,Open Food Facts static bulk TSV,en.openfoodfacts.org.products.csv.gz,product_metadata,,[],[],[],[],pass,[]
web2000-1069,0000111855247,open_food_facts_product_metadata,Open Food Facts static bulk TSV,en.openfoodfacts.org.products.csv.gz,product_metadata,,[],[],[],[],pass,[]
web2000-1070,0000111918921,open_food_facts_product_metadata,Open Food Facts static bulk TSV,en.openfoodfacts.org.products.csv.gz,product_metadata,,[],[],[],[],pass,[]
web2000-1071,00001120,open_food_facts_product_metadata,Open Food Facts static bulk TSV,en.openfoodfacts.org.products.csv.gz,product_metadata,,[],[],[],[],pass,[]
web2000-1072,00001121,open_food_facts_product_metadata,Open Food Facts static bulk TSV,en.openfoodfacts.org.products.csv.gz,product_metadata,,[],[],[],[],pass,[]
web2000-1073,00001122,open_food_facts_product_metadata,Open Food Facts static bulk TSV,en.openfoodfacts.org.products.csv.gz,product_metadata,,[],[],[],[],pass,[]
web2000-1074,0000112233973,open_food_facts_product_metadata,Open Food Facts static bulk TSV,en.openfoodfacts.org.products.csv.gz,product_metadata,,[],[],[],[],pass,[]
web2000-1075,0000112282486,open_food_facts_product_metadata,Open Food Facts static bulk TSV,en.openfoodfacts.org.products.csv.gz,product_metadata,,[],[],[],[],pass,[]
web2000-1076,0000112300977,open_food_facts_product_metadata,Open Food Facts static bulk TSV,en.openfoodfacts.org.products.csv.gz,product_metadata,,[],[],[],[],pass,[]
web2000-1077,0000112301878,open_food_facts_product_metadata,Open Food Facts static bulk TSV,en.openfoodfacts.org.products.csv.gz,product_metadata,,[],[],[],[],pass,[]
web2000-1078,0000112302517,open_food_facts_product_metadata,Open Food Facts static bulk TSV,en.openfoodfacts.org.products.csv.gz,product_metadata,,[],[],[],[],pass,[]
web2000-1079,0000112302530,open_food_facts_product_metadata,Open Food Facts static bulk TSV,en.openfoodfacts.org.products.csv.gz,product_metadata,,[],[],[],[],pass,[]
web2000-1080,0000112302541,open_food_facts_product_metadata,Open Food Facts static bulk TSV,en.openfoodfacts.org.products.csv.gz,product_metadata,,[],[],[],[],pass,[]
web2000-1081,0000112302546,open_food_facts_product_metadata,Open Food Facts static bulk TSV,en.openfoodfacts.org.products.csv.gz,product_metadata,,[],[],[],[],pass,[]
web2000-1082,0000112302557,open_food_facts_product_metadata,Open Food Facts static bulk TSV,en.openfoodfacts.org.products.csv.gz,product_metadata,,[],[],[],[],pass,[]
web2000-1083,0000112302579,open_food_facts_product_metadata,Open Food Facts static bulk TSV,en.openfoodfacts.org.products.csv.gz,product_metadata,,[],[],[],[],pass,[]
web2000-1084,0000112302581,open_food_facts_product_metadata,Open Food Facts static bulk TSV,en.openfoodfacts.org.products.csv.gz,product_metadata,,[],[],[],[],pass,[]
web2000-1085,0000112302608,open_food_facts_product_metadata,Open Food Facts static bulk TSV,en.openfoodfacts.org.products.csv.gz,product_metadata,,[],[],[],[],pass,[]
web2000-1086,0000112302614,open_food_facts_product_metadata,Open Food Facts static bulk TSV,en.openfoodfacts.org.products.csv.gz,product_metadata,,[],[],[],[],pass,[]
web2000-1087,0000112302617,open_food_facts_product_metadata,Open Food Facts static bulk TSV,en.openfoodfacts.org.products.csv.gz,product_metadata,,[],[],[],[],pass,[]
web2000-1088,0000112302619,open_food_facts_product_metadata,Open Food Facts static bulk TSV,en.openfoodfacts.org.products.csv.gz,product_metadata,,[],[],[],[],pass,[]
web2000-1089,0000112302621,open_food_facts_product_metadata,Open Food Facts static bulk TSV,en.openfoodfacts.org.products.csv.gz,product_metadata,,[],[],[],[],pass,[]
web2000-1090,0000112302623,open_food_facts_product_metadata,Open Food Facts static bulk TSV,en.openfoodfacts.org.products.csv.gz,product_metadata,,[],[],[],[],pass,[]
web2000-1091,0000112302627,open_food_facts_product_metadata,Open Food Facts static bulk TSV,en.openfoodfacts.org.products.csv.gz,product_metadata,,[],[],[],[],pass,[]
web2000-1092,0000112302636,open_food_facts_product_metadata,Open Food Facts static bulk TSV,en.openfoodfacts.org.products.csv.gz,product_metadata,,[],[],[],[],pass,[]
web2000-1093,0000112302638,open_food_facts_product_metadata,Open Food Facts static bulk TSV,en.openfoodfacts.org.products.csv.gz,product_metadata,,[],[],[],[],pass,[]
web2000-1094,0000112302639,open_food_facts_product_metadata,Open Food Facts static bulk TSV,en.openfoodfacts.org.products.csv.gz,product_metadata,,[],[],[],[],pass,[]
web2000-1095,0000112302640,open_food_facts_product_metadata,Open Food Facts static bulk TSV,en.openfoodfacts.org.products.csv.gz,product_metadata,,[],[],[],[],pass,[]
web2000-1096,0000112302641,open_food_facts_product_metadata,Open Food Facts static bulk TSV,en.openfoodfacts.org.products.csv.gz,product_metadata,,[],[],[],[],pass,[]
web2000-1097,0000112302644,open_food_facts_product_metadata,Open Food Facts static bulk TSV,en.openfoodfacts.org.products.csv.gz,product_metadata,,[],[],[],[],pass,[]
web2000-1098,0000112302646,open_food_facts_product_metadata,Open Food Facts static bulk TSV,en.openfoodfacts.org.products.csv.gz,product_metadata,,[],[],[],[],pass,[]
web2000-1099,0000112302648,open_food_facts_product_metadata,Open Food Facts static bulk TSV,en.openfoodfacts.org.products.csv.gz,product_metadata,,[],[],[],[],pass,[]
web2000-1100,0000112302649,open_food_facts_product_metadata,Open Food Facts static bulk TSV,en.openfoodfacts.org.products.csv.gz,product_metadata,,[],[],[],[],pass,[]
web2000-1101,0000112302650,open_food_facts_product_metadata,Open Food Facts static bulk TSV,en.openfoodfacts.org.products.csv.gz,product_metadata,,[],[],[],[],pass,[]
web2000-1102,0000112302652,open_food_facts_product_metadata,Open Food Facts static bulk TSV,en.openfoodfacts.org.products.csv.gz,product_metadata,,[],[],[],[],pass,[]
web2000-1103,0000112302654,open_food_facts_product_metadata,Open Food Facts static bulk TSV,en.openfoodfacts.org.products.csv.gz,product_metadata,,[],[],[],[],pass,[]
web2000-1104,0000112302655,open_food_facts_product_metadata,Open Food Facts static bulk TSV,en.openfoodfacts.org.products.csv.gz,product_metadata,,[],[],[],[],pass,[]
web2000-1105,0000112302656,open_food_facts_product_metadata,Open Food Facts static bulk TSV,en.openfoodfacts.org.products.csv.gz,product_metadata,,[],[],[],[],pass,[]
web2000-1106,0000112302657,open_food_facts_product_metadata,Open Food Facts static bulk TSV,en.openfoodfacts.org.products.csv.gz,product_metadata,,[],[],[],[],pass,[]
web2000-1107,0000112302660,open_food_facts_product_metadata,Open Food Facts static bulk TSV,en.openfoodfacts.org.products.csv.gz,product_metadata,,[],[],[],[],pass,[]
web2000-1108,0000112302661,open_food_facts_product_metadata,Open Food Facts static bulk TSV,en.openfoodfacts.org.products.csv.gz,product_metadata,,[],[],[],[],pass,[]
web2000-1109,0000112302662,open_food_facts_product_metadata,Open Food Facts static bulk TSV,en.openfoodfacts.org.products.csv.gz,product_metadata,,[],[],[],[],pass,[]
web2000-1110,0000112302663,open_food_facts_product_metadata,Open Food Facts static bulk TSV,en.openfoodfacts.org.products.csv.gz,product_metadata,,[],[],[],[],pass,[]
web2000-1111,0000112302669,open_food_facts_product_metadata,Open Food Facts static bulk TSV,en.openfoodfacts.org.products.csv.gz,product_metadata,,[],[],[],[],pass,[]
web2000-1112,0000112302670,open_food_facts_product_metadata,Open Food Facts static bulk TSV,en.openfoodfacts.org.products.csv.gz,product_metadata,,[],[],[],[],pass,[]
web2000-1113,0000112302676,open_food_facts_product_metadata,Open Food Facts static bulk TSV,en.openfoodfacts.org.products.csv.gz,product_metadata,,[],[],[],[],pass,[]
web2000-1114,0000112302682,open_food_facts_product_metadata,Open Food Facts static bulk TSV,en.openfoodfacts.org.products.csv.gz,product_metadata,,[],[],[],[],pass,[]
web2000-1115,0000112302689,open_food_facts_product_metadata,Open Food Facts static bulk TSV,en.openfoodfacts.org.products.csv.gz,product_metadata,,[],[],[],[],pass,[]
web2000-1116,0000112302691,open_food_facts_product_metadata,Open Food Facts static bulk TSV,en.openfoodfacts.org.products.csv.gz,product_metadata,,[],[],[],[],pass,[]
web2000-1117,0000112302694,open_food_facts_product_metadata,Open Food Facts static bulk TSV,en.openfoodfacts.org.products.csv.gz,product_metadata,,[],[],[],[],pass,[]
web2000-1118,0000112302696,open_food_facts_product_metadata,Open Food Facts static bulk TSV,en.openfoodfacts.org.products.csv.gz,product_metadata,,[],[],[],[],pass,[]
web2000-1119,0000112302698,open_food_facts_product_metadata,Open Food Facts static bulk TSV,en.openfoodfacts.org.products.csv.gz,product_metadata,,[],[],[],[],pass,[]
web2000-1120,0000112302705,open_food_facts_product_metadata,Open Food Facts static bulk TSV,en.openfoodfacts.org.products.csv.gz,product_metadata,,[],[],[],[],pass,[]
web2000-1121,0000112302708,open_food_facts_product_metadata,Open Food Facts static bulk TSV,en.openfoodfacts.org.products.csv.gz,product_metadata,,[],[],[],[],pass,[]
web2000-1122,0000112302711,open_food_facts_product_metadata,Open Food Facts static bulk TSV,en.openfoodfacts.org.products.csv.gz,product_metadata,,[],[],[],[],pass,[]
web2000-1123,0000112302742,open_food_facts_product_metadata,Open Food Facts static bulk TSV,en.openfoodfacts.org.products.csv.gz,product_metadata,,[],[],[],[],pass,[]
web2000-1124,0000112302754,open_food_facts_product_metadata,Open Food Facts static bulk TSV,en.openfoodfacts.org.products.csv.gz,product_metadata,,[],[],[],[],pass,[]
web2000-1125,0000112302755,open_food_facts_product_metadata,Open Food Facts static bulk TSV,en.openfoodfacts.org.products.csv.gz,product_metadata,,[],[],[],[],pass,[]
web2000-1126,0000112302757,open_food_facts_product_metadata,Open Food Facts static bulk TSV,en.openfoodfacts.org.products.csv.gz,product_metadata,,[],[],[],[],pass,[]
web2000-1127,0000112302760,open_food_facts_product_metadata,Open Food Facts static bulk TSV,en.openfoodfacts.org.products.csv.gz,product_metadata,,[],[],[],[],pass,[]
web2000-1128,0000112302761,open_food_facts_product_metadata,Open Food Facts static bulk TSV,en.openfoodfacts.org.products.csv.gz,product_metadata,,[],[],[],[],pass,[]
web2000-1129,0000112307242,open_food_facts_product_metadata,Open Food Facts static bulk TSV,en.openfoodfacts.org.products.csv.gz,product_metadata,,[],[],[],[],pass,[]
web2000-1130,0000112307246,open_food_facts_product_metadata,Open Food Facts static bulk TSV,en.openfoodfacts.org.products.csv.gz,product_metadata,,[],[],[],[],pass,[]
web2000-1131,0000112307247,open_food_facts_product_metadata,Open Food Facts static bulk TSV,en.openfoodfacts.org.products.csv.gz,product_metadata,,[],[],[],[],pass,[]
web2000-1132,0000112307248,open_food_facts_product_metadata,Open Food Facts static bulk TSV,en.openfoodfacts.org.products.csv.gz,product_metadata,,[],[],[],[],pass,[]
web2000-1133,0000112307250,open_food_facts_product_metadata,Open Food Facts static bulk TSV,en.openfoodfacts.org.products.csv.gz,product_metadata,,[],[],[],[],pass,[]
web2000-1134,0000112307251,open_food_facts_product_metadata,Open Food Facts static bulk TSV,en.openfoodfacts.org.products.csv.gz,product_metadata,,[],[],[],[],pass,[]
web2000-1135,0000112307254,open_food_facts_product_metadata,Open Food Facts static bulk TSV,en.openfoodfacts.org.products.csv.gz,product_metadata,,[],[],[],[],pass,[]
web2000-1136,0000112307256,open_food_facts_product_metadata,Open Food Facts static bulk TSV,en.openfoodfacts.org.products.csv.gz,product_metadata,,[],[],[],[],pass,[]
web2000-1137,0000112307259,open_food_facts_product_metadata,Open Food Facts static bulk TSV,en.openfoodfacts.org.products.csv.gz,product_metadata,,[],[],[],[],pass,[]
web2000-1138,0000112307261,open_food_facts_product_metadata,Open Food Facts static bulk TSV,en.openfoodfacts.org.products.csv.gz,product_metadata,,[],[],[],[],pass,[]
web2000-1139,0000112307262,open_food_facts_product_metadata,Open Food Facts static bulk TSV,en.openfoodfacts.org.products.csv.gz,product_metadata,,[],[],[],[],pass,[]
web2000-1140,0000112307263,open_food_facts_product_metadata,Open Food Facts static bulk TSV,en.openfoodfacts.org.products.csv.gz,product_metadata,,[],[],[],[],pass,[]
web2000-1141,0000112307267,open_food_facts_product_metadata,Open Food Facts static bulk TSV,en.openfoodfacts.org.products.csv.gz,product_metadata,,[],[],[],[],pass,[]
web2000-1142,0000112307269,open_food_facts_product_metadata,Open Food Facts static bulk TSV,en.openfoodfacts.org.products.csv.gz,product_metadata,,[],[],[],[],pass,[]
web2000-1143,0000112307271,open_food_facts_product_metadata,Open Food Facts static bulk TSV,en.openfoodfacts.org.products.csv.gz,product_metadata,,[],[],[],[],pass,[]
web2000-1144,0000112307273,open_food_facts_product_metadata,Open Food Facts static bulk TSV,en.openfoodfacts.org.products.csv.gz,product_metadata,,[],[],[],[],pass,[]
web2000-1145,0000112307274,open_food_facts_product_metadata,Open Food Facts static bulk TSV,en.openfoodfacts.org.products.csv.gz,product_metadata,,[],[],[],[],pass,[]
web2000-1146,0000112307275,open_food_facts_product_metadata,Open Food Facts static bulk TSV,en.openfoodfacts.org.products.csv.gz,product_metadata,,[],[],[],[],pass,[]
web2000-1147,0000112307279,open_food_facts_product_metadata,Open Food Facts static bulk TSV,en.openfoodfacts.org.products.csv.gz,product_metadata,,[],[],[],[],pass,[]
web2000-1148,0000112345680,open_food_facts_product_metadata,Open Food Facts static bulk TSV,en.openfoodfacts.org.products.csv.gz,product_metadata,,[],[],[],[],pass,[]
web2000-1149,00001124,open_food_facts_product_metadata,Open Food Facts static bulk TSV,en.openfoodfacts.org.products.csv.gz,product_metadata,,[],[],[],[],pass,[]
web2000-1150,0000112407373,open_food_facts_product_metadata,Open Food Facts static bulk TSV,en.openfoodfacts.org.products.csv.gz,product_metadata,,[],[],[],[],pass,[]
web2000-1151,0000112407374,open_food_facts_product_metadata,Open Food Facts static bulk TSV,en.openfoodfacts.org.products.csv.gz,product_metadata,,[],[],[],[],pass,[]
web2000-1152,0000112407389,open_food_facts_product_metadata,Open Food Facts static bulk TSV,en.openfoodfacts.org.products.csv.gz,product_metadata,,[],[],[],[],pass,[]
web2000-1153,0000112407394,open_food_facts_product_metadata,Open Food Facts static bulk TSV,en.openfoodfacts.org.products.csv.gz,product_metadata,,[],[],[],[],pass,[]
web2000-1154,0000112407433,open_food_facts_product_metadata,Open Food Facts static bulk TSV,en.openfoodfacts.org.products.csv.gz,product_metadata,,[],[],[],[],pass,[]
web2000-1155,0000112407440,open_food_facts_product_metadata,Open Food Facts static bulk TSV,en.openfoodfacts.org.products.csv.gz,product_metadata,,[],[],[],[],pass,[]
web2000-1156,0000112407450,open_food_facts_product_metadata,Open Food Facts static bulk TSV,en.openfoodfacts.org.products.csv.gz,product_metadata,,[],[],[],[],pass,[]
web2000-1157,0000112407452,open_food_facts_product_metadata,Open Food Facts static bulk TSV,en.openfoodfacts.org.products.csv.gz,product_metadata,,[],[],[],[],pass,[]
web2000-1158,0000112407453,open_food_facts_product_metadata,Open Food Facts static bulk TSV,en.openfoodfacts.org.products.csv.gz,product_metadata,,[],[],[],[],pass,[]
web2000-1159,0000112407457,open_food_facts_product_metadata,Open Food Facts static bulk TSV,en.openfoodfacts.org.products.csv.gz,product_metadata,,[],[],[],[],pass,[]
web2000-1160,0000112407459,open_food_facts_product_metadata,Open Food Facts static bulk TSV,en.openfoodfacts.org.products.csv.gz,product_metadata,,[],[],[],[],pass,[]
web2000-1161,0000112407464,open_food_facts_product_metadata,Open Food Facts static bulk TSV,en.openfoodfacts.org.products.csv.gz,product_metadata,,[],[],[],[],pass,[]
web2000-1162,0000112407469,open_food_facts_product_metadata,Open Food Facts static bulk TSV,en.openfoodfacts.org.products.csv.gz,product_metadata,,[],[],[],[],pass,[]
web2000-1163,0000112407476,open_food_facts_product_metadata,Open Food Facts static bulk TSV,en.openfoodfacts.org.products.csv.gz,product_metadata,,[],[],[],[],pass,[]
web2000-1164,0000112407478,open_food_facts_product_metadata,Open Food Facts static bulk TSV,en.openfoodfacts.org.products.csv.gz,product_metadata,,[],[],[],[],pass,[]
web2000-1165,0000112407486,open_food_facts_product_metadata,Open Food Facts static bulk TSV,en.openfoodfacts.org.products.csv.gz,product_metadata,,[],[],[],[],pass,[]
web2000-1166,0000112407489,open_food_facts_product_metadata,Open Food Facts static bulk TSV,en.openfoodfacts.org.products.csv.gz,product_metadata,,[],[],[],[],pass,[]
web2000-1167,0000112407491,open_food_facts_product_metadata,Open Food Facts static bulk TSV,en.openfoodfacts.org.products.csv.gz,product_metadata,,[],[],[],[],pass,[]
web2000-1168,0000112407492,open_food_facts_product_metadata,Open Food Facts static bulk TSV,en.openfoodfacts.org.products.csv.gz,product_metadata,,[],[],[],[],pass,[]
web2000-1169,0000112407493,open_food_facts_product_metadata,Open Food Facts static bulk TSV,en.openfoodfacts.org.products.csv.gz,product_metadata,,[],[],[],[],pass,[]
web2000-1170,0000112407494,open_food_facts_product_metadata,Open Food Facts static bulk TSV,en.openfoodfacts.org.products.csv.gz,product_metadata,,[],[],[],[],pass,[]
web2000-1171,0000112407504,open_food_facts_product_metadata,Open Food Facts static bulk TSV,en.openfoodfacts.org.products.csv.gz,product_metadata,,[],[],[],[],pass,[]
web2000-1172,0000112407510,open_food_facts_product_metadata,Open Food Facts static bulk TSV,en.openfoodfacts.org.products.csv.gz,product_metadata,,[],[],[],[],pass,[]
web2000-1173,0000112407517,open_food_facts_product_metadata,Open Food Facts static bulk TSV,en.openfoodfacts.org.products.csv.gz,product_metadata,,[],[],[],[],pass,[]
web2000-1174,0000112407519,open_food_facts_product_metadata,Open Food Facts static bulk TSV,en.openfoodfacts.org.products.csv.gz,product_metadata,,[],[],[],[],pass,[]
web2000-1175,0000112407531,open_food_facts_product_metadata,Open Food Facts static bulk TSV,en.openfoodfacts.org.products.csv.gz,product_metadata,,[],[],[],[],pass,[]
web2000-1176,0000112407532,open_food_facts_product_metadata,Open Food Facts static bulk TSV,en.openfoodfacts.org.products.csv.gz,product_metadata,,[],[],[],[],pass,[]
web2000-1177,0000112407544,open_food_facts_product_metadata,Open Food Facts static bulk TSV,en.openfoodfacts.org.products.csv.gz,product_metadata,,[],[],[],[],pass,[]
web2000-1178,0000112407548,open_food_facts_product_metadata,Open Food Facts static bulk TSV,en.openfoodfacts.org.products.csv.gz,product_metadata,,[],[],[],[],pass,[]
web2000-1179,0000112407550,open_food_facts_product_metadata,Open Food Facts static bulk TSV,en.openfoodfacts.org.products.csv.gz,product_metadata,,[],[],[],[],pass,[]
web2000-1180,0000112407571,open_food_facts_product_metadata,Open Food Facts static bulk TSV,en.openfoodfacts.org.products.csv.gz,product_metadata,,[],[],[],[],pass,[]
web2000-1181,0000112407572,open_food_facts_product_metadata,Open Food Facts static bulk TSV,en.openfoodfacts.org.products.csv.gz,product_metadata,,[],[],[],[],pass,[]
web2000-1182,0000112407573,open_food_facts_product_metadata,Open Food Facts static bulk TSV,en.openfoodfacts.org.products.csv.gz,product_metadata,,[],[],[],[],pass,[]
web2000-1183,0000112407575,open_food_facts_product_metadata,Open Food Facts static bulk TSV,en.openfoodfacts.org.products.csv.gz,product_metadata,,[],[],[],[],pass,[]
web2000-1184,0000112407576,open_food_facts_product_metadata,Open Food Facts static bulk TSV,en.openfoodfacts.org.products.csv.gz,product_metadata,,[],[],[],[],pass,[]
web2000-1185,0000112407578,open_food_facts_product_metadata,Open Food Facts static bulk TSV,en.openfoodfacts.org.products.csv.gz,product_metadata,,[],[],[],[],pass,[]
web2000-1186,0000112407585,open_food_facts_product_metadata,Open Food Facts static bulk TSV,en.openfoodfacts.org.products.csv.gz,product_metadata,,[],[],[],[],pass,[]
web2000-1187,0000112407587,open_food_facts_product_metadata,Open Food Facts static bulk TSV,en.openfoodfacts.org.products.csv.gz,product_metadata,,[],[],[],[],pass,[]
web2000-1188,0000112407591,open_food_facts_product_metadata,Open Food Facts static bulk TSV,en.openfoodfacts.org.products.csv.gz,product_metadata,,[],[],[],[],pass,[]
web2000-1189,0000112407602,open_food_facts_product_metadata,Open Food Facts static bulk TSV,en.openfoodfacts.org.products.csv.gz,product_metadata,,[],[],[],[],pass,[]
web2000-1190,0000112407607,open_food_facts_product_metadata,Open Food Facts static bulk TSV,en.openfoodfacts.org.products.csv.gz,product_metadata,,[],[],[],[],pass,[]
web2000-1191,0000112407613,open_food_facts_product_metadata,Open Food Facts static bulk TSV,en.openfoodfacts.org.products.csv.gz,product_metadata,,[],[],[],[],pass,[]
web2000-1192,0000112407614,open_food_facts_product_metadata,Open Food Facts static bulk TSV,en.openfoodfacts.org.products.csv.gz,product_metadata,,[],[],[],[],pass,[]
web2000-1193,0000112544596,open_food_facts_product_metadata,Open Food Facts static bulk TSV,en.openfoodfacts.org.products.csv.gz,product_metadata,,[],[],[],[],pass,[]
web2000-1194,0000112563824,open_food_facts_product_metadata,Open Food Facts static bulk TSV,en.openfoodfacts.org.products.csv.gz,product_metadata,,[],[],[],[],pass,[]
web2000-1195,0000112640151,open_food_facts_product_metadata,Open Food Facts static bulk TSV,en.openfoodfacts.org.products.csv.gz,product_metadata,,[],[],[],[],pass,[]
web2000-1196,0000112652215,open_food_facts_product_metadata,Open Food Facts static bulk TSV,en.openfoodfacts.org.products.csv.gz,product_metadata,,[],[],[],[],pass,[]
web2000-1197,0000112752426,open_food_facts_product_metadata,Open Food Facts static bulk TSV,en.openfoodfacts.org.products.csv.gz,product_metadata,,[],[],[],[],pass,[]
web2000-1198,00001129,open_food_facts_product_metadata,Open Food Facts static bulk TSV,en.openfoodfacts.org.products.csv.gz,product_metadata,,[],[],[],[],pass,[]
web2000-1199,0000112944418,open_food_facts_product_metadata,Open Food Facts static bulk TSV,en.openfoodfacts.org.products.csv.gz,product_metadata,,[],[],[],[],pass,[]
web2000-1200,00001130,open_food_facts_product_metadata,Open Food Facts static bulk TSV,en.openfoodfacts.org.products.csv.gz,product_metadata,,[],[],[],[],pass,[]
web2000-1201,0000113003372,open_food_facts_product_metadata,Open Food Facts static bulk TSV,en.openfoodfacts.org.products.csv.gz,product_metadata,,[],[],[],[],pass,[]
web2000-1202,0000113021824,open_food_facts_product_metadata,Open Food Facts static bulk TSV,en.openfoodfacts.org.products.csv.gz,product_metadata,,[],[],[],[],pass,[]
web2000-1203,0000113022183,open_food_facts_product_metadata,Open Food Facts static bulk TSV,en.openfoodfacts.org.products.csv.gz,product_metadata,,[],[],[],[],pass,[]
web2000-1204,0000113022890,open_food_facts_product_metadata,Open Food Facts static bulk TSV,en.openfoodfacts.org.products.csv.gz,product_metadata,,[],[],[],[],pass,[]
web2000-1205,0000113291299,open_food_facts_product_metadata,Open Food Facts static bulk TSV,en.openfoodfacts.org.products.csv.gz,product_metadata,,[],[],[],[],pass,[]
web2000-1206,00001133,open_food_facts_product_metadata,Open Food Facts static bulk TSV,en.openfoodfacts.org.products.csv.gz,product_metadata,,[],[],[],[],pass,[]
web2000-1207,00001135,open_food_facts_product_metadata,Open Food Facts static bulk TSV,en.openfoodfacts.org.products.csv.gz,product_metadata,,[],[],[],[],pass,[]
web2000-1208,0000113557687,open_food_facts_product_metadata,Open Food Facts static bulk TSV,en.openfoodfacts.org.products.csv.gz,product_metadata,,[],[],[],[],pass,[]
web2000-1209,00001137,open_food_facts_product_metadata,Open Food Facts static bulk TSV,en.openfoodfacts.org.products.csv.gz,product_metadata,,[],[],[],[],pass,[]
web2000-1210,0000113816878,open_food_facts_product_metadata,Open Food Facts static bulk TSV,en.openfoodfacts.org.products.csv.gz,product_metadata,,[],[],[],[],pass,[]
web2000-1211,00001140,open_food_facts_product_metadata,Open Food Facts static bulk TSV,en.openfoodfacts.org.products.csv.gz,product_metadata,,[],[],[],[],pass,[]
web2000-1212,0000114220001,open_food_facts_product_metadata,Open Food Facts static bulk TSV,en.openfoodfacts.org.products.csv.gz,product_metadata,,[],[],[],[],pass,[]
web2000-1213,0000114220003,open_food_facts_product_metadata,Open Food Facts static bulk TSV,en.openfoodfacts.org.products.csv.gz,product_metadata,,[],[],[],[],pass,[]
web2000-1214,0000114220004,open_food_facts_product_metadata,Open Food Facts static bulk TSV,en.openfoodfacts.org.products.csv.gz,product_metadata,,[],[],[],[],pass,[]
web2000-1215,0000114220005,open_food_facts_product_metadata,Open Food Facts static bulk TSV,en.openfoodfacts.org.products.csv.gz,product_metadata,,[],[],[],[],pass,[]
web2000-1216,0000114220061,open_food_facts_product_metadata,Open Food Facts static bulk TSV,en.openfoodfacts.org.products.csv.gz,product_metadata,,[],[],[],[],pass,[]
web2000-1217,0000114220062,open_food_facts_product_metadata,Open Food Facts static bulk TSV,en.openfoodfacts.org.products.csv.gz,product_metadata,,[],[],[],[],pass,[]
web2000-1218,0000114354148,open_food_facts_product_metadata,Open Food Facts static bulk TSV,en.openfoodfacts.org.products.csv.gz,product_metadata,,[],[],[],[],pass,[]
web2000-1219,00001144,open_food_facts_product_metadata,Open Food Facts static bulk TSV,en.openfoodfacts.org.products.csv.gz,product_metadata,,[],[],[],[],pass,[]
web2000-1220,00001145,open_food_facts_product_metadata,Open Food Facts static bulk TSV,en.openfoodfacts.org.products.csv.gz,product_metadata,,[],[],[],[],pass,[]
web2000-1221,00001146,open_food_facts_product_metadata,Open Food Facts static bulk TSV,en.openfoodfacts.org.products.csv.gz,product_metadata,,[],[],[],[],pass,[]
web2000-1222,00001147,open_food_facts_product_metadata,Open Food Facts static bulk TSV,en.openfoodfacts.org.products.csv.gz,product_metadata,,[],[],[],[],pass,[]
web2000-1223,00001149,open_food_facts_product_metadata,Open Food Facts static bulk TSV,en.openfoodfacts.org.products.csv.gz,product_metadata,,[],[],[],[],pass,[]
web2000-1224,00001150,open_food_facts_product_metadata,Open Food Facts static bulk TSV,en.openfoodfacts.org.products.csv.gz,product_metadata,,[],[],[],[],pass,[]
web2000-1225,00001151,open_food_facts_product_metadata,Open Food Facts static bulk TSV,en.openfoodfacts.org.products.csv.gz,product_metadata,,[],[],[],[],pass,[]
web2000-1226,00001152,open_food_facts_product_metadata,Open Food Facts static bulk TSV,en.openfoodfacts.org.products.csv.gz,product_metadata,,[],[],[],[],pass,[]
web2000-1227,0000115260930,open_food_facts_product_metadata,Open Food Facts static bulk TSV,en.openfoodfacts.org.products.csv.gz,product_metadata,,[],[],[],[],pass,[]
web2000-1228,0000115270331,open_food_facts_product_metadata,Open Food Facts static bulk TSV,en.openfoodfacts.org.products.csv.gz,product_metadata,,[],[],[],[],pass,[]
web2000-1229,00001155,open_food_facts_product_metadata,Open Food Facts static bulk TSV,en.openfoodfacts.org.products.csv.gz,product_metadata,,[],[],[],[],pass,[]
web2000-1230,00001156,open_food_facts_product_metadata,Open Food Facts static bulk TSV,en.openfoodfacts.org.products.csv.gz,product_metadata,,[],[],[],[],pass,[]
web2000-1231,00001159,open_food_facts_product_metadata,Open Food Facts static bulk TSV,en.openfoodfacts.org.products.csv.gz,product_metadata,,[],[],[],[],pass,[]
web2000-1232,0000115902357,open_food_facts_product_metadata,Open Food Facts static bulk TSV,en.openfoodfacts.org.products.csv.gz,product_metadata,,[],[],[],[],pass,[]
web2000-1233,00001160,open_food_facts_product_metadata,Open Food Facts static bulk TSV,en.openfoodfacts.org.products.csv.gz,product_metadata,,[],[],[],[],pass,[]
web2000-1234,0000116043304,open_food_facts_product_metadata,Open Food Facts static bulk TSV,en.openfoodfacts.org.products.csv.gz,product_metadata,,[],[],[],[],pass,[]
web2000-1235,00001161,open_food_facts_product_metadata,Open Food Facts static bulk TSV,en.openfoodfacts.org.products.csv.gz,product_metadata,,[],[],[],[],pass,[]
web2000-1236,00001162,open_food_facts_product_metadata,Open Food Facts static bulk TSV,en.openfoodfacts.org.products.csv.gz,product_metadata,,[],[],[],[],pass,[]
web2000-1237,0000116217837,open_food_facts_product_metadata,Open Food Facts static bulk TSV,en.openfoodfacts.org.products.csv.gz,product_metadata,,[],[],[],[],pass,[]
web2000-1238,00001163,open_food_facts_product_metadata,Open Food Facts static bulk TSV,en.openfoodfacts.org.products.csv.gz,product_metadata,,[],[],[],[],pass,[]
web2000-1239,0000116300018,open_food_facts_product_metadata,Open Food Facts static bulk TSV,en.openfoodfacts.org.products.csv.gz,product_metadata,,[],[],[],[],pass,[]
web2000-1240,0000116317398,open_food_facts_product_metadata,Open Food Facts static bulk TSV,en.openfoodfacts.org.products.csv.gz,product_metadata,,[],[],[],[],pass,[]
web2000-1241,0000116329286,open_food_facts_product_metadata,Open Food Facts static bulk TSV,en.openfoodfacts.org.products.csv.gz,product_metadata,,[],[],[],[],pass,[]
web2000-1242,00001164,open_food_facts_product_metadata,Open Food Facts static bulk TSV,en.openfoodfacts.org.products.csv.gz,product_metadata,,[],[],[],[],pass,[]
web2000-1243,00001165,open_food_facts_product_metadata,Open Food Facts static bulk TSV,en.openfoodfacts.org.products.csv.gz,product_metadata,,[],[],[],[],pass,[]
web2000-1244,00001166,open_food_facts_product_metadata,Open Food Facts static bulk TSV,en.openfoodfacts.org.products.csv.gz,product_metadata,,[],[],[],[],pass,[]
web2000-1245,00001168,open_food_facts_product_metadata,Open Food Facts static bulk TSV,en.openfoodfacts.org.products.csv.gz,product_metadata,,[],[],[],[],pass,[]
web2000-1246,00001170,open_food_facts_product_metadata,Open Food Facts static bulk TSV,en.openfoodfacts.org.products.csv.gz,product_metadata,,[],[],[],[],pass,[]
web2000-1247,00001171,open_food_facts_product_metadata,Open Food Facts static bulk TSV,en.openfoodfacts.org.products.csv.gz,product_metadata,,[],[],[],[],pass,[]
web2000-1248,00001172,open_food_facts_product_metadata,Open Food Facts static bulk TSV,en.openfoodfacts.org.products.csv.gz,product_metadata,,[],[],[],[],pass,[]
web2000-1249,00001173,open_food_facts_product_metadata,Open Food Facts static bulk TSV,en.openfoodfacts.org.products.csv.gz,product_metadata,,[],[],[],[],pass,[]
web2000-1250,00001174,open_food_facts_product_metadata,Open Food Facts static bulk TSV,en.openfoodfacts.org.products.csv.gz,product_metadata,,[],[],[],[],pass,[]
web2000-1251,0000117584340,open_food_facts_product_metadata,Open Food Facts static bulk TSV,en.openfoodfacts.org.products.csv.gz,product_metadata,,[],[],[],[],pass,[]
web2000-1252,00001176,open_food_facts_product_metadata,Open Food Facts static bulk TSV,en.openfoodfacts.org.products.csv.gz,product_metadata,,[],[],[],[],pass,[]
web2000-1253,00001178,open_food_facts_product_metadata,Open Food Facts static bulk TSV,en.openfoodfacts.org.products.csv.gz,product_metadata,,[],[],[],[],pass,[]
web2000-1254,00001180,open_food_facts_product_metadata,Open Food Facts static bulk TSV,en.openfoodfacts.org.products.csv.gz,product_metadata,,[],[],[],[],pass,[]
web2000-1255,00001181,open_food_facts_product_metadata,Open Food Facts static bulk TSV,en.openfoodfacts.org.products.csv.gz,product_metadata,,[],[],[],[],pass,[]
web2000-1256,0000118120238,open_food_facts_product_metadata,Open Food Facts static bulk TSV,en.openfoodfacts.org.products.csv.gz,product_metadata,,[],[],[],[],pass,[]
web2000-1257,00001182,open_food_facts_product_metadata,Open Food Facts static bulk TSV,en.openfoodfacts.org.products.csv.gz,product_metadata,,[],[],[],[],pass,[]
web2000-1258,00001185,open_food_facts_product_metadata,Open Food Facts static bulk TSV,en.openfoodfacts.org.products.csv.gz,product_metadata,,[],[],[],[],pass,[]
web2000-1259,00001186,open_food_facts_product_metadata,Open Food Facts static bulk TSV,en.openfoodfacts.org.products.csv.gz,product_metadata,,[],[],[],[],pass,[]
web2000-1260,00001189,open_food_facts_product_metadata,Open Food Facts static bulk TSV,en.openfoodfacts.org.products.csv.gz,product_metadata,,[],[],[],[],pass,[]
web2000-1261,0000119010099,open_food_facts_product_metadata,Open Food Facts static bulk TSV,en.openfoodfacts.org.products.csv.gz,product_metadata,,[],[],[],[],pass,[]
web2000-1262,00001194,open_food_facts_product_metadata,Open Food Facts static bulk TSV,en.openfoodfacts.org.products.csv.gz,product_metadata,,[],[],[],[],pass,[]
web2000-1263,00001195,open_food_facts_product_metadata,Open Food Facts static bulk TSV,en.openfoodfacts.org.products.csv.gz,product_metadata,,[],[],[],[],pass,[]
web2000-1264,00001196,open_food_facts_product_metadata,Open Food Facts static bulk TSV,en.openfoodfacts.org.products.csv.gz,product_metadata,,[],[],[],[],pass,[]
web2000-1265,00001197,open_food_facts_product_metadata,Open Food Facts static bulk TSV,en.openfoodfacts.org.products.csv.gz,product_metadata,,[],[],[],[],pass,[]
web2000-1266,00001199,open_food_facts_product_metadata,Open Food Facts static bulk TSV,en.openfoodfacts.org.products.csv.gz,product_metadata,,[],[],[],[],pass,[]
web2000-1267,00001200,open_food_facts_product_metadata,Open Food Facts static bulk TSV,en.openfoodfacts.org.products.csv.gz,product_metadata,,[],[],[],[],pass,[]
web2000-1268,0000120000555,open_food_facts_product_metadata,Open Food Facts static bulk TSV,en.openfoodfacts.org.products.csv.gz,product_metadata,,[],[],[],[],pass,[]
web2000-1269,0000120000564,open_food_facts_product_metadata,Open Food Facts static bulk TSV,en.openfoodfacts.org.products.csv.gz,product_metadata,,[],[],[],[],pass,[]
web2000-1270,0000120000845,open_food_facts_product_metadata,Open Food Facts static bulk TSV,en.openfoodfacts.org.products.csv.gz,product_metadata,,[],[],[],[],pass,[]
web2000-1271,0000120001035,open_food_facts_product_metadata,Open Food Facts static bulk TSV,en.openfoodfacts.org.products.csv.gz,product_metadata,,[],[],[],[],pass,[]
web2000-1272,0000120090550,open_food_facts_product_metadata,Open Food Facts static bulk TSV,en.openfoodfacts.org.products.csv.gz,product_metadata,,[],[],[],[],pass,[]
web2000-1273,0000120102022,open_food_facts_product_metadata,Open Food Facts static bulk TSV,en.openfoodfacts.org.products.csv.gz,product_metadata,,[],[],[],[],pass,[]
web2000-1274,0000120150197,open_food_facts_product_metadata,Open Food Facts static bulk TSV,en.openfoodfacts.org.products.csv.gz,product_metadata,,[],[],[],[],pass,[]
web2000-1275,0000120157653,open_food_facts_product_metadata,Open Food Facts static bulk TSV,en.openfoodfacts.org.products.csv.gz,product_metadata,,[],[],[],[],pass,[]
web2000-1276,00001204,open_food_facts_product_metadata,Open Food Facts static bulk TSV,en.openfoodfacts.org.products.csv.gz,product_metadata,,[],[],[],[],pass,[]
web2000-1277,0000120497216,open_food_facts_product_metadata,Open Food Facts static bulk TSV,en.openfoodfacts.org.products.csv.gz,product_metadata,,[],[],[],[],pass,[]
web2000-1278,00001205,open_food_facts_product_metadata,Open Food Facts static bulk TSV,en.openfoodfacts.org.products.csv.gz,product_metadata,,[],[],[],[],pass,[]
web2000-1279,0000120644412,open_food_facts_product_metadata,Open Food Facts static bulk TSV,en.openfoodfacts.org.products.csv.gz,product_metadata,,[],[],[],[],pass,[]
web2000-1280,00001207,open_food_facts_product_metadata,Open Food Facts static bulk TSV,en.openfoodfacts.org.products.csv.gz,product_metadata,,[],[],[],[],pass,[]
web2000-1281,0000120739013,open_food_facts_product_metadata,Open Food Facts static bulk TSV,en.openfoodfacts.org.products.csv.gz,product_metadata,,[],[],[],[],pass,[]
web2000-1282,0000120810084,open_food_facts_product_metadata,Open Food Facts static bulk TSV,en.openfoodfacts.org.products.csv.gz,product_metadata,,[],[],[],[],pass,[]
web2000-1283,0000120876131,open_food_facts_product_metadata,Open Food Facts static bulk TSV,en.openfoodfacts.org.products.csv.gz,product_metadata,,[],[],[],[],pass,[]
web2000-1284,00001209,open_food_facts_product_metadata,Open Food Facts static bulk TSV,en.openfoodfacts.org.products.csv.gz,product_metadata,,[],[],[],[],pass,[]
web2000-1285,0000121000103,open_food_facts_product_metadata,Open Food Facts static bulk TSV,en.openfoodfacts.org.products.csv.gz,product_metadata,,[],[],[],[],pass,[]
web2000-1286,0000121019028,open_food_facts_product_metadata,Open Food Facts static bulk TSV,en.openfoodfacts.org.products.csv.gz,product_metadata,,[],[],[],[],pass,[]
web2000-1287,0000121055774,open_food_facts_product_metadata,Open Food Facts static bulk TSV,en.openfoodfacts.org.products.csv.gz,product_metadata,,[],[],[],[],pass,[]
web2000-1288,0000121133439,open_food_facts_product_metadata,Open Food Facts static bulk TSV,en.openfoodfacts.org.products.csv.gz,product_metadata,,[],[],[],[],pass,[]
web2000-1289,0000121201154,open_food_facts_product_metadata,Open Food Facts static bulk TSV,en.openfoodfacts.org.products.csv.gz,product_metadata,,[],[],[],[],pass,[]
web2000-1290,0000121212121,open_food_facts_product_metadata,Open Food Facts static bulk TSV,en.openfoodfacts.org.products.csv.gz,product_metadata,,[],[],[],[],pass,[]
web2000-1291,00001214,open_food_facts_product_metadata,Open Food Facts static bulk TSV,en.openfoodfacts.org.products.csv.gz,product_metadata,,[],[],[],[],pass,[]
web2000-1292,00001215,open_food_facts_product_metadata,Open Food Facts static bulk TSV,en.openfoodfacts.org.products.csv.gz,product_metadata,,[],[],[],[],pass,[]
web2000-1293,0000121550049,open_food_facts_product_metadata,Open Food Facts static bulk TSV,en.openfoodfacts.org.products.csv.gz,product_metadata,,[],[],[],[],pass,[]
web2000-1294,00001217,open_food_facts_product_metadata,Open Food Facts static bulk TSV,en.openfoodfacts.org.products.csv.gz,product_metadata,,[],[],[],[],pass,[]
web2000-1295,00001218,open_food_facts_product_metadata,Open Food Facts static bulk TSV,en.openfoodfacts.org.products.csv.gz,product_metadata,,[],[],[],[],pass,[]
web2000-1296,0000122025933,open_food_facts_product_metadata,Open Food Facts static bulk TSV,en.openfoodfacts.org.products.csv.gz,product_metadata,,[],[],[],[],pass,[]
web2000-1297,00001221,open_food_facts_product_metadata,Open Food Facts static bulk TSV,en.openfoodfacts.org.products.csv.gz,product_metadata,,[],[],[],[],pass,[]
web2000-1298,0000122120101,open_food_facts_product_metadata,Open Food Facts static bulk TSV,en.openfoodfacts.org.products.csv.gz,product_metadata,,[],[],[],[],pass,[]
web2000-1299,0000122121210,open_food_facts_product_metadata,Open Food Facts static bulk TSV,en.openfoodfacts.org.products.csv.gz,product_metadata,,[],[],[],[],pass,[]
web2000-1300,0000122229474,open_food_facts_product_metadata,Open Food Facts static bulk TSV,en.openfoodfacts.org.products.csv.gz,product_metadata,,[],[],[],[],pass,[]
web2000-1301,0000122250103,open_food_facts_product_metadata,Open Food Facts static bulk TSV,en.openfoodfacts.org.products.csv.gz,product_metadata,,[],[],[],[],pass,[]
web2000-1302,0000122262843,open_food_facts_product_metadata,Open Food Facts static bulk TSV,en.openfoodfacts.org.products.csv.gz,product_metadata,,[],[],[],[],pass,[]
web2000-1303,00001223,open_food_facts_product_metadata,Open Food Facts static bulk TSV,en.openfoodfacts.org.products.csv.gz,product_metadata,,[],[],[],[],pass,[]
web2000-1304,0000122386767,open_food_facts_product_metadata,Open Food Facts static bulk TSV,en.openfoodfacts.org.products.csv.gz,product_metadata,,[],[],[],[],pass,[]
web2000-1305,00001225,open_food_facts_product_metadata,Open Food Facts static bulk TSV,en.openfoodfacts.org.products.csv.gz,product_metadata,,[],[],[],[],pass,[]
web2000-1306,00001228,open_food_facts_product_metadata,Open Food Facts static bulk TSV,en.openfoodfacts.org.products.csv.gz,product_metadata,,[],[],[],[],pass,[]
web2000-1307,00001230,open_food_facts_product_metadata,Open Food Facts static bulk TSV,en.openfoodfacts.org.products.csv.gz,product_metadata,,[],[],[],[],pass,[]
web2000-1308,0000123030022,open_food_facts_product_metadata,Open Food Facts static bulk TSV,en.openfoodfacts.org.products.csv.gz,product_metadata,,[],[],[],[],pass,[]
web2000-1309,0000123040277,open_food_facts_product_metadata,Open Food Facts static bulk TSV,en.openfoodfacts.org.products.csv.gz,product_metadata,,[],[],[],[],pass,[]
web2000-1310,0000123090909,open_food_facts_product_metadata,Open Food Facts static bulk TSV,en.openfoodfacts.org.products.csv.gz,product_metadata,,[],[],[],[],pass,[]
web2000-1311,00001231,open_food_facts_product_metadata,Open Food Facts static bulk TSV,en.openfoodfacts.org.products.csv.gz,product_metadata,,[],[],[],[],pass,[]
web2000-1312,0000123123123,open_food_facts_product_metadata,Open Food Facts static bulk TSV,en.openfoodfacts.org.products.csv.gz,product_metadata,,[],[],[],[],pass,[]
web2000-1313,0000123123129,open_food_facts_product_metadata,Open Food Facts static bulk TSV,en.openfoodfacts.org.products.csv.gz,product_metadata,,[],[],[],[],pass,[]
web2000-1314,00001232,open_food_facts_product_metadata,Open Food Facts static bulk TSV,en.openfoodfacts.org.products.csv.gz,product_metadata,,[],[],[],[],pass,[]
web2000-1315,00001233,open_food_facts_product_metadata,Open Food Facts static bulk TSV,en.openfoodfacts.org.products.csv.gz,product_metadata,,[],[],[],[],pass,[]
web2000-1316,00001234,open_food_facts_product_metadata,Open Food Facts static bulk TSV,en.openfoodfacts.org.products.csv.gz,product_metadata,,[],[],[],[],pass,[]
web2000-1317,0000123402839,open_food_facts_product_metadata,Open Food Facts static bulk TSV,en.openfoodfacts.org.products.csv.gz,product_metadata,,[],[],[],[],pass,[]
web2000-1318,0000123412345,open_food_facts_product_metadata,Open Food Facts static bulk TSV,en.openfoodfacts.org.products.csv.gz,product_metadata,,[],[],[],[],pass,[]
web2000-1319,0000123456666,open_food_facts_product_metadata,Open Food Facts static bulk TSV,en.openfoodfacts.org.products.csv.gz,product_metadata,,[],[],[],[],pass,[]
web2000-1320,0000123456781,open_food_facts_product_metadata,Open Food Facts static bulk TSV,en.openfoodfacts.org.products.csv.gz,product_metadata,,[],[],[],[],pass,[]
web2000-1321,0000123456784,open_food_facts_product_metadata,Open Food Facts static bulk TSV,en.openfoodfacts.org.products.csv.gz,product_metadata,,[],[],[],[],pass,[]
web2000-1322,0000123456790,open_food_facts_product_metadata,Open Food Facts static bulk TSV,en.openfoodfacts.org.products.csv.gz,product_metadata,,[],[],[],[],pass,[]
web2000-1323,0000123457033,open_food_facts_product_metadata,Open Food Facts static bulk TSV,en.openfoodfacts.org.products.csv.gz,product_metadata,,[],[],[],[],pass,[]
web2000-1324,0000123457899,open_food_facts_product_metadata,Open Food Facts static bulk TSV,en.openfoodfacts.org.products.csv.gz,product_metadata,,[],[],[],[],pass,[]
web2000-1325,0000123457934,open_food_facts_product_metadata,Open Food Facts static bulk TSV,en.openfoodfacts.org.products.csv.gz,product_metadata,,[],[],[],[],pass,[]
web2000-1326,0000123482675,open_food_facts_product_metadata,Open Food Facts static bulk TSV,en.openfoodfacts.org.products.csv.gz,product_metadata,,[],[],[],[],pass,[]
web2000-1327,00001235,open_food_facts_product_metadata,Open Food Facts static bulk TSV,en.openfoodfacts.org.products.csv.gz,product_metadata,,[],[],[],[],pass,[]
web2000-1328,0000123589727,open_food_facts_product_metadata,Open Food Facts static bulk TSV,en.openfoodfacts.org.products.csv.gz,product_metadata,,[],[],[],[],pass,[]
web2000-1329,00001236,open_food_facts_product_metadata,Open Food Facts static bulk TSV,en.openfoodfacts.org.products.csv.gz,product_metadata,,[],[],[],[],pass,[]
web2000-1330,00001237,open_food_facts_product_metadata,Open Food Facts static bulk TSV,en.openfoodfacts.org.products.csv.gz,product_metadata,,[],[],[],[],pass,[]
web2000-1331,00001238,open_food_facts_product_metadata,Open Food Facts static bulk TSV,en.openfoodfacts.org.products.csv.gz,product_metadata,,[],[],[],[],pass,[]
web2000-1332,0000123839002,open_food_facts_product_metadata,Open Food Facts static bulk TSV,en.openfoodfacts.org.products.csv.gz,product_metadata,,[],[],[],[],pass,[]
web2000-1333,00001239,open_food_facts_product_metadata,Open Food Facts static bulk TSV,en.openfoodfacts.org.products.csv.gz,product_metadata,,[],[],[],[],pass,[]
web2000-1334,00001240,open_food_facts_product_metadata,Open Food Facts static bulk TSV,en.openfoodfacts.org.products.csv.gz,product_metadata,,[],[],[],[],pass,[]
web2000-1335,0000124000009,open_food_facts_product_metadata,Open Food Facts static bulk TSV,en.openfoodfacts.org.products.csv.gz,product_metadata,,[],[],[],[],pass,[]
web2000-1336,0000124024111,open_food_facts_product_metadata,Open Food Facts static bulk TSV,en.openfoodfacts.org.products.csv.gz,product_metadata,,[],[],[],[],pass,[]
web2000-1337,0000124061451,open_food_facts_product_metadata,Open Food Facts static bulk TSV,en.openfoodfacts.org.products.csv.gz,product_metadata,,[],[],[],[],pass,[]
web2000-1338,00001241,open_food_facts_product_metadata,Open Food Facts static bulk TSV,en.openfoodfacts.org.products.csv.gz,product_metadata,,[],[],[],[],pass,[]
web2000-1339,0000124186266,open_food_facts_product_metadata,Open Food Facts static bulk TSV,en.openfoodfacts.org.products.csv.gz,product_metadata,,[],[],[],[],pass,[]
web2000-1340,00001242,open_food_facts_product_metadata,Open Food Facts static bulk TSV,en.openfoodfacts.org.products.csv.gz,product_metadata,,[],[],[],[],pass,[]
web2000-1341,00001243,open_food_facts_product_metadata,Open Food Facts static bulk TSV,en.openfoodfacts.org.products.csv.gz,product_metadata,,[],[],[],[],pass,[]
web2000-1342,00001244,open_food_facts_product_metadata,Open Food Facts static bulk TSV,en.openfoodfacts.org.products.csv.gz,product_metadata,,[],[],[],[],pass,[]
web2000-1343,00001245,open_food_facts_product_metadata,Open Food Facts static bulk TSV,en.openfoodfacts.org.products.csv.gz,product_metadata,,[],[],[],[],pass,[]
web2000-1344,0000124578542,open_food_facts_product_metadata,Open Food Facts static bulk TSV,en.openfoodfacts.org.products.csv.gz,product_metadata,,[],[],[],[],pass,[]
web2000-1345,00001246,open_food_facts_product_metadata,Open Food Facts static bulk TSV,en.openfoodfacts.org.products.csv.gz,product_metadata,,[],[],[],[],pass,[]
web2000-1346,00001247,open_food_facts_product_metadata,Open Food Facts static bulk TSV,en.openfoodfacts.org.products.csv.gz,product_metadata,,[],[],[],[],pass,[]
web2000-1347,00001248,open_food_facts_product_metadata,Open Food Facts static bulk TSV,en.openfoodfacts.org.products.csv.gz,product_metadata,,[],[],[],[],pass,[]
web2000-1348,00001249,open_food_facts_product_metadata,Open Food Facts static bulk TSV,en.openfoodfacts.org.products.csv.gz,product_metadata,,[],[],[],[],pass,[]
web2000-1349,00001251,open_food_facts_product_metadata,Open Food Facts static bulk TSV,en.openfoodfacts.org.products.csv.gz,product_metadata,,[],[],[],[],pass,[]
web2000-1350,00001252,open_food_facts_product_metadata,Open Food Facts static bulk TSV,en.openfoodfacts.org.products.csv.gz,product_metadata,,[],[],[],[],pass,[]
web2000-1351,00001253,open_food_facts_product_metadata,Open Food Facts static bulk TSV,en.openfoodfacts.org.products.csv.gz,product_metadata,,[],[],[],[],pass,[]
web2000-1352,00001254,open_food_facts_product_metadata,Open Food Facts static bulk TSV,en.openfoodfacts.org.products.csv.gz,product_metadata,,[],[],[],[],pass,[]
web2000-1353,00001255,open_food_facts_product_metadata,Open Food Facts static bulk TSV,en.openfoodfacts.org.products.csv.gz,product_metadata,,[],[],[],[],pass,[]
web2000-1354,00001257,open_food_facts_product_metadata,Open Food Facts static bulk TSV,en.openfoodfacts.org.products.csv.gz,product_metadata,,[],[],[],[],pass,[]
web2000-1355,00001258,open_food_facts_product_metadata,Open Food Facts static bulk TSV,en.openfoodfacts.org.products.csv.gz,product_metadata,,[],[],[],[],pass,[]
web2000-1356,00001260,open_food_facts_product_metadata,Open Food Facts static bulk TSV,en.openfoodfacts.org.products.csv.gz,product_metadata,,[],[],[],[],pass,[]
web2000-1357,0000126007292,open_food_facts_product_metadata,Open Food Facts static bulk TSV,en.openfoodfacts.org.products.csv.gz,product_metadata,,[],[],[],[],pass,[]
web2000-1358,00001261,open_food_facts_product_metadata,Open Food Facts static bulk TSV,en.openfoodfacts.org.products.csv.gz,product_metadata,,[],[],[],[],pass,[]
web2000-1359,00001262,open_food_facts_product_metadata,Open Food Facts static bulk TSV,en.openfoodfacts.org.products.csv.gz,product_metadata,,[],[],[],[],pass,[]
web2000-1360,00001263,open_food_facts_product_metadata,Open Food Facts static bulk TSV,en.openfoodfacts.org.products.csv.gz,product_metadata,,[],[],[],[],pass,[]
web2000-1361,00001264,open_food_facts_product_metadata,Open Food Facts static bulk TSV,en.openfoodfacts.org.products.csv.gz,product_metadata,,[],[],[],[],pass,[]
web2000-1362,00001265,open_food_facts_product_metadata,Open Food Facts static bulk TSV,en.openfoodfacts.org.products.csv.gz,product_metadata,,[],[],[],[],pass,[]
web2000-1363,00001267,open_food_facts_product_metadata,Open Food Facts static bulk TSV,en.openfoodfacts.org.products.csv.gz,product_metadata,,[],[],[],[],pass,[]
web2000-1364,00001269,open_food_facts_product_metadata,Open Food Facts static bulk TSV,en.openfoodfacts.org.products.csv.gz,product_metadata,,[],[],[],[],pass,[]
web2000-1365,0000126984568,open_food_facts_product_metadata,Open Food Facts static bulk TSV,en.openfoodfacts.org.products.csv.gz,product_metadata,,[],[],[],[],pass,[]
web2000-1366,00001270,open_food_facts_product_metadata,Open Food Facts static bulk TSV,en.openfoodfacts.org.products.csv.gz,product_metadata,,[],[],[],[],pass,[]
web2000-1367,00001273,open_food_facts_product_metadata,Open Food Facts static bulk TSV,en.openfoodfacts.org.products.csv.gz,product_metadata,,[],[],[],[],pass,[]
web2000-1368,00001274,open_food_facts_product_metadata,Open Food Facts static bulk TSV,en.openfoodfacts.org.products.csv.gz,product_metadata,,[],[],[],[],pass,[]
web2000-1369,00001275,open_food_facts_product_metadata,Open Food Facts static bulk TSV,en.openfoodfacts.org.products.csv.gz,product_metadata,,[],[],[],[],pass,[]
web2000-1370,0000127534563,open_food_facts_product_metadata,Open Food Facts static bulk TSV,en.openfoodfacts.org.products.csv.gz,product_metadata,,[],[],[],[],pass,[]
web2000-1371,0000127534587,open_food_facts_product_metadata,Open Food Facts static bulk TSV,en.openfoodfacts.org.products.csv.gz,product_metadata,,[],[],[],[],pass,[]
web2000-1372,00001276,open_food_facts_product_metadata,Open Food Facts static bulk TSV,en.openfoodfacts.org.products.csv.gz,product_metadata,,[],[],[],[],pass,[]
web2000-1373,0000127601906,open_food_facts_product_metadata,Open Food Facts static bulk TSV,en.openfoodfacts.org.products.csv.gz,product_metadata,,[],[],[],[],pass,[]
web2000-1374,00001279,open_food_facts_product_metadata,Open Food Facts static bulk TSV,en.openfoodfacts.org.products.csv.gz,product_metadata,,[],[],[],[],pass,[]
web2000-1375,00001281,open_food_facts_product_metadata,Open Food Facts static bulk TSV,en.openfoodfacts.org.products.csv.gz,product_metadata,,[],[],[],[],pass,[]
web2000-1376,0000128100086,open_food_facts_product_metadata,Open Food Facts static bulk TSV,en.openfoodfacts.org.products.csv.gz,product_metadata,,[],[],[],[],pass,[]
web2000-1377,0000128150033,open_food_facts_product_metadata,Open Food Facts static bulk TSV,en.openfoodfacts.org.products.csv.gz,product_metadata,,[],[],[],[],pass,[]
web2000-1378,0000128150224,open_food_facts_product_metadata,Open Food Facts static bulk TSV,en.openfoodfacts.org.products.csv.gz,product_metadata,,[],[],[],[],pass,[]
web2000-1379,00001283,open_food_facts_product_metadata,Open Food Facts static bulk TSV,en.openfoodfacts.org.products.csv.gz,product_metadata,,[],[],[],[],pass,[]
web2000-1380,00001285,open_food_facts_product_metadata,Open Food Facts static bulk TSV,en.openfoodfacts.org.products.csv.gz,product_metadata,,[],[],[],[],pass,[]
web2000-1381,0000128643325,open_food_facts_product_metadata,Open Food Facts static bulk TSV,en.openfoodfacts.org.products.csv.gz,product_metadata,,[],[],[],[],pass,[]
web2000-1382,00001287,open_food_facts_product_metadata,Open Food Facts static bulk TSV,en.openfoodfacts.org.products.csv.gz,product_metadata,,[],[],[],[],pass,[]
web2000-1383,0000128732145,open_food_facts_product_metadata,Open Food Facts static bulk TSV,en.openfoodfacts.org.products.csv.gz,product_metadata,,[],[],[],[],pass,[]
web2000-1384,0000128792050,open_food_facts_product_metadata,Open Food Facts static bulk TSV,en.openfoodfacts.org.products.csv.gz,product_metadata,,[],[],[],[],pass,[]
web2000-1385,00001288,open_food_facts_product_metadata,Open Food Facts static bulk TSV,en.openfoodfacts.org.products.csv.gz,product_metadata,,[],[],[],[],pass,[]
web2000-1386,0000128884525,open_food_facts_product_metadata,Open Food Facts static bulk TSV,en.openfoodfacts.org.products.csv.gz,product_metadata,,[],[],[],[],pass,[]
web2000-1387,0000128909693,open_food_facts_product_metadata,Open Food Facts static bulk TSV,en.openfoodfacts.org.products.csv.gz,product_metadata,,[],[],[],[],pass,[]
web2000-1388,0000128912600,open_food_facts_product_metadata,Open Food Facts static bulk TSV,en.openfoodfacts.org.products.csv.gz,product_metadata,,[],[],[],[],pass,[]
web2000-1389,00001290,open_food_facts_product_metadata,Open Food Facts static bulk TSV,en.openfoodfacts.org.products.csv.gz,product_metadata,,[],[],[],[],pass,[]
web2000-1390,0000129028012,open_food_facts_product_metadata,Open Food Facts static bulk TSV,en.openfoodfacts.org.products.csv.gz,product_metadata,,[],[],[],[],pass,[]
web2000-1391,00001291,open_food_facts_product_metadata,Open Food Facts static bulk TSV,en.openfoodfacts.org.products.csv.gz,product_metadata,,[],[],[],[],pass,[]
web2000-1392,0000129133095,open_food_facts_product_metadata,Open Food Facts static bulk TSV,en.openfoodfacts.org.products.csv.gz,product_metadata,,[],[],[],[],pass,[]
web2000-1393,0000129213097,open_food_facts_product_metadata,Open Food Facts static bulk TSV,en.openfoodfacts.org.products.csv.gz,product_metadata,,[],[],[],[],pass,[]
web2000-1394,0000129328837,open_food_facts_product_metadata,Open Food Facts static bulk TSV,en.openfoodfacts.org.products.csv.gz,product_metadata,,[],[],[],[],pass,[]
web2000-1395,0000129397161,open_food_facts_product_metadata,Open Food Facts static bulk TSV,en.openfoodfacts.org.products.csv.gz,product_metadata,,[],[],[],[],pass,[]
web2000-1396,00001294,open_food_facts_product_metadata,Open Food Facts static bulk TSV,en.openfoodfacts.org.products.csv.gz,product_metadata,,[],[],[],[],pass,[]
web2000-1397,00001295,open_food_facts_product_metadata,Open Food Facts static bulk TSV,en.openfoodfacts.org.products.csv.gz,product_metadata,,[],[],[],[],pass,[]
web2000-1398,00001296,open_food_facts_product_metadata,Open Food Facts static bulk TSV,en.openfoodfacts.org.products.csv.gz,product_metadata,,[],[],[],[],pass,[]
web2000-1399,0000129957952,open_food_facts_product_metadata,Open Food Facts static bulk TSV,en.openfoodfacts.org.products.csv.gz,product_metadata,,[],[],[],[],pass,[]
web2000-1400,00001300,open_food_facts_product_metadata,Open Food Facts static bulk TSV,en.openfoodfacts.org.products.csv.gz,product_metadata,,[],[],[],[],pass,[]
web2000-1401,0000130000220,open_food_facts_product_metadata,Open Food Facts static bulk TSV,en.openfoodfacts.org.products.csv.gz,product_metadata,,[],[],[],[],pass,[]
web2000-1402,0000130008136,open_food_facts_product_metadata,Open Food Facts static bulk TSV,en.openfoodfacts.org.products.csv.gz,product_metadata,,[],[],[],[],pass,[]
web2000-1403,0000130008241,open_food_facts_product_metadata,Open Food Facts static bulk TSV,en.openfoodfacts.org.products.csv.gz,product_metadata,,[],[],[],[],pass,[]
web2000-1404,0000130010365,open_food_facts_product_metadata,Open Food Facts static bulk TSV,en.openfoodfacts.org.products.csv.gz,product_metadata,,[],[],[],[],pass,[]
web2000-1405,0000130015750,open_food_facts_product_metadata,Open Food Facts static bulk TSV,en.openfoodfacts.org.products.csv.gz,product_metadata,,[],[],[],[],pass,[]
web2000-1406,0000130026287,open_food_facts_product_metadata,Open Food Facts static bulk TSV,en.openfoodfacts.org.products.csv.gz,product_metadata,,[],[],[],[],pass,[]
web2000-1407,0000130028030,open_food_facts_product_metadata,Open Food Facts static bulk TSV,en.openfoodfacts.org.products.csv.gz,product_metadata,,[],[],[],[],pass,[]
web2000-1408,0000130074679,open_food_facts_product_metadata,Open Food Facts static bulk TSV,en.openfoodfacts.org.products.csv.gz,product_metadata,,[],[],[],[],pass,[]
web2000-1409,0000130085750,open_food_facts_product_metadata,Open Food Facts static bulk TSV,en.openfoodfacts.org.products.csv.gz,product_metadata,,[],[],[],[],pass,[]
web2000-1410,00001301,open_food_facts_product_metadata,Open Food Facts static bulk TSV,en.openfoodfacts.org.products.csv.gz,product_metadata,,[],[],[],[],pass,[]
web2000-1411,0000130101240,open_food_facts_product_metadata,Open Food Facts static bulk TSV,en.openfoodfacts.org.products.csv.gz,product_metadata,,[],[],[],[],pass,[]
web2000-1412,00001302,open_food_facts_product_metadata,Open Food Facts static bulk TSV,en.openfoodfacts.org.products.csv.gz,product_metadata,,[],[],[],[],pass,[]
web2000-1413,00001304,open_food_facts_product_metadata,Open Food Facts static bulk TSV,en.openfoodfacts.org.products.csv.gz,product_metadata,,[],[],[],[],pass,[]
web2000-1414,0000130480055,open_food_facts_product_metadata,Open Food Facts static bulk TSV,en.openfoodfacts.org.products.csv.gz,product_metadata,,[],[],[],[],pass,[]
web2000-1415,00001305,open_food_facts_product_metadata,Open Food Facts static bulk TSV,en.openfoodfacts.org.products.csv.gz,product_metadata,,[],[],[],[],pass,[]
web2000-1416,00001306,open_food_facts_product_metadata,Open Food Facts static bulk TSV,en.openfoodfacts.org.products.csv.gz,product_metadata,,[],[],[],[],pass,[]
web2000-1417,0000130600646,open_food_facts_product_metadata,Open Food Facts static bulk TSV,en.openfoodfacts.org.products.csv.gz,product_metadata,,[],[],[],[],pass,[]
web2000-1418,0000130600647,open_food_facts_product_metadata,Open Food Facts static bulk TSV,en.openfoodfacts.org.products.csv.gz,product_metadata,,[],[],[],[],pass,[]
web2000-1419,00001307,open_food_facts_product_metadata,Open Food Facts static bulk TSV,en.openfoodfacts.org.products.csv.gz,product_metadata,,[],[],[],[],pass,[]
web2000-1420,00001308,open_food_facts_product_metadata,Open Food Facts static bulk TSV,en.openfoodfacts.org.products.csv.gz,product_metadata,,[],[],[],[],pass,[]
web2000-1421,00001309,open_food_facts_product_metadata,Open Food Facts static bulk TSV,en.openfoodfacts.org.products.csv.gz,product_metadata,,[],[],[],[],pass,[]
web2000-1422,0000130954358,open_food_facts_product_metadata,Open Food Facts static bulk TSV,en.openfoodfacts.org.products.csv.gz,product_metadata,,[],[],[],[],pass,[]
web2000-1423,00001310,open_food_facts_product_metadata,Open Food Facts static bulk TSV,en.openfoodfacts.org.products.csv.gz,product_metadata,,[],[],[],[],pass,[]
web2000-1424,0000131019063,open_food_facts_product_metadata,Open Food Facts static bulk TSV,en.openfoodfacts.org.products.csv.gz,product_metadata,,[],[],[],[],pass,[]
web2000-1425,0000131032475,open_food_facts_product_metadata,Open Food Facts static bulk TSV,en.openfoodfacts.org.products.csv.gz,product_metadata,,[],[],[],[],pass,[]
web2000-1426,0000131038750,open_food_facts_product_metadata,Open Food Facts static bulk TSV,en.openfoodfacts.org.products.csv.gz,product_metadata,,[],[],[],[],pass,[]
web2000-1427,0000131081954,open_food_facts_product_metadata,Open Food Facts static bulk TSV,en.openfoodfacts.org.products.csv.gz,product_metadata,,[],[],[],[],pass,[]
web2000-1428,00001311,open_food_facts_product_metadata,Open Food Facts static bulk TSV,en.openfoodfacts.org.products.csv.gz,product_metadata,,[],[],[],[],pass,[]
web2000-1429,00001312,open_food_facts_product_metadata,Open Food Facts static bulk TSV,en.openfoodfacts.org.products.csv.gz,product_metadata,,[],[],[],[],pass,[]
web2000-1430,0000131216020,open_food_facts_product_metadata,Open Food Facts static bulk TSV,en.openfoodfacts.org.products.csv.gz,product_metadata,,[],[],[],[],pass,[]
web2000-1431,0000131269815,open_food_facts_product_metadata,Open Food Facts static bulk TSV,en.openfoodfacts.org.products.csv.gz,product_metadata,,[],[],[],[],pass,[]
web2000-1432,00001313,open_food_facts_product_metadata,Open Food Facts static bulk TSV,en.openfoodfacts.org.products.csv.gz,product_metadata,,[],[],[],[],pass,[]
web2000-1433,0000131327786,open_food_facts_product_metadata,Open Food Facts static bulk TSV,en.openfoodfacts.org.products.csv.gz,product_metadata,,[],[],[],[],pass,[]
web2000-1434,0000131335927,open_food_facts_product_metadata,Open Food Facts static bulk TSV,en.openfoodfacts.org.products.csv.gz,product_metadata,,[],[],[],[],pass,[]
web2000-1435,0000131362295,open_food_facts_product_metadata,Open Food Facts static bulk TSV,en.openfoodfacts.org.products.csv.gz,product_metadata,,[],[],[],[],pass,[]
web2000-1436,00001314,open_food_facts_product_metadata,Open Food Facts static bulk TSV,en.openfoodfacts.org.products.csv.gz,product_metadata,,[],[],[],[],pass,[]
web2000-1437,00001315,open_food_facts_product_metadata,Open Food Facts static bulk TSV,en.openfoodfacts.org.products.csv.gz,product_metadata,,[],[],[],[],pass,[]
web2000-1438,0000131656901,open_food_facts_product_metadata,Open Food Facts static bulk TSV,en.openfoodfacts.org.products.csv.gz,product_metadata,,[],[],[],[],pass,[]
web2000-1439,00001317,open_food_facts_product_metadata,Open Food Facts static bulk TSV,en.openfoodfacts.org.products.csv.gz,product_metadata,,[],[],[],[],pass,[]
web2000-1440,00001319,open_food_facts_product_metadata,Open Food Facts static bulk TSV,en.openfoodfacts.org.products.csv.gz,product_metadata,,[],[],[],[],pass,[]
web2000-1441,0000131904444,open_food_facts_product_metadata,Open Food Facts static bulk TSV,en.openfoodfacts.org.products.csv.gz,product_metadata,,[],[],[],[],pass,[]
web2000-1442,0000132000000,open_food_facts_product_metadata,Open Food Facts static bulk TSV,en.openfoodfacts.org.products.csv.gz,product_metadata,,[],[],[],[],pass,[]
web2000-1443,0000132075794,open_food_facts_product_metadata,Open Food Facts static bulk TSV,en.openfoodfacts.org.products.csv.gz,product_metadata,,[],[],[],[],pass,[]
web2000-1444,00001321,open_food_facts_product_metadata,Open Food Facts static bulk TSV,en.openfoodfacts.org.products.csv.gz,product_metadata,,[],[],[],[],pass,[]
web2000-1445,0000132175000,open_food_facts_product_metadata,Open Food Facts static bulk TSV,en.openfoodfacts.org.products.csv.gz,product_metadata,,[],[],[],[],pass,[]
web2000-1446,00001323,open_food_facts_product_metadata,Open Food Facts static bulk TSV,en.openfoodfacts.org.products.csv.gz,product_metadata,,[],[],[],[],pass,[]
web2000-1447,00001327,open_food_facts_product_metadata,Open Food Facts static bulk TSV,en.openfoodfacts.org.products.csv.gz,product_metadata,,[],[],[],[],pass,[]
web2000-1448,00001328,open_food_facts_product_metadata,Open Food Facts static bulk TSV,en.openfoodfacts.org.products.csv.gz,product_metadata,,[],[],[],[],pass,[]
web2000-1449,00001329,open_food_facts_product_metadata,Open Food Facts static bulk TSV,en.openfoodfacts.org.products.csv.gz,product_metadata,,[],[],[],[],pass,[]
web2000-1450,0000132901343,open_food_facts_product_metadata,Open Food Facts static bulk TSV,en.openfoodfacts.org.products.csv.gz,product_metadata,,[],[],[],[],pass,[]
web2000-1451,00001330,open_food_facts_product_metadata,Open Food Facts static bulk TSV,en.openfoodfacts.org.products.csv.gz,product_metadata,,[],[],[],[],pass,[]
web2000-1452,0000133030062,open_food_facts_product_metadata,Open Food Facts static bulk TSV,en.openfoodfacts.org.products.csv.gz,product_metadata,,[],[],[],[],pass,[]
web2000-1453,00001331,open_food_facts_product_metadata,Open Food Facts static bulk TSV,en.openfoodfacts.org.products.csv.gz,product_metadata,,[],[],[],[],pass,[]
web2000-1454,00001332,open_food_facts_product_metadata,Open Food Facts static bulk TSV,en.openfoodfacts.org.products.csv.gz,product_metadata,,[],[],[],[],pass,[]
web2000-1455,00001333,open_food_facts_product_metadata,Open Food Facts static bulk TSV,en.openfoodfacts.org.products.csv.gz,product_metadata,,[],[],[],[],pass,[]
web2000-1456,00001334,open_food_facts_product_metadata,Open Food Facts static bulk TSV,en.openfoodfacts.org.products.csv.gz,product_metadata,,[],[],[],[],pass,[]
web2000-1457,0000133688800,open_food_facts_product_metadata,Open Food Facts static bulk TSV,en.openfoodfacts.org.products.csv.gz,product_metadata,,[],[],[],[],pass,[]
web2000-1458,00001337,open_food_facts_product_metadata,Open Food Facts static bulk TSV,en.openfoodfacts.org.products.csv.gz,product_metadata,,[],[],[],[],pass,[]
web2000-1459,0000133711111,open_food_facts_product_metadata,Open Food Facts static bulk TSV,en.openfoodfacts.org.products.csv.gz,product_metadata,,[],[],[],[],pass,[]
web2000-1460,00001339,open_food_facts_product_metadata,Open Food Facts static bulk TSV,en.openfoodfacts.org.products.csv.gz,product_metadata,,[],[],[],[],pass,[]
web2000-1461,00001340,open_food_facts_product_metadata,Open Food Facts static bulk TSV,en.openfoodfacts.org.products.csv.gz,product_metadata,,[],[],[],[],pass,[]
web2000-1462,00001342,open_food_facts_product_metadata,Open Food Facts static bulk TSV,en.openfoodfacts.org.products.csv.gz,product_metadata,,[],[],[],[],pass,[]
web2000-1463,00001345,open_food_facts_product_metadata,Open Food Facts static bulk TSV,en.openfoodfacts.org.products.csv.gz,product_metadata,,[],[],[],[],pass,[]
web2000-1464,00001346,open_food_facts_product_metadata,Open Food Facts static bulk TSV,en.openfoodfacts.org.products.csv.gz,product_metadata,,[],[],[],[],pass,[]
web2000-1465,00001347,open_food_facts_product_metadata,Open Food Facts static bulk TSV,en.openfoodfacts.org.products.csv.gz,product_metadata,,[],[],[],[],pass,[]
web2000-1466,0000134851998,open_food_facts_product_metadata,Open Food Facts static bulk TSV,en.openfoodfacts.org.products.csv.gz,product_metadata,,[],[],[],[],pass,[]
web2000-1467,00001350,open_food_facts_product_metadata,Open Food Facts static bulk TSV,en.openfoodfacts.org.products.csv.gz,product_metadata,,[],[],[],[],pass,[]
web2000-1468,0000135019687,open_food_facts_product_metadata,Open Food Facts static bulk TSV,en.openfoodfacts.org.products.csv.gz,product_metadata,,[],[],[],[],pass,[]
web2000-1469,00001351,open_food_facts_product_metadata,Open Food Facts static bulk TSV,en.openfoodfacts.org.products.csv.gz,product_metadata,,[],[],[],[],pass,[]
web2000-1470,00001353,open_food_facts_product_metadata,Open Food Facts static bulk TSV,en.openfoodfacts.org.products.csv.gz,product_metadata,,[],[],[],[],pass,[]
web2000-1471,00001355,open_food_facts_product_metadata,Open Food Facts static bulk TSV,en.openfoodfacts.org.products.csv.gz,product_metadata,,[],[],[],[],pass,[]
web2000-1472,00001357,open_food_facts_product_metadata,Open Food Facts static bulk TSV,en.openfoodfacts.org.products.csv.gz,product_metadata,,[],[],[],[],pass,[]
web2000-1473,00001358,open_food_facts_product_metadata,Open Food Facts static bulk TSV,en.openfoodfacts.org.products.csv.gz,product_metadata,,[],[],[],[],pass,[]
web2000-1474,00001359,open_food_facts_product_metadata,Open Food Facts static bulk TSV,en.openfoodfacts.org.products.csv.gz,product_metadata,,[],[],[],[],pass,[]
web2000-1475,0000136010485,open_food_facts_product_metadata,Open Food Facts static bulk TSV,en.openfoodfacts.org.products.csv.gz,product_metadata,,[],[],[],[],pass,[]
web2000-1476,00001361,open_food_facts_product_metadata,Open Food Facts static bulk TSV,en.openfoodfacts.org.products.csv.gz,product_metadata,,[],[],[],[],pass,[]
web2000-1477,00001362,open_food_facts_product_metadata,Open Food Facts static bulk TSV,en.openfoodfacts.org.products.csv.gz,product_metadata,,[],[],[],[],pass,[]
web2000-1478,0000136459935,open_food_facts_product_metadata,Open Food Facts static bulk TSV,en.openfoodfacts.org.products.csv.gz,product_metadata,,[],[],[],[],pass,[]
web2000-1479,0000136593544,open_food_facts_product_metadata,Open Food Facts static bulk TSV,en.openfoodfacts.org.products.csv.gz,product_metadata,,[],[],[],[],pass,[]
web2000-1480,0000136726562,open_food_facts_product_metadata,Open Food Facts static bulk TSV,en.openfoodfacts.org.products.csv.gz,product_metadata,,[],[],[],[],pass,[]
web2000-1481,0000136734655,open_food_facts_product_metadata,Open Food Facts static bulk TSV,en.openfoodfacts.org.products.csv.gz,product_metadata,,[],[],[],[],pass,[]
web2000-1482,0000136794492,open_food_facts_product_metadata,Open Food Facts static bulk TSV,en.openfoodfacts.org.products.csv.gz,product_metadata,,[],[],[],[],pass,[]
web2000-1483,00001370,open_food_facts_product_metadata,Open Food Facts static bulk TSV,en.openfoodfacts.org.products.csv.gz,product_metadata,,[],[],[],[],pass,[]
web2000-1484,0000137007224,open_food_facts_product_metadata,Open Food Facts static bulk TSV,en.openfoodfacts.org.products.csv.gz,product_metadata,,[],[],[],[],pass,[]
web2000-1485,0000137008535,open_food_facts_product_metadata,Open Food Facts static bulk TSV,en.openfoodfacts.org.products.csv.gz,product_metadata,,[],[],[],[],pass,[]
web2000-1486,00001372,open_food_facts_product_metadata,Open Food Facts static bulk TSV,en.openfoodfacts.org.products.csv.gz,product_metadata,,[],[],[],[],pass,[]
web2000-1487,00001373,open_food_facts_product_metadata,Open Food Facts static bulk TSV,en.openfoodfacts.org.products.csv.gz,product_metadata,,[],[],[],[],pass,[]
web2000-1488,0000137401004,open_food_facts_product_metadata,Open Food Facts static bulk TSV,en.openfoodfacts.org.products.csv.gz,product_metadata,,[],[],[],[],pass,[]
web2000-1489,0000137415970,open_food_facts_product_metadata,Open Food Facts static bulk TSV,en.openfoodfacts.org.products.csv.gz,product_metadata,,[],[],[],[],pass,[]
web2000-1490,00001377,open_food_facts_product_metadata,Open Food Facts static bulk TSV,en.openfoodfacts.org.products.csv.gz,product_metadata,,[],[],[],[],pass,[]
web2000-1491,00001378,open_food_facts_product_metadata,Open Food Facts static bulk TSV,en.openfoodfacts.org.products.csv.gz,product_metadata,,[],[],[],[],pass,[]
web2000-1492,00001379,open_food_facts_product_metadata,Open Food Facts static bulk TSV,en.openfoodfacts.org.products.csv.gz,product_metadata,,[],[],[],[],pass,[]
web2000-1493,00001380,open_food_facts_product_metadata,Open Food Facts static bulk TSV,en.openfoodfacts.org.products.csv.gz,product_metadata,,[],[],[],[],pass,[]
web2000-1494,0000138017055,open_food_facts_product_metadata,Open Food Facts static bulk TSV,en.openfoodfacts.org.products.csv.gz,product_metadata,,[],[],[],[],pass,[]
web2000-1495,0000138276810,open_food_facts_product_metadata,Open Food Facts static bulk TSV,en.openfoodfacts.org.products.csv.gz,product_metadata,,[],[],[],[],pass,[]
web2000-1496,00001383,open_food_facts_product_metadata,Open Food Facts static bulk TSV,en.openfoodfacts.org.products.csv.gz,product_metadata,,[],[],[],[],pass,[]
web2000-1497,00001385,open_food_facts_product_metadata,Open Food Facts static bulk TSV,en.openfoodfacts.org.products.csv.gz,product_metadata,,[],[],[],[],pass,[]
web2000-1498,00001390,open_food_facts_product_metadata,Open Food Facts static bulk TSV,en.openfoodfacts.org.products.csv.gz,product_metadata,,[],[],[],[],pass,[]
web2000-1499,0000139002104,open_food_facts_product_metadata,Open Food Facts static bulk TSV,en.openfoodfacts.org.products.csv.gz,product_metadata,,[],[],[],[],pass,[]
web2000-1500,0000139100124,open_food_facts_product_metadata,Open Food Facts static bulk TSV,en.openfoodfacts.org.products.csv.gz,product_metadata,,[],[],[],[],pass,[]
web2000-1501,00001392,open_food_facts_product_metadata,Open Food Facts static bulk TSV,en.openfoodfacts.org.products.csv.gz,product_metadata,,[],[],[],[],pass,[]
web2000-1502,0000139312210,open_food_facts_product_metadata,Open Food Facts static bulk TSV,en.openfoodfacts.org.products.csv.gz,product_metadata,,[],[],[],[],pass,[]
web2000-1503,00001394,open_food_facts_product_metadata,Open Food Facts static bulk TSV,en.openfoodfacts.org.products.csv.gz,product_metadata,,[],[],[],[],pass,[]
web2000-1504,00001395,open_food_facts_product_metadata,Open Food Facts static bulk TSV,en.openfoodfacts.org.products.csv.gz,product_metadata,,[],[],[],[],pass,[]
web2000-1505,00001400,open_food_facts_product_metadata,Open Food Facts static bulk TSV,en.openfoodfacts.org.products.csv.gz,product_metadata,,[],[],[],[],pass,[]
web2000-1506,0000140000116,open_food_facts_product_metadata,Open Food Facts static bulk TSV,en.openfoodfacts.org.products.csv.gz,product_metadata,,[],[],[],[],pass,[]
web2000-1507,0000140000204,open_food_facts_product_metadata,Open Food Facts static bulk TSV,en.openfoodfacts.org.products.csv.gz,product_metadata,,[],[],[],[],pass,[]
web2000-1508,0000140000211,open_food_facts_product_metadata,Open Food Facts static bulk TSV,en.openfoodfacts.org.products.csv.gz,product_metadata,,[],[],[],[],pass,[]
web2000-1509,0000140000371,open_food_facts_product_metadata,Open Food Facts static bulk TSV,en.openfoodfacts.org.products.csv.gz,product_metadata,,[],[],[],[],pass,[]
web2000-1510,0000140000585,open_food_facts_product_metadata,Open Food Facts static bulk TSV,en.openfoodfacts.org.products.csv.gz,product_metadata,,[],[],[],[],pass,[]
web2000-1511,0000140000607,open_food_facts_product_metadata,Open Food Facts static bulk TSV,en.openfoodfacts.org.products.csv.gz,product_metadata,,[],[],[],[],pass,[]
web2000-1512,0000140000628,open_food_facts_product_metadata,Open Food Facts static bulk TSV,en.openfoodfacts.org.products.csv.gz,product_metadata,,[],[],[],[],pass,[]
web2000-1513,0000140000846,open_food_facts_product_metadata,Open Food Facts static bulk TSV,en.openfoodfacts.org.products.csv.gz,product_metadata,,[],[],[],[],pass,[]
web2000-1514,0000140001756,open_food_facts_product_metadata,Open Food Facts static bulk TSV,en.openfoodfacts.org.products.csv.gz,product_metadata,,[],[],[],[],pass,[]
web2000-1515,0000140006745,open_food_facts_product_metadata,Open Food Facts static bulk TSV,en.openfoodfacts.org.products.csv.gz,product_metadata,,[],[],[],[],pass,[]
web2000-1516,00001401,open_food_facts_product_metadata,Open Food Facts static bulk TSV,en.openfoodfacts.org.products.csv.gz,product_metadata,,[],[],[],[],pass,[]
web2000-1517,00001403,open_food_facts_product_metadata,Open Food Facts static bulk TSV,en.openfoodfacts.org.products.csv.gz,product_metadata,,[],[],[],[],pass,[]
web2000-1518,0000140319598,open_food_facts_product_metadata,Open Food Facts static bulk TSV,en.openfoodfacts.org.products.csv.gz,product_metadata,,[],[],[],[],pass,[]
web2000-1519,0000140323687,open_food_facts_product_metadata,Open Food Facts static bulk TSV,en.openfoodfacts.org.products.csv.gz,product_metadata,,[],[],[],[],pass,[]
web2000-1520,0000140513132,open_food_facts_product_metadata,Open Food Facts static bulk TSV,en.openfoodfacts.org.products.csv.gz,product_metadata,,[],[],[],[],pass,[]
web2000-1521,00001406,open_food_facts_product_metadata,Open Food Facts static bulk TSV,en.openfoodfacts.org.products.csv.gz,product_metadata,,[],[],[],[],pass,[]
web2000-1522,0000140636220,open_food_facts_product_metadata,Open Food Facts static bulk TSV,en.openfoodfacts.org.products.csv.gz,product_metadata,,[],[],[],[],pass,[]
web2000-1523,00001407,open_food_facts_product_metadata,Open Food Facts static bulk TSV,en.openfoodfacts.org.products.csv.gz,product_metadata,,[],[],[],[],pass,[]
web2000-1524,0000141013129,open_food_facts_product_metadata,Open Food Facts static bulk TSV,en.openfoodfacts.org.products.csv.gz,product_metadata,,[],[],[],[],pass,[]
web2000-1525,0000141016403,open_food_facts_product_metadata,Open Food Facts static bulk TSV,en.openfoodfacts.org.products.csv.gz,product_metadata,,[],[],[],[],pass,[]
web2000-1526,00001412,open_food_facts_product_metadata,Open Food Facts static bulk TSV,en.openfoodfacts.org.products.csv.gz,product_metadata,,[],[],[],[],pass,[]
web2000-1527,0000141280533,open_food_facts_product_metadata,Open Food Facts static bulk TSV,en.openfoodfacts.org.products.csv.gz,product_metadata,,[],[],[],[],pass,[]
web2000-1528,00001414,open_food_facts_product_metadata,Open Food Facts static bulk TSV,en.openfoodfacts.org.products.csv.gz,product_metadata,,[],[],[],[],pass,[]
web2000-1529,00001417,open_food_facts_product_metadata,Open Food Facts static bulk TSV,en.openfoodfacts.org.products.csv.gz,product_metadata,,[],[],[],[],pass,[]
web2000-1530,0000142000210,open_food_facts_product_metadata,Open Food Facts static bulk TSV,en.openfoodfacts.org.products.csv.gz,product_metadata,,[],[],[],[],pass,[]
web2000-1531,00001421,open_food_facts_product_metadata,Open Food Facts static bulk TSV,en.openfoodfacts.org.products.csv.gz,product_metadata,,[],[],[],[],pass,[]
web2000-1532,00001422,open_food_facts_product_metadata,Open Food Facts static bulk TSV,en.openfoodfacts.org.products.csv.gz,product_metadata,,[],[],[],[],pass,[]
web2000-1533,0000142326802,open_food_facts_product_metadata,Open Food Facts static bulk TSV,en.openfoodfacts.org.products.csv.gz,product_metadata,,[],[],[],[],pass,[]
web2000-1534,00001425,open_food_facts_product_metadata,Open Food Facts static bulk TSV,en.openfoodfacts.org.products.csv.gz,product_metadata,,[],[],[],[],pass,[]
web2000-1535,0000142516599,open_food_facts_product_metadata,Open Food Facts static bulk TSV,en.openfoodfacts.org.products.csv.gz,product_metadata,,[],[],[],[],pass,[]
web2000-1536,00001426,open_food_facts_product_metadata,Open Food Facts static bulk TSV,en.openfoodfacts.org.products.csv.gz,product_metadata,,[],[],[],[],pass,[]
web2000-1537,00001427,open_food_facts_product_metadata,Open Food Facts static bulk TSV,en.openfoodfacts.org.products.csv.gz,product_metadata,,[],[],[],[],pass,[]
web2000-1538,00001428,open_food_facts_product_metadata,Open Food Facts static bulk TSV,en.openfoodfacts.org.products.csv.gz,product_metadata,,[],[],[],[],pass,[]
web2000-1539,00001429,open_food_facts_product_metadata,Open Food Facts static bulk TSV,en.openfoodfacts.org.products.csv.gz,product_metadata,,[],[],[],[],pass,[]
web2000-1540,00001430,open_food_facts_product_metadata,Open Food Facts static bulk TSV,en.openfoodfacts.org.products.csv.gz,product_metadata,,[],[],[],[],pass,[]
web2000-1541,0000143010362,open_food_facts_product_metadata,Open Food Facts static bulk TSV,en.openfoodfacts.org.products.csv.gz,product_metadata,,[],[],[],[],pass,[]
web2000-1542,0000143015749,open_food_facts_product_metadata,Open Food Facts static bulk TSV,en.openfoodfacts.org.products.csv.gz,product_metadata,,[],[],[],[],pass,[]
web2000-1543,00001431,open_food_facts_product_metadata,Open Food Facts static bulk TSV,en.openfoodfacts.org.products.csv.gz,product_metadata,,[],[],[],[],pass,[]
web2000-1544,00001433,open_food_facts_product_metadata,Open Food Facts static bulk TSV,en.openfoodfacts.org.products.csv.gz,product_metadata,,[],[],[],[],pass,[]
web2000-1545,00001435,open_food_facts_product_metadata,Open Food Facts static bulk TSV,en.openfoodfacts.org.products.csv.gz,product_metadata,,[],[],[],[],pass,[]
web2000-1546,00001436,open_food_facts_product_metadata,Open Food Facts static bulk TSV,en.openfoodfacts.org.products.csv.gz,product_metadata,,[],[],[],[],pass,[]
web2000-1547,00001437,open_food_facts_product_metadata,Open Food Facts static bulk TSV,en.openfoodfacts.org.products.csv.gz,product_metadata,,[],[],[],[],pass,[]
web2000-1548,00001438,open_food_facts_product_metadata,Open Food Facts static bulk TSV,en.openfoodfacts.org.products.csv.gz,product_metadata,,[],[],[],[],pass,[]
web2000-1549,00001439,open_food_facts_product_metadata,Open Food Facts static bulk TSV,en.openfoodfacts.org.products.csv.gz,product_metadata,,[],[],[],[],pass,[]
web2000-1550,00001440,open_food_facts_product_metadata,Open Food Facts static bulk TSV,en.openfoodfacts.org.products.csv.gz,product_metadata,,[],[],[],[],pass,[]
web2000-1551,0000144019029,open_food_facts_product_metadata,Open Food Facts static bulk TSV,en.openfoodfacts.org.products.csv.gz,product_metadata,,[],[],[],[],pass,[]
web2000-1552,0000144094581,open_food_facts_product_metadata,Open Food Facts static bulk TSV,en.openfoodfacts.org.products.csv.gz,product_metadata,,[],[],[],[],pass,[]
web2000-1553,0000144482588,open_food_facts_product_metadata,Open Food Facts static bulk TSV,en.openfoodfacts.org.products.csv.gz,product_metadata,,[],[],[],[],pass,[]
web2000-1554,00001449,open_food_facts_product_metadata,Open Food Facts static bulk TSV,en.openfoodfacts.org.products.csv.gz,product_metadata,,[],[],[],[],pass,[]
web2000-1555,0000145001016,open_food_facts_product_metadata,Open Food Facts static bulk TSV,en.openfoodfacts.org.products.csv.gz,product_metadata,,[],[],[],[],pass,[]
web2000-1556,00001451,open_food_facts_product_metadata,Open Food Facts static bulk TSV,en.openfoodfacts.org.products.csv.gz,product_metadata,,[],[],[],[],pass,[]
web2000-1557,00001456,open_food_facts_product_metadata,Open Food Facts static bulk TSV,en.openfoodfacts.org.products.csv.gz,product_metadata,,[],[],[],[],pass,[]
web2000-1558,00001457,open_food_facts_product_metadata,Open Food Facts static bulk TSV,en.openfoodfacts.org.products.csv.gz,product_metadata,,[],[],[],[],pass,[]
web2000-1559,00001458,open_food_facts_product_metadata,Open Food Facts static bulk TSV,en.openfoodfacts.org.products.csv.gz,product_metadata,,[],[],[],[],pass,[]
web2000-1560,00001460,open_food_facts_product_metadata,Open Food Facts static bulk TSV,en.openfoodfacts.org.products.csv.gz,product_metadata,,[],[],[],[],pass,[]
web2000-1561,0000146013124,open_food_facts_product_metadata,Open Food Facts static bulk TSV,en.openfoodfacts.org.products.csv.gz,product_metadata,,[],[],[],[],pass,[]
web2000-1562,0000146044999,open_food_facts_product_metadata,Open Food Facts static bulk TSV,en.openfoodfacts.org.products.csv.gz,product_metadata,,[],[],[],[],pass,[]
web2000-1563,0000146050146,open_food_facts_product_metadata,Open Food Facts static bulk TSV,en.openfoodfacts.org.products.csv.gz,product_metadata,,[],[],[],[],pass,[]
web2000-1564,00001461,open_food_facts_product_metadata,Open Food Facts static bulk TSV,en.openfoodfacts.org.products.csv.gz,product_metadata,,[],[],[],[],pass,[]
web2000-1565,00001462,open_food_facts_product_metadata,Open Food Facts static bulk TSV,en.openfoodfacts.org.products.csv.gz,product_metadata,,[],[],[],[],pass,[]
web2000-1566,00001463,open_food_facts_product_metadata,Open Food Facts static bulk TSV,en.openfoodfacts.org.products.csv.gz,product_metadata,,[],[],[],[],pass,[]
web2000-1567,00001466,open_food_facts_product_metadata,Open Food Facts static bulk TSV,en.openfoodfacts.org.products.csv.gz,product_metadata,,[],[],[],[],pass,[]
web2000-1568,00001468,open_food_facts_product_metadata,Open Food Facts static bulk TSV,en.openfoodfacts.org.products.csv.gz,product_metadata,,[],[],[],[],pass,[]
web2000-1569,00001470,open_food_facts_product_metadata,Open Food Facts static bulk TSV,en.openfoodfacts.org.products.csv.gz,product_metadata,,[],[],[],[],pass,[]
web2000-1570,0000147006011,open_food_facts_product_metadata,Open Food Facts static bulk TSV,en.openfoodfacts.org.products.csv.gz,product_metadata,,[],[],[],[],pass,[]
web2000-1571,0000147258369,open_food_facts_product_metadata,Open Food Facts static bulk TSV,en.openfoodfacts.org.products.csv.gz,product_metadata,,[],[],[],[],pass,[]
web2000-1572,00001473,open_food_facts_product_metadata,Open Food Facts static bulk TSV,en.openfoodfacts.org.products.csv.gz,product_metadata,,[],[],[],[],pass,[]
web2000-1573,0000147301834,open_food_facts_product_metadata,Open Food Facts static bulk TSV,en.openfoodfacts.org.products.csv.gz,product_metadata,,[],[],[],[],pass,[]
web2000-1574,0000147364637,open_food_facts_product_metadata,Open Food Facts static bulk TSV,en.openfoodfacts.org.products.csv.gz,product_metadata,,[],[],[],[],pass,[]
web2000-1575,00001475,open_food_facts_product_metadata,Open Food Facts static bulk TSV,en.openfoodfacts.org.products.csv.gz,product_metadata,,[],[],[],[],pass,[]
web2000-1576,00001478,open_food_facts_product_metadata,Open Food Facts static bulk TSV,en.openfoodfacts.org.products.csv.gz,product_metadata,,[],[],[],[],pass,[]
web2000-1577,00001479,open_food_facts_product_metadata,Open Food Facts static bulk TSV,en.openfoodfacts.org.products.csv.gz,product_metadata,,[],[],[],[],pass,[]
web2000-1578,00001480,open_food_facts_product_metadata,Open Food Facts static bulk TSV,en.openfoodfacts.org.products.csv.gz,product_metadata,,[],[],[],[],pass,[]
web2000-1579,0000148019240,open_food_facts_product_metadata,Open Food Facts static bulk TSV,en.openfoodfacts.org.products.csv.gz,product_metadata,,[],[],[],[],pass,[]
web2000-1580,0000148019243,open_food_facts_product_metadata,Open Food Facts static bulk TSV,en.openfoodfacts.org.products.csv.gz,product_metadata,,[],[],[],[],pass,[]
web2000-1581,00001486,open_food_facts_product_metadata,Open Food Facts static bulk TSV,en.openfoodfacts.org.products.csv.gz,product_metadata,,[],[],[],[],pass,[]
web2000-1582,00001489,open_food_facts_product_metadata,Open Food Facts static bulk TSV,en.openfoodfacts.org.products.csv.gz,product_metadata,,[],[],[],[],pass,[]
web2000-1583,00001490,open_food_facts_product_metadata,Open Food Facts static bulk TSV,en.openfoodfacts.org.products.csv.gz,product_metadata,,[],[],[],[],pass,[]
web2000-1584,0000149018379,open_food_facts_product_metadata,Open Food Facts static bulk TSV,en.openfoodfacts.org.products.csv.gz,product_metadata,,[],[],[],[],pass,[]
web2000-1585,0000149070001,open_food_facts_product_metadata,Open Food Facts static bulk TSV,en.openfoodfacts.org.products.csv.gz,product_metadata,,[],[],[],[],pass,[]
web2000-1586,00001496,open_food_facts_product_metadata,Open Food Facts static bulk TSV,en.openfoodfacts.org.products.csv.gz,product_metadata,,[],[],[],[],pass,[]
web2000-1587,00001500,open_food_facts_product_metadata,Open Food Facts static bulk TSV,en.openfoodfacts.org.products.csv.gz,product_metadata,,[],[],[],[],pass,[]
web2000-1588,0000150002066,open_food_facts_product_metadata,Open Food Facts static bulk TSV,en.openfoodfacts.org.products.csv.gz,product_metadata,,[],[],[],[],pass,[]
web2000-1589,0000150184453,open_food_facts_product_metadata,Open Food Facts static bulk TSV,en.openfoodfacts.org.products.csv.gz,product_metadata,,[],[],[],[],pass,[]
web2000-1590,00001502,open_food_facts_product_metadata,Open Food Facts static bulk TSV,en.openfoodfacts.org.products.csv.gz,product_metadata,,[],[],[],[],pass,[]
web2000-1591,0000150212021,open_food_facts_product_metadata,Open Food Facts static bulk TSV,en.openfoodfacts.org.products.csv.gz,product_metadata,,[],[],[],[],pass,[]
web2000-1592,0000150300050,open_food_facts_product_metadata,Open Food Facts static bulk TSV,en.openfoodfacts.org.products.csv.gz,product_metadata,,[],[],[],[],pass,[]
web2000-1593,00001504,open_food_facts_product_metadata,Open Food Facts static bulk TSV,en.openfoodfacts.org.products.csv.gz,product_metadata,,[],[],[],[],pass,[]
web2000-1594,0000150484118,open_food_facts_product_metadata,Open Food Facts static bulk TSV,en.openfoodfacts.org.products.csv.gz,product_metadata,,[],[],[],[],pass,[]
web2000-1595,00001505,open_food_facts_product_metadata,Open Food Facts static bulk TSV,en.openfoodfacts.org.products.csv.gz,product_metadata,,[],[],[],[],pass,[]
web2000-1596,00001508,open_food_facts_product_metadata,Open Food Facts static bulk TSV,en.openfoodfacts.org.products.csv.gz,product_metadata,,[],[],[],[],pass,[]
web2000-1597,0000151009660,open_food_facts_product_metadata,Open Food Facts static bulk TSV,en.openfoodfacts.org.products.csv.gz,product_metadata,,[],[],[],[],pass,[]
web2000-1598,0000151009684,open_food_facts_product_metadata,Open Food Facts static bulk TSV,en.openfoodfacts.org.products.csv.gz,product_metadata,,[],[],[],[],pass,[]
web2000-1599,0000151009685,open_food_facts_product_metadata,Open Food Facts static bulk TSV,en.openfoodfacts.org.products.csv.gz,product_metadata,,[],[],[],[],pass,[]
web2000-1600,0000151009686,open_food_facts_product_metadata,Open Food Facts static bulk TSV,en.openfoodfacts.org.products.csv.gz,product_metadata,,[],[],[],[],pass,[]
web2000-1601,0000151009688,open_food_facts_product_metadata,Open Food Facts static bulk TSV,en.openfoodfacts.org.products.csv.gz,product_metadata,,[],[],[],[],pass,[]
web2000-1602,0000151009690,open_food_facts_product_metadata,Open Food Facts static bulk TSV,en.openfoodfacts.org.products.csv.gz,product_metadata,,[],[],[],[],pass,[]
web2000-1603,0000151009697,open_food_facts_product_metadata,Open Food Facts static bulk TSV,en.openfoodfacts.org.products.csv.gz,product_metadata,,[],[],[],[],pass,[]
web2000-1604,0000151009701,open_food_facts_product_metadata,Open Food Facts static bulk TSV,en.openfoodfacts.org.products.csv.gz,product_metadata,,[],[],[],[],pass,[]
web2000-1605,0000151009707,open_food_facts_product_metadata,Open Food Facts static bulk TSV,en.openfoodfacts.org.products.csv.gz,product_metadata,,[],[],[],[],pass,[]
web2000-1606,0000151009709,open_food_facts_product_metadata,Open Food Facts static bulk TSV,en.openfoodfacts.org.products.csv.gz,product_metadata,,[],[],[],[],pass,[]
web2000-1607,0000151009712,open_food_facts_product_metadata,Open Food Facts static bulk TSV,en.openfoodfacts.org.products.csv.gz,product_metadata,,[],[],[],[],pass,[]
web2000-1608,0000151009750,open_food_facts_product_metadata,Open Food Facts static bulk TSV,en.openfoodfacts.org.products.csv.gz,product_metadata,,[],[],[],[],pass,[]
web2000-1609,0000151010430,open_food_facts_product_metadata,Open Food Facts static bulk TSV,en.openfoodfacts.org.products.csv.gz,product_metadata,,[],[],[],[],pass,[]
web2000-1610,0000151010431,open_food_facts_product_metadata,Open Food Facts static bulk TSV,en.openfoodfacts.org.products.csv.gz,product_metadata,,[],[],[],[],pass,[]
web2000-1611,0000151010432,open_food_facts_product_metadata,Open Food Facts static bulk TSV,en.openfoodfacts.org.products.csv.gz,product_metadata,,[],[],[],[],pass,[]
web2000-1612,0000151010720,open_food_facts_product_metadata,Open Food Facts static bulk TSV,en.openfoodfacts.org.products.csv.gz,product_metadata,,[],[],[],[],pass,[]
web2000-1613,0000151011448,open_food_facts_product_metadata,Open Food Facts static bulk TSV,en.openfoodfacts.org.products.csv.gz,product_metadata,,[],[],[],[],pass,[]
web2000-1614,0000151011621,open_food_facts_product_metadata,Open Food Facts static bulk TSV,en.openfoodfacts.org.products.csv.gz,product_metadata,,[],[],[],[],pass,[]
web2000-1615,0000151011626,open_food_facts_product_metadata,Open Food Facts static bulk TSV,en.openfoodfacts.org.products.csv.gz,product_metadata,,[],[],[],[],pass,[]
web2000-1616,0000151011880,open_food_facts_product_metadata,Open Food Facts static bulk TSV,en.openfoodfacts.org.products.csv.gz,product_metadata,,[],[],[],[],pass,[]
web2000-1617,0000151012280,open_food_facts_product_metadata,Open Food Facts static bulk TSV,en.openfoodfacts.org.products.csv.gz,product_metadata,,[],[],[],[],pass,[]
web2000-1618,0000151012297,open_food_facts_product_metadata,Open Food Facts static bulk TSV,en.openfoodfacts.org.products.csv.gz,product_metadata,,[],[],[],[],pass,[]
web2000-1619,0000151012425,open_food_facts_product_metadata,Open Food Facts static bulk TSV,en.openfoodfacts.org.products.csv.gz,product_metadata,,[],[],[],[],pass,[]
web2000-1620,0000151012881,open_food_facts_product_metadata,Open Food Facts static bulk TSV,en.openfoodfacts.org.products.csv.gz,product_metadata,,[],[],[],[],pass,[]
web2000-1621,0000151012914,open_food_facts_product_metadata,Open Food Facts static bulk TSV,en.openfoodfacts.org.products.csv.gz,product_metadata,,[],[],[],[],pass,[]
web2000-1622,0000151013261,open_food_facts_product_metadata,Open Food Facts static bulk TSV,en.openfoodfacts.org.products.csv.gz,product_metadata,,[],[],[],[],pass,[]
web2000-1623,00001511,open_food_facts_product_metadata,Open Food Facts static bulk TSV,en.openfoodfacts.org.products.csv.gz,product_metadata,,[],[],[],[],pass,[]
web2000-1624,00001515,open_food_facts_product_metadata,Open Food Facts static bulk TSV,en.openfoodfacts.org.products.csv.gz,product_metadata,,[],[],[],[],pass,[]
web2000-1625,0000151682297,open_food_facts_product_metadata,Open Food Facts static bulk TSV,en.openfoodfacts.org.products.csv.gz,product_metadata,,[],[],[],[],pass,[]
web2000-1626,00001517,open_food_facts_product_metadata,Open Food Facts static bulk TSV,en.openfoodfacts.org.products.csv.gz,product_metadata,,[],[],[],[],pass,[]
web2000-1627,00001518,open_food_facts_product_metadata,Open Food Facts static bulk TSV,en.openfoodfacts.org.products.csv.gz,product_metadata,,[],[],[],[],pass,[]
web2000-1628,00001520,open_food_facts_product_metadata,Open Food Facts static bulk TSV,en.openfoodfacts.org.products.csv.gz,product_metadata,,[],[],[],[],pass,[]
web2000-1629,0000152000167,open_food_facts_product_metadata,Open Food Facts static bulk TSV,en.openfoodfacts.org.products.csv.gz,product_metadata,,[],[],[],[],pass,[]
web2000-1630,00001521,open_food_facts_product_metadata,Open Food Facts static bulk TSV,en.openfoodfacts.org.products.csv.gz,product_metadata,,[],[],[],[],pass,[]
web2000-1631,00001522,open_food_facts_product_metadata,Open Food Facts static bulk TSV,en.openfoodfacts.org.products.csv.gz,product_metadata,,[],[],[],[],pass,[]
web2000-1632,0000152343781,open_food_facts_product_metadata,Open Food Facts static bulk TSV,en.openfoodfacts.org.products.csv.gz,product_metadata,,[],[],[],[],pass,[]
web2000-1633,00001524,open_food_facts_product_metadata,Open Food Facts static bulk TSV,en.openfoodfacts.org.products.csv.gz,product_metadata,,[],[],[],[],pass,[]
web2000-1634,00001525,open_food_facts_product_metadata,Open Food Facts static bulk TSV,en.openfoodfacts.org.products.csv.gz,product_metadata,,[],[],[],[],pass,[]
web2000-1635,00001526,open_food_facts_product_metadata,Open Food Facts static bulk TSV,en.openfoodfacts.org.products.csv.gz,product_metadata,,[],[],[],[],pass,[]
web2000-1636,00001527,open_food_facts_product_metadata,Open Food Facts static bulk TSV,en.openfoodfacts.org.products.csv.gz,product_metadata,,[],[],[],[],pass,[]
web2000-1637,00001530,open_food_facts_product_metadata,Open Food Facts static bulk TSV,en.openfoodfacts.org.products.csv.gz,product_metadata,,[],[],[],[],pass,[]
web2000-1638,0000153294967,open_food_facts_product_metadata,Open Food Facts static bulk TSV,en.openfoodfacts.org.products.csv.gz,product_metadata,,[],[],[],[],pass,[]
web2000-1639,00001533,open_food_facts_product_metadata,Open Food Facts static bulk TSV,en.openfoodfacts.org.products.csv.gz,product_metadata,,[],[],[],[],pass,[]
web2000-1640,0000153336483,open_food_facts_product_metadata,Open Food Facts static bulk TSV,en.openfoodfacts.org.products.csv.gz,product_metadata,,[],[],[],[],pass,[]
web2000-1641,00001536,open_food_facts_product_metadata,Open Food Facts static bulk TSV,en.openfoodfacts.org.products.csv.gz,product_metadata,,[],[],[],[],pass,[]
web2000-1642,00001537,open_food_facts_product_metadata,Open Food Facts static bulk TSV,en.openfoodfacts.org.products.csv.gz,product_metadata,,[],[],[],[],pass,[]
web2000-1643,0000154007696,open_food_facts_product_metadata,Open Food Facts static bulk TSV,en.openfoodfacts.org.products.csv.gz,product_metadata,,[],[],[],[],pass,[]
web2000-1644,0000154063184,open_food_facts_product_metadata,Open Food Facts static bulk TSV,en.openfoodfacts.org.products.csv.gz,product_metadata,,[],[],[],[],pass,[]
web2000-1645,0000154325417,open_food_facts_product_metadata,Open Food Facts static bulk TSV,en.openfoodfacts.org.products.csv.gz,product_metadata,,[],[],[],[],pass,[]
web2000-1646,00001544,open_food_facts_product_metadata,Open Food Facts static bulk TSV,en.openfoodfacts.org.products.csv.gz,product_metadata,,[],[],[],[],pass,[]
web2000-1647,00001547,open_food_facts_product_metadata,Open Food Facts static bulk TSV,en.openfoodfacts.org.products.csv.gz,product_metadata,,[],[],[],[],pass,[]
web2000-1648,00001550,open_food_facts_product_metadata,Open Food Facts static bulk TSV,en.openfoodfacts.org.products.csv.gz,product_metadata,,[],[],[],[],pass,[]
web2000-1649,0000155011159,open_food_facts_product_metadata,Open Food Facts static bulk TSV,en.openfoodfacts.org.products.csv.gz,product_metadata,,[],[],[],[],pass,[]
web2000-1650,0000155014105,open_food_facts_product_metadata,Open Food Facts static bulk TSV,en.openfoodfacts.org.products.csv.gz,product_metadata,,[],[],[],[],pass,[]
web2000-1651,0000155032734,open_food_facts_product_metadata,Open Food Facts static bulk TSV,en.openfoodfacts.org.products.csv.gz,product_metadata,,[],[],[],[],pass,[]
web2000-1652,00001551,open_food_facts_product_metadata,Open Food Facts static bulk TSV,en.openfoodfacts.org.products.csv.gz,product_metadata,,[],[],[],[],pass,[]
web2000-1653,00001552,open_food_facts_product_metadata,Open Food Facts static bulk TSV,en.openfoodfacts.org.products.csv.gz,product_metadata,,[],[],[],[],pass,[]
web2000-1654,0000155250369,open_food_facts_product_metadata,Open Food Facts static bulk TSV,en.openfoodfacts.org.products.csv.gz,product_metadata,,[],[],[],[],pass,[]
web2000-1655,0000155654456,open_food_facts_product_metadata,Open Food Facts static bulk TSV,en.openfoodfacts.org.products.csv.gz,product_metadata,,[],[],[],[],pass,[]
web2000-1656,00001560,open_food_facts_product_metadata,Open Food Facts static bulk TSV,en.openfoodfacts.org.products.csv.gz,product_metadata,,[],[],[],[],pass,[]
web2000-1657,0000156020100,open_food_facts_product_metadata,Open Food Facts static bulk TSV,en.openfoodfacts.org.products.csv.gz,product_metadata,,[],[],[],[],pass,[]
web2000-1658,0000156025919,open_food_facts_product_metadata,Open Food Facts static bulk TSV,en.openfoodfacts.org.products.csv.gz,product_metadata,,[],[],[],[],pass,[]
web2000-1659,0000156119785,open_food_facts_product_metadata,Open Food Facts static bulk TSV,en.openfoodfacts.org.products.csv.gz,product_metadata,,[],[],[],[],pass,[]
web2000-1660,00001562,open_food_facts_product_metadata,Open Food Facts static bulk TSV,en.openfoodfacts.org.products.csv.gz,product_metadata,,[],[],[],[],pass,[]
web2000-1661,00001564,open_food_facts_product_metadata,Open Food Facts static bulk TSV,en.openfoodfacts.org.products.csv.gz,product_metadata,,[],[],[],[],pass,[]
web2000-1662,00001569,open_food_facts_product_metadata,Open Food Facts static bulk TSV,en.openfoodfacts.org.products.csv.gz,product_metadata,,[],[],[],[],pass,[]
web2000-1663,00001570,open_food_facts_product_metadata,Open Food Facts static bulk TSV,en.openfoodfacts.org.products.csv.gz,product_metadata,,[],[],[],[],pass,[]
web2000-1664,00001571,open_food_facts_product_metadata,Open Food Facts static bulk TSV,en.openfoodfacts.org.products.csv.gz,product_metadata,,[],[],[],[],pass,[]
web2000-1665,0000157104533,open_food_facts_product_metadata,Open Food Facts static bulk TSV,en.openfoodfacts.org.products.csv.gz,product_metadata,,[],[],[],[],pass,[]
web2000-1666,00001572,open_food_facts_product_metadata,Open Food Facts static bulk TSV,en.openfoodfacts.org.products.csv.gz,product_metadata,,[],[],[],[],pass,[]
web2000-1667,00001576,open_food_facts_product_metadata,Open Food Facts static bulk TSV,en.openfoodfacts.org.products.csv.gz,product_metadata,,[],[],[],[],pass,[]
web2000-1668,00001577,open_food_facts_product_metadata,Open Food Facts static bulk TSV,en.openfoodfacts.org.products.csv.gz,product_metadata,,[],[],[],[],pass,[]
web2000-1669,00001578,open_food_facts_product_metadata,Open Food Facts static bulk TSV,en.openfoodfacts.org.products.csv.gz,product_metadata,,[],[],[],[],pass,[]
web2000-1670,00001580,open_food_facts_product_metadata,Open Food Facts static bulk TSV,en.openfoodfacts.org.products.csv.gz,product_metadata,,[],[],[],[],pass,[]
web2000-1671,0000158011156,open_food_facts_product_metadata,Open Food Facts static bulk TSV,en.openfoodfacts.org.products.csv.gz,product_metadata,,[],[],[],[],pass,[]
web2000-1672,0000158178374,open_food_facts_product_metadata,Open Food Facts static bulk TSV,en.openfoodfacts.org.products.csv.gz,product_metadata,,[],[],[],[],pass,[]
web2000-1673,00001582,open_food_facts_product_metadata,Open Food Facts static bulk TSV,en.openfoodfacts.org.products.csv.gz,product_metadata,,[],[],[],[],pass,[]
web2000-1674,00001583,open_food_facts_product_metadata,Open Food Facts static bulk TSV,en.openfoodfacts.org.products.csv.gz,product_metadata,,[],[],[],[],pass,[]
web2000-1675,00001585,open_food_facts_product_metadata,Open Food Facts static bulk TSV,en.openfoodfacts.org.products.csv.gz,product_metadata,,[],[],[],[],pass,[]
web2000-1676,00001589,open_food_facts_product_metadata,Open Food Facts static bulk TSV,en.openfoodfacts.org.products.csv.gz,product_metadata,,[],[],[],[],pass,[]
web2000-1677,00001590,open_food_facts_product_metadata,Open Food Facts static bulk TSV,en.openfoodfacts.org.products.csv.gz,product_metadata,,[],[],[],[],pass,[]
web2000-1678,0000159019687,open_food_facts_product_metadata,Open Food Facts static bulk TSV,en.openfoodfacts.org.products.csv.gz,product_metadata,,[],[],[],[],pass,[]
web2000-1679,00001591,open_food_facts_product_metadata,Open Food Facts static bulk TSV,en.openfoodfacts.org.products.csv.gz,product_metadata,,[],[],[],[],pass,[]
web2000-1680,00001592,open_food_facts_product_metadata,Open Food Facts static bulk TSV,en.openfoodfacts.org.products.csv.gz,product_metadata,,[],[],[],[],pass,[]
web2000-1681,00001593,open_food_facts_product_metadata,Open Food Facts static bulk TSV,en.openfoodfacts.org.products.csv.gz,product_metadata,,[],[],[],[],pass,[]
web2000-1682,0000159457878,open_food_facts_product_metadata,Open Food Facts static bulk TSV,en.openfoodfacts.org.products.csv.gz,product_metadata,,[],[],[],[],pass,[]
web2000-1683,0000159479269,open_food_facts_product_metadata,Open Food Facts static bulk TSV,en.openfoodfacts.org.products.csv.gz,product_metadata,,[],[],[],[],pass,[]
web2000-1684,0000159487776,open_food_facts_product_metadata,Open Food Facts static bulk TSV,en.openfoodfacts.org.products.csv.gz,product_metadata,,[],[],[],[],pass,[]
web2000-1685,00001595,open_food_facts_product_metadata,Open Food Facts static bulk TSV,en.openfoodfacts.org.products.csv.gz,product_metadata,,[],[],[],[],pass,[]
web2000-1686,0000159553896,open_food_facts_product_metadata,Open Food Facts static bulk TSV,en.openfoodfacts.org.products.csv.gz,product_metadata,,[],[],[],[],pass,[]
web2000-1687,00001600,open_food_facts_product_metadata,Open Food Facts static bulk TSV,en.openfoodfacts.org.products.csv.gz,product_metadata,,[],[],[],[],pass,[]
web2000-1688,0000160050296,open_food_facts_product_metadata,Open Food Facts static bulk TSV,en.openfoodfacts.org.products.csv.gz,product_metadata,,[],[],[],[],pass,[]
web2000-1689,00001601,open_food_facts_product_metadata,Open Food Facts static bulk TSV,en.openfoodfacts.org.products.csv.gz,product_metadata,,[],[],[],[],pass,[]
web2000-1690,0000160204002,open_food_facts_product_metadata,Open Food Facts static bulk TSV,en.openfoodfacts.org.products.csv.gz,product_metadata,,[],[],[],[],pass,[]
web2000-1691,0000160224075,open_food_facts_product_metadata,Open Food Facts static bulk TSV,en.openfoodfacts.org.products.csv.gz,product_metadata,,[],[],[],[],pass,[]
web2000-1692,0000160332625,open_food_facts_product_metadata,Open Food Facts static bulk TSV,en.openfoodfacts.org.products.csv.gz,product_metadata,,[],[],[],[],pass,[]
web2000-1693,00001604,open_food_facts_product_metadata,Open Food Facts static bulk TSV,en.openfoodfacts.org.products.csv.gz,product_metadata,,[],[],[],[],pass,[]
web2000-1694,0000160485043,open_food_facts_product_metadata,Open Food Facts static bulk TSV,en.openfoodfacts.org.products.csv.gz,product_metadata,,[],[],[],[],pass,[]
web2000-1695,00001605,open_food_facts_product_metadata,Open Food Facts static bulk TSV,en.openfoodfacts.org.products.csv.gz,product_metadata,,[],[],[],[],pass,[]
web2000-1696,00001606,open_food_facts_product_metadata,Open Food Facts static bulk TSV,en.openfoodfacts.org.products.csv.gz,product_metadata,,[],[],[],[],pass,[]
web2000-1697,00001607,open_food_facts_product_metadata,Open Food Facts static bulk TSV,en.openfoodfacts.org.products.csv.gz,product_metadata,,[],[],[],[],pass,[]
web2000-1698,00001608,open_food_facts_product_metadata,Open Food Facts static bulk TSV,en.openfoodfacts.org.products.csv.gz,product_metadata,,[],[],[],[],pass,[]
web2000-1699,00001610,open_food_facts_product_metadata,Open Food Facts static bulk TSV,en.openfoodfacts.org.products.csv.gz,product_metadata,,[],[],[],[],pass,[]
web2000-1700,00001611,open_food_facts_product_metadata,Open Food Facts static bulk TSV,en.openfoodfacts.org.products.csv.gz,product_metadata,,[],[],[],[],pass,[]
web2000-1701,0000161250041,open_food_facts_product_metadata,Open Food Facts static bulk TSV,en.openfoodfacts.org.products.csv.gz,product_metadata,,[],[],[],[],pass,[]
web2000-1702,00001613,open_food_facts_product_metadata,Open Food Facts static bulk TSV,en.openfoodfacts.org.products.csv.gz,product_metadata,,[],[],[],[],pass,[]
web2000-1703,00001615,open_food_facts_product_metadata,Open Food Facts static bulk TSV,en.openfoodfacts.org.products.csv.gz,product_metadata,,[],[],[],[],pass,[]
web2000-1704,00001616,open_food_facts_product_metadata,Open Food Facts static bulk TSV,en.openfoodfacts.org.products.csv.gz,product_metadata,,[],[],[],[],pass,[]
web2000-1705,00001618,open_food_facts_product_metadata,Open Food Facts static bulk TSV,en.openfoodfacts.org.products.csv.gz,product_metadata,,[],[],[],[],pass,[]
web2000-1706,00001619,open_food_facts_product_metadata,Open Food Facts static bulk TSV,en.openfoodfacts.org.products.csv.gz,product_metadata,,[],[],[],[],pass,[]
web2000-1707,00001620,open_food_facts_product_metadata,Open Food Facts static bulk TSV,en.openfoodfacts.org.products.csv.gz,product_metadata,,[],[],[],[],pass,[]
web2000-1708,00001623,open_food_facts_product_metadata,Open Food Facts static bulk TSV,en.openfoodfacts.org.products.csv.gz,product_metadata,,[],[],[],[],pass,[]
web2000-1709,0000162361662,open_food_facts_product_metadata,Open Food Facts static bulk TSV,en.openfoodfacts.org.products.csv.gz,product_metadata,,[],[],[],[],pass,[]
web2000-1710,00001625,open_food_facts_product_metadata,Open Food Facts static bulk TSV,en.openfoodfacts.org.products.csv.gz,product_metadata,,[],[],[],[],pass,[]
web2000-1711,00001627,open_food_facts_product_metadata,Open Food Facts static bulk TSV,en.openfoodfacts.org.products.csv.gz,product_metadata,,[],[],[],[],pass,[]
web2000-1712,00001628,open_food_facts_product_metadata,Open Food Facts static bulk TSV,en.openfoodfacts.org.products.csv.gz,product_metadata,,[],[],[],[],pass,[]
web2000-1713,0000163012735,open_food_facts_product_metadata,Open Food Facts static bulk TSV,en.openfoodfacts.org.products.csv.gz,product_metadata,,[],[],[],[],pass,[]
web2000-1714,00001632,open_food_facts_product_metadata,Open Food Facts static bulk TSV,en.openfoodfacts.org.products.csv.gz,product_metadata,,[],[],[],[],pass,[]
web2000-1715,0000163207063,open_food_facts_product_metadata,Open Food Facts static bulk TSV,en.openfoodfacts.org.products.csv.gz,product_metadata,,[],[],[],[],pass,[]
web2000-1716,00001633,open_food_facts_product_metadata,Open Food Facts static bulk TSV,en.openfoodfacts.org.products.csv.gz,product_metadata,,[],[],[],[],pass,[]
web2000-1717,00001634,open_food_facts_product_metadata,Open Food Facts static bulk TSV,en.openfoodfacts.org.products.csv.gz,product_metadata,,[],[],[],[],pass,[]
web2000-1718,0000163451506,open_food_facts_product_metadata,Open Food Facts static bulk TSV,en.openfoodfacts.org.products.csv.gz,product_metadata,,[],[],[],[],pass,[]
web2000-1719,00001637,open_food_facts_product_metadata,Open Food Facts static bulk TSV,en.openfoodfacts.org.products.csv.gz,product_metadata,,[],[],[],[],pass,[]
web2000-1720,0000163792319,open_food_facts_product_metadata,Open Food Facts static bulk TSV,en.openfoodfacts.org.products.csv.gz,product_metadata,,[],[],[],[],pass,[]
web2000-1721,00001638,open_food_facts_product_metadata,Open Food Facts static bulk TSV,en.openfoodfacts.org.products.csv.gz,product_metadata,,[],[],[],[],pass,[]
web2000-1722,00001639,open_food_facts_product_metadata,Open Food Facts static bulk TSV,en.openfoodfacts.org.products.csv.gz,product_metadata,,[],[],[],[],pass,[]
web2000-1723,0000164801012,open_food_facts_product_metadata,Open Food Facts static bulk TSV,en.openfoodfacts.org.products.csv.gz,product_metadata,,[],[],[],[],pass,[]
web2000-1724,00001650,open_food_facts_product_metadata,Open Food Facts static bulk TSV,en.openfoodfacts.org.products.csv.gz,product_metadata,,[],[],[],[],pass,[]
web2000-1725,00001651,open_food_facts_product_metadata,Open Food Facts static bulk TSV,en.openfoodfacts.org.products.csv.gz,product_metadata,,[],[],[],[],pass,[]
web2000-1726,00001653,open_food_facts_product_metadata,Open Food Facts static bulk TSV,en.openfoodfacts.org.products.csv.gz,product_metadata,,[],[],[],[],pass,[]
web2000-1727,00001656,open_food_facts_product_metadata,Open Food Facts static bulk TSV,en.openfoodfacts.org.products.csv.gz,product_metadata,,[],[],[],[],pass,[]
web2000-1728,00001657,open_food_facts_product_metadata,Open Food Facts static bulk TSV,en.openfoodfacts.org.products.csv.gz,product_metadata,,[],[],[],[],pass,[]
web2000-1729,00001660,open_food_facts_product_metadata,Open Food Facts static bulk TSV,en.openfoodfacts.org.products.csv.gz,product_metadata,,[],[],[],[],pass,[]
web2000-1730,0000166015740,open_food_facts_product_metadata,Open Food Facts static bulk TSV,en.openfoodfacts.org.products.csv.gz,product_metadata,,[],[],[],[],pass,[]
web2000-1731,0000166044393,open_food_facts_product_metadata,Open Food Facts static bulk TSV,en.openfoodfacts.org.products.csv.gz,product_metadata,,[],[],[],[],pass,[]
web2000-1732,00001661,open_food_facts_product_metadata,Open Food Facts static bulk TSV,en.openfoodfacts.org.products.csv.gz,product_metadata,,[],[],[],[],pass,[]
web2000-1733,00001663,open_food_facts_product_metadata,Open Food Facts static bulk TSV,en.openfoodfacts.org.products.csv.gz,product_metadata,,[],[],[],[],pass,[]
web2000-1734,00001664,open_food_facts_product_metadata,Open Food Facts static bulk TSV,en.openfoodfacts.org.products.csv.gz,product_metadata,,[],[],[],[],pass,[]
web2000-1735,00001666,open_food_facts_product_metadata,Open Food Facts static bulk TSV,en.openfoodfacts.org.products.csv.gz,product_metadata,,[],[],[],[],pass,[]
web2000-1736,0000166654555,open_food_facts_product_metadata,Open Food Facts static bulk TSV,en.openfoodfacts.org.products.csv.gz,product_metadata,,[],[],[],[],pass,[]
web2000-1737,00001667,open_food_facts_product_metadata,Open Food Facts static bulk TSV,en.openfoodfacts.org.products.csv.gz,product_metadata,,[],[],[],[],pass,[]
web2000-1738,00001668,open_food_facts_product_metadata,Open Food Facts static bulk TSV,en.openfoodfacts.org.products.csv.gz,product_metadata,,[],[],[],[],pass,[]
web2000-1739,00001669,open_food_facts_product_metadata,Open Food Facts static bulk TSV,en.openfoodfacts.org.products.csv.gz,product_metadata,,[],[],[],[],pass,[]
web2000-1740,00001670,open_food_facts_product_metadata,Open Food Facts static bulk TSV,en.openfoodfacts.org.products.csv.gz,product_metadata,,[],[],[],[],pass,[]
web2000-1741,0000167012465,open_food_facts_product_metadata,Open Food Facts static bulk TSV,en.openfoodfacts.org.products.csv.gz,product_metadata,,[],[],[],[],pass,[]
web2000-1742,0000167195922,open_food_facts_product_metadata,Open Food Facts static bulk TSV,en.openfoodfacts.org.products.csv.gz,product_metadata,,[],[],[],[],pass,[]
web2000-1743,00001673,open_food_facts_product_metadata,Open Food Facts static bulk TSV,en.openfoodfacts.org.products.csv.gz,product_metadata,,[],[],[],[],pass,[]
web2000-1744,0000167324292,open_food_facts_product_metadata,Open Food Facts static bulk TSV,en.openfoodfacts.org.products.csv.gz,product_metadata,,[],[],[],[],pass,[]
web2000-1745,00001674,open_food_facts_product_metadata,Open Food Facts static bulk TSV,en.openfoodfacts.org.products.csv.gz,product_metadata,,[],[],[],[],pass,[]
web2000-1746,00001676,open_food_facts_product_metadata,Open Food Facts static bulk TSV,en.openfoodfacts.org.products.csv.gz,product_metadata,,[],[],[],[],pass,[]
web2000-1747,00001679,open_food_facts_product_metadata,Open Food Facts static bulk TSV,en.openfoodfacts.org.products.csv.gz,product_metadata,,[],[],[],[],pass,[]
web2000-1748,0000167942007,open_food_facts_product_metadata,Open Food Facts static bulk TSV,en.openfoodfacts.org.products.csv.gz,product_metadata,,[],[],[],[],pass,[]
web2000-1749,0000168013126,open_food_facts_product_metadata,Open Food Facts static bulk TSV,en.openfoodfacts.org.products.csv.gz,product_metadata,,[],[],[],[],pass,[]
web2000-1750,00001681,open_food_facts_product_metadata,Open Food Facts static bulk TSV,en.openfoodfacts.org.products.csv.gz,product_metadata,,[],[],[],[],pass,[]
web2000-1751,0000168175589,open_food_facts_product_metadata,Open Food Facts static bulk TSV,en.openfoodfacts.org.products.csv.gz,product_metadata,,[],[],[],[],pass,[]
web2000-1752,0000168178238,open_food_facts_product_metadata,Open Food Facts static bulk TSV,en.openfoodfacts.org.products.csv.gz,product_metadata,,[],[],[],[],pass,[]
web2000-1753,00001682,open_food_facts_product_metadata,Open Food Facts static bulk TSV,en.openfoodfacts.org.products.csv.gz,product_metadata,,[],[],[],[],pass,[]
web2000-1754,0000168540968,open_food_facts_product_metadata,Open Food Facts static bulk TSV,en.openfoodfacts.org.products.csv.gz,product_metadata,,[],[],[],[],pass,[]
web2000-1755,00001687,open_food_facts_product_metadata,Open Food Facts static bulk TSV,en.openfoodfacts.org.products.csv.gz,product_metadata,,[],[],[],[],pass,[]
web2000-1756,00001689,open_food_facts_product_metadata,Open Food Facts static bulk TSV,en.openfoodfacts.org.products.csv.gz,product_metadata,,[],[],[],[],pass,[]
web2000-1757,0000169245286,open_food_facts_product_metadata,Open Food Facts static bulk TSV,en.openfoodfacts.org.products.csv.gz,product_metadata,,[],[],[],[],pass,[]
web2000-1758,00001694,open_food_facts_product_metadata,Open Food Facts static bulk TSV,en.openfoodfacts.org.products.csv.gz,product_metadata,,[],[],[],[],pass,[]
web2000-1759,0000169623404,open_food_facts_product_metadata,Open Food Facts static bulk TSV,en.openfoodfacts.org.products.csv.gz,product_metadata,,[],[],[],[],pass,[]
web2000-1760,00001700,open_food_facts_product_metadata,Open Food Facts static bulk TSV,en.openfoodfacts.org.products.csv.gz,product_metadata,,[],[],[],[],pass,[]
web2000-1761,0000170000002,open_food_facts_product_metadata,Open Food Facts static bulk TSV,en.openfoodfacts.org.products.csv.gz,product_metadata,,[],[],[],[],pass,[]
web2000-1762,00001702,open_food_facts_product_metadata,Open Food Facts static bulk TSV,en.openfoodfacts.org.products.csv.gz,product_metadata,,[],[],[],[],pass,[]
web2000-1763,0000170330815,open_food_facts_product_metadata,Open Food Facts static bulk TSV,en.openfoodfacts.org.products.csv.gz,product_metadata,,[],[],[],[],pass,[]
web2000-1764,0000170400010,open_food_facts_product_metadata,Open Food Facts static bulk TSV,en.openfoodfacts.org.products.csv.gz,product_metadata,,[],[],[],[],pass,[]
web2000-1765,0000170433823,open_food_facts_product_metadata,Open Food Facts static bulk TSV,en.openfoodfacts.org.products.csv.gz,product_metadata,,[],[],[],[],pass,[]
web2000-1766,0000170575655,open_food_facts_product_metadata,Open Food Facts static bulk TSV,en.openfoodfacts.org.products.csv.gz,product_metadata,,[],[],[],[],pass,[]
web2000-1767,00001707,open_food_facts_product_metadata,Open Food Facts static bulk TSV,en.openfoodfacts.org.products.csv.gz,product_metadata,,[],[],[],[],pass,[]
web2000-1768,0000170780825,open_food_facts_product_metadata,Open Food Facts static bulk TSV,en.openfoodfacts.org.products.csv.gz,product_metadata,,[],[],[],[],pass,[]
web2000-1769,0000170912522,open_food_facts_product_metadata,Open Food Facts static bulk TSV,en.openfoodfacts.org.products.csv.gz,product_metadata,,[],[],[],[],pass,[]
web2000-1770,0000171042724,open_food_facts_product_metadata,Open Food Facts static bulk TSV,en.openfoodfacts.org.products.csv.gz,product_metadata,,[],[],[],[],pass,[]
web2000-1771,00001712,open_food_facts_product_metadata,Open Food Facts static bulk TSV,en.openfoodfacts.org.products.csv.gz,product_metadata,,[],[],[],[],pass,[]
web2000-1772,00001713,open_food_facts_product_metadata,Open Food Facts static bulk TSV,en.openfoodfacts.org.products.csv.gz,product_metadata,,[],[],[],[],pass,[]
web2000-1773,00001714,open_food_facts_product_metadata,Open Food Facts static bulk TSV,en.openfoodfacts.org.products.csv.gz,product_metadata,,[],[],[],[],pass,[]
web2000-1774,00001716,open_food_facts_product_metadata,Open Food Facts static bulk TSV,en.openfoodfacts.org.products.csv.gz,product_metadata,,[],[],[],[],pass,[]
web2000-1775,00001717,open_food_facts_product_metadata,Open Food Facts static bulk TSV,en.openfoodfacts.org.products.csv.gz,product_metadata,,[],[],[],[],pass,[]
web2000-1776,0000171812457,open_food_facts_product_metadata,Open Food Facts static bulk TSV,en.openfoodfacts.org.products.csv.gz,product_metadata,,[],[],[],[],pass,[]
web2000-1777,00001719,open_food_facts_product_metadata,Open Food Facts static bulk TSV,en.openfoodfacts.org.products.csv.gz,product_metadata,,[],[],[],[],pass,[]
web2000-1778,00001721,open_food_facts_product_metadata,Open Food Facts static bulk TSV,en.openfoodfacts.org.products.csv.gz,product_metadata,,[],[],[],[],pass,[]
web2000-1779,0000172211595,open_food_facts_product_metadata,Open Food Facts static bulk TSV,en.openfoodfacts.org.products.csv.gz,product_metadata,,[],[],[],[],pass,[]
web2000-1780,00001725,open_food_facts_product_metadata,Open Food Facts static bulk TSV,en.openfoodfacts.org.products.csv.gz,product_metadata,,[],[],[],[],pass,[]
web2000-1781,00001731,open_food_facts_product_metadata,Open Food Facts static bulk TSV,en.openfoodfacts.org.products.csv.gz,product_metadata,,[],[],[],[],pass,[]
web2000-1782,00001732,open_food_facts_product_metadata,Open Food Facts static bulk TSV,en.openfoodfacts.org.products.csv.gz,product_metadata,,[],[],[],[],pass,[]
web2000-1783,00001733,open_food_facts_product_metadata,Open Food Facts static bulk TSV,en.openfoodfacts.org.products.csv.gz,product_metadata,,[],[],[],[],pass,[]
web2000-1784,00001737,open_food_facts_product_metadata,Open Food Facts static bulk TSV,en.openfoodfacts.org.products.csv.gz,product_metadata,,[],[],[],[],pass,[]
web2000-1785,00001740,open_food_facts_product_metadata,Open Food Facts static bulk TSV,en.openfoodfacts.org.products.csv.gz,product_metadata,,[],[],[],[],pass,[]
web2000-1786,0000174011056,open_food_facts_product_metadata,Open Food Facts static bulk TSV,en.openfoodfacts.org.products.csv.gz,product_metadata,,[],[],[],[],pass,[]
web2000-1787,00001741,open_food_facts_product_metadata,Open Food Facts static bulk TSV,en.openfoodfacts.org.products.csv.gz,product_metadata,,[],[],[],[],pass,[]
web2000-1788,0000174190503,open_food_facts_product_metadata,Open Food Facts static bulk TSV,en.openfoodfacts.org.products.csv.gz,product_metadata,,[],[],[],[],pass,[]
web2000-1789,00001742,open_food_facts_product_metadata,Open Food Facts static bulk TSV,en.openfoodfacts.org.products.csv.gz,product_metadata,,[],[],[],[],pass,[]
web2000-1790,00001744,open_food_facts_product_metadata,Open Food Facts static bulk TSV,en.openfoodfacts.org.products.csv.gz,product_metadata,,[],[],[],[],pass,[]
web2000-1791,00001745,open_food_facts_product_metadata,Open Food Facts static bulk TSV,en.openfoodfacts.org.products.csv.gz,product_metadata,,[],[],[],[],pass,[]
web2000-1792,00001746,open_food_facts_product_metadata,Open Food Facts static bulk TSV,en.openfoodfacts.org.products.csv.gz,product_metadata,,[],[],[],[],pass,[]
web2000-1793,00001747,open_food_facts_product_metadata,Open Food Facts static bulk TSV,en.openfoodfacts.org.products.csv.gz,product_metadata,,[],[],[],[],pass,[]
web2000-1794,00001753,open_food_facts_product_metadata,Open Food Facts static bulk TSV,en.openfoodfacts.org.products.csv.gz,product_metadata,,[],[],[],[],pass,[]
web2000-1795,00001755,open_food_facts_product_metadata,Open Food Facts static bulk TSV,en.openfoodfacts.org.products.csv.gz,product_metadata,,[],[],[],[],pass,[]
web2000-1796,00001756,open_food_facts_product_metadata,Open Food Facts static bulk TSV,en.openfoodfacts.org.products.csv.gz,product_metadata,,[],[],[],[],pass,[]
web2000-1797,00001757,open_food_facts_product_metadata,Open Food Facts static bulk TSV,en.openfoodfacts.org.products.csv.gz,product_metadata,,[],[],[],[],pass,[]
web2000-1798,00001758,open_food_facts_product_metadata,Open Food Facts static bulk TSV,en.openfoodfacts.org.products.csv.gz,product_metadata,,[],[],[],[],pass,[]
web2000-1799,00001759,open_food_facts_product_metadata,Open Food Facts static bulk TSV,en.openfoodfacts.org.products.csv.gz,product_metadata,,[],[],[],[],pass,[]
web2000-1800,00001761,open_food_facts_product_metadata,Open Food Facts static bulk TSV,en.openfoodfacts.org.products.csv.gz,product_metadata,,[],[],[],[],pass,[]
web2000-1801,00001762,open_food_facts_product_metadata,Open Food Facts static bulk TSV,en.openfoodfacts.org.products.csv.gz,product_metadata,,[],[],[],[],pass,[]
web2000-1802,00001764,open_food_facts_product_metadata,Open Food Facts static bulk TSV,en.openfoodfacts.org.products.csv.gz,product_metadata,,[],[],[],[],pass,[]
web2000-1803,00001768,open_food_facts_product_metadata,Open Food Facts static bulk TSV,en.openfoodfacts.org.products.csv.gz,product_metadata,,[],[],[],[],pass,[]
web2000-1804,00001771,open_food_facts_product_metadata,Open Food Facts static bulk TSV,en.openfoodfacts.org.products.csv.gz,product_metadata,,[],[],[],[],pass,[]
web2000-1805,00001772,open_food_facts_product_metadata,Open Food Facts static bulk TSV,en.openfoodfacts.org.products.csv.gz,product_metadata,,[],[],[],[],pass,[]
web2000-1806,00001773,open_food_facts_product_metadata,Open Food Facts static bulk TSV,en.openfoodfacts.org.products.csv.gz,product_metadata,,[],[],[],[],pass,[]
web2000-1807,00001774,open_food_facts_product_metadata,Open Food Facts static bulk TSV,en.openfoodfacts.org.products.csv.gz,product_metadata,,[],[],[],[],pass,[]
web2000-1808,00001779,open_food_facts_product_metadata,Open Food Facts static bulk TSV,en.openfoodfacts.org.products.csv.gz,product_metadata,,[],[],[],[],pass,[]
web2000-1809,00001781,open_food_facts_product_metadata,Open Food Facts static bulk TSV,en.openfoodfacts.org.products.csv.gz,product_metadata,,[],[],[],[],pass,[]
web2000-1810,0000178222600,open_food_facts_product_metadata,Open Food Facts static bulk TSV,en.openfoodfacts.org.products.csv.gz,product_metadata,,[],[],[],[],pass,[]
web2000-1811,00001783,open_food_facts_product_metadata,Open Food Facts static bulk TSV,en.openfoodfacts.org.products.csv.gz,product_metadata,,[],[],[],[],pass,[]
web2000-1812,00001786,open_food_facts_product_metadata,Open Food Facts static bulk TSV,en.openfoodfacts.org.products.csv.gz,product_metadata,,[],[],[],[],pass,[]
web2000-1813,0000179025910,open_food_facts_product_metadata,Open Food Facts static bulk TSV,en.openfoodfacts.org.products.csv.gz,product_metadata,,[],[],[],[],pass,[]
web2000-1814,ni:///sha-256;025ac144187a8c5e14caf4d1cfa69250a33dc59a5bc42a68d31b1b5e55a3f15a?ver=CBV2.0,gs1_epcis_visibility_event,GS1 EPCIS public examples,JSON/AssociationEvent/AssociationEvent-a.jsonld,AssociationEvent,assembling,[],[],[],[],pass,[]
web2000-1815,ni:///sha-256;a15e0b457cfc95305b6d530978c4cd7965bb29c0b8c312310fc7210c9ef123d9?ver=CBV2.0,gs1_epcis_visibility_event,GS1 EPCIS public examples,JSON/AssociationEvent/AssociationEvent-b.jsonld,AssociationEvent,installing,[],[],[],[],pass,[]
web2000-1816,ni:///sha-256;371c8eb1834fe5bca8722458310287d40d046c5bf032a484a8274299f7be2f59?ver=CBV2.0,gs1_epcis_visibility_event,GS1 EPCIS public examples,JSON/AssociationEvent/AssociationEvent-c.jsonld,AssociationEvent,removing,[],[],[],[],pass,[]
web2000-1817,ni:///sha-256;8a2d6f46deae4e62f517b2d2f84d2251b0c2db43b791663575e9ff358560fd85?ver=CBV2.0,gs1_epcis_visibility_event,GS1 EPCIS public examples,JSON/AssociationEvent/AssociationEvent-d.jsonld,AssociationEvent,disassembling,[],[],[],[],pass,[]
web2000-1818,ni:///sha-256;8bbf932aa86072c4e5e6e58666b9344447c3811e07823677c336a00d7db67e5a?ver=CBV2.0,gs1_epcis_visibility_event,GS1 EPCIS public examples,JSON/AssociationEvent/AssociationEvent-e.jsonld,AssociationEvent,assembling,[],[],[],[],pass,[]
web2000-1819,ni:///sha-256;5f7c472bc4905de27a19b2efc8e4a9c6dc195139669b80b515f12218ff07cf65?ver=CBV2.0,gs1_epcis_visibility_event,GS1 EPCIS public examples,JSON/AssociationEvent/AssociationEvent-f.jsonld,AssociationEvent,installing,[],[],[],[],pass,[]
web2000-1820,ni:///sha-256;3acf0f5d06f13134ea8899b9a711eb4d4039dfefd73f2093136729296d904d9a?ver=CBV2.0,gs1_epcis_visibility_event,GS1 EPCIS public examples,JSON/AssociationEvent/AssociationEvent-g.jsonld,AssociationEvent,disassembling,[],[],"[""shipping""]","[""shipping""]",pass,[]
web2000-1821,urn:uuid:fd338495-0e6d-41dd-afee-a862ecd32518,gs1_epcis_visibility_event,GS1 EPCIS public examples,JSON/AssociationEvent/AssociationEvent-h.jsonld,AssociationEvent,disassembling,[],[],[],[],pass,[]
web2000-1822,ni:///sha-256;df7bb3c352fef055578554f09f5e2aa41782150ced7bd0b8af24dd3ccb30ba69?ver=CBV2.0,gs1_epcis_visibility_event,GS1 EPCIS public examples,JSON/EPCISQueryDocument.jsonld,ObjectEvent,shipping,"[""shipping""]","[""shipping""]",[],[],pass,[]
web2000-1823,ni:///sha-256;00e1e6eba3a7cc6125be4793a631f0af50f8322e0ab5f2c0bab994a11cec1d79?ver=CBV2.0,gs1_epcis_visibility_event,GS1 EPCIS public examples,JSON/EPCISQueryDocument.jsonld,ObjectEvent,receiving,"[""receiving""]","[""receiving""]",[],[],pass,[]
web2000-1824,Example-TransactionEvents-2020_07_03y.jsonld:1,gs1_epcis_visibility_event,GS1 EPCIS public examples,JSON/Example-TransactionEvents-2020_07_03y.jsonld,TransactionEvent,summarising_discharge,[],[],[],[],pass,[]
web2000-1825,Example-TransactionEvents-2020_07_03y.jsonld:2,gs1_epcis_visibility_event,GS1 EPCIS public examples,JSON/Example-TransactionEvents-2020_07_03y.jsonld,TransactionEvent,transporting,[],[],[],[],pass,[]
web2000-1826,ni:///sha-256;5f7c472bc4905de27a19b2efc8e4a9c6dc195139669b80b515f12218ff07cf65?ver=CBV2.0,gs1_epcis_visibility_event,GS1 EPCIS public examples,"JSON/Example-Type-sourceOrDestination,measurement,bizTransaction.jsonld",AssociationEvent,installing,[],[],[],[],pass,[]
web2000-1827,ni:///sha-256;df7bb3c352fef055578554f09f5e2aa41782150ced7bd0b8af24dd3ccb30ba69?ver=CBV2.0,gs1_epcis_visibility_event,GS1 EPCIS public examples,JSON/Example_9.6.1-ObjectEvent-with-pseudo-SBDH-headers.jsonld,ObjectEvent,shipping,"[""shipping""]","[""shipping""]",[],[],pass,[]
web2000-1828,ni:///sha-256;00e1e6eba3a7cc6125be4793a631f0af50f8322e0ab5f2c0bab994a11cec1d79?ver=CBV2.0,gs1_epcis_visibility_event,GS1 EPCIS public examples,JSON/Example_9.6.1-ObjectEvent-with-pseudo-SBDH-headers.jsonld,ObjectEvent,receiving,"[""receiving""]","[""receiving""]",[],[],pass,[]
web2000-1829,ni:///sha-256;df7bb3c352fef055578554f09f5e2aa41782150ced7bd0b8af24dd3ccb30ba69?ver=CBV2.0,gs1_epcis_visibility_event,GS1 EPCIS public examples,JSON/Example_9.6.1-ObjectEvent.jsonld,ObjectEvent,shipping,"[""shipping""]","[""shipping""]",[],[],pass,[]
web2000-1830,ni:///sha-256;00e1e6eba3a7cc6125be4793a631f0af50f8322e0ab5f2c0bab994a11cec1d79?ver=CBV2.0,gs1_epcis_visibility_event,GS1 EPCIS public examples,JSON/Example_9.6.1-ObjectEvent.jsonld,ObjectEvent,receiving,"[""receiving""]","[""receiving""]",[],[],pass,[]
web2000-1831,ni:///sha-256;36abb3a2c0a726de32ac4beafd6b8bc4ba0b1d2de244490312e5cbec7b5ddece?ver=CBV2.0,gs1_epcis_visibility_event,GS1 EPCIS public examples,JSON/Example_9.6.1-with-comment.jsonld,ObjectEvent,shipping,"[""shipping""]","[""shipping""]",[],[],pass,[]
web2000-1832,ni:///sha-256;59b0e6c6777da8128617f541585e25ef7a89f98909a4543fa5c742b363c79d3d?ver=CBV2.0,gs1_epcis_visibility_event,GS1 EPCIS public examples,JSON/Example_9.6.1-with-comment.jsonld,ObjectEvent,receiving,"[""receiving""]","[""receiving""]",[],[],pass,[]
web2000-1833,ni:///sha-256;a98f08ae6ac4de3482054314d637c07010b448d3802dccb028a06aafcc6a4b10?ver=CBV2.0,gs1_epcis_visibility_event,GS1 EPCIS public examples,JSON/Example_9.6.2-ObjectEvent.jsonld,ObjectEvent,receiving,"[""receiving""]","[""receiving""]",[],[],pass,[]
web2000-1834,ni:///sha-256;87b5f18a69993f0052046d4687dfacdf48f7c988cfabda2819688c86b4066a49?ver=CBV2.0,gs1_epcis_visibility_event,GS1 EPCIS public examples,JSON/Example_9.6.3-AggregationEvent.jsonld,AggregationEvent,receiving,"[""receiving""]","[""receiving""]",[],[],pass,[]
web2000-1835,ni:///sha-256;e65c3a997e77f34b58306da7a82ab0fc91c7820013287700f0b50345e5795b97?ver=CBV2.0,gs1_epcis_visibility_event,GS1 EPCIS public examples,JSON/Example_9.6.4-TransformationEvent.jsonld,TransformationEvent,commissioning,"[""transformation""]","[""transformation""]",[],[],pass,[]
web2000-1836,ni:///sha-256;56ba4f355c57456b41c3fb60b22d8342e759de503e3e618940ca3b6ad1bf9b00?ver=CBV2.0,gs1_epcis_visibility_event,GS1 EPCIS public examples,JSON/PersistentDisposition-example.jsonld,ObjectEvent,receiving,"[""receiving""]","[""receiving""]",[],[],pass,[]
web2000-1837,ni:///sha-256;dae7b481207bb87f1d981c5f169b8138368ae152a41b002eaf36eca1f67d56f5?ver=CBV2.0,gs1_epcis_visibility_event,GS1 EPCIS public examples,JSON/PersistentDisposition-example.jsonld,ObjectEvent,inspecting,[],[],[],[],pass,[]
web2000-1838,ni:///sha-256;9fa42e8bf64e1cfe152d582a248646ce0ad2b0c6826c7e8ed95442a7a1545f33?ver=CBV2.0,gs1_epcis_visibility_event,GS1 EPCIS public examples,JSON/WithDigitalLinkID/Example_9.6.1-ObjectEventWithDigitalLink.jsonld,ObjectEvent,shipping,"[""shipping""]","[""shipping""]",[],[],pass,[]
web2000-1839,ni:///sha-256;4217c6a122625b7b9d8ae4f9b89890df35ffa0c501471a096cbfdeebd7207e45?ver=CBV2.0,gs1_epcis_visibility_event,GS1 EPCIS public examples,JSON/WithDigitalLinkID/Example_9.6.1-ObjectEventWithDigitalLink.jsonld,ObjectEvent,receiving,"[""receiving""]","[""receiving""]",[],[],pass,[]
web2000-1840,ni:///sha-256;115b14983df54a9bcc3dd6a00dc4ebcab000bd52fda0abdd8996907e01dccc23?ver=CBV2.0,gs1_epcis_visibility_event,GS1 EPCIS public examples,JSON/WithDigitalLinkID/Example_9.6.2-ObjectEventWithDigitalLink.jsonld,ObjectEvent,receiving,"[""receiving""]","[""receiving""]",[],[],pass,[]
web2000-1841,ni:///sha-256;20a2b5b9681b7a70413c42bfe72db61386411252a803b6bc212f5f46f26649d7?ver=CBV2.0,gs1_epcis_visibility_event,GS1 EPCIS public examples,JSON/WithDigitalLinkID/Example_9.6.3-AggregationEventWithDigitalLink.jsonld,AggregationEvent,receiving,"[""receiving""]","[""receiving""]",[],[],pass,[]
web2000-1842,ni:///sha-256;4f143d1adf7b2950a34f5e82a240ce5280530b06a9f3c2b9cfe49f5ca5001815?ver=CBV2.0,gs1_epcis_visibility_event,GS1 EPCIS public examples,JSON/WithDigitalLinkID/Example_9.6.4-TransformationEventWithDigitalLink.jsonld,TransformationEvent,commissioning,"[""transformation""]","[""transformation""]",[],[],pass,[]
web2000-1843,urn:uuid:374d95fc-9457-4a51-bd6a-0bba133845a8,gs1_epcis_visibility_event,GS1 EPCIS public examples,JSON/WithErrorDeclaration/ErrorDeclarationAndCorrectiveEvent.jsonld,TransformationEvent,commissioning,[],[],"[""shipping""]","[""shipping""]",pass,[]
web2000-1844,urn:uuid:404d95fc-9457-4a51-bd6a-0bba133845a8,gs1_epcis_visibility_event,GS1 EPCIS public examples,JSON/WithErrorDeclaration/ErrorDeclarationAndCorrectiveEvent.jsonld,TransformationEvent,commissioning,"[""transformation""]","[""transformation""]",[],[],pass,[]
web2000-1845,ni:///sha-256;aa49daa1fe0b773e0437e546078dc87de9c864d5b9babe84488f31478887fdf3?ver=CBV2.0,gs1_epcis_visibility_event,GS1 EPCIS public examples,JSON/WithErrorDeclaration/Example_9.6.1-ObjectEvent-with-error-declaration.jsonld,ObjectEvent,shipping,[],[],"[""shipping""]","[""shipping""]",pass,[]
web2000-1846,ni:///sha-256;00e1e6eba3a7cc6125be4793a631f0af50f8322e0ab5f2c0bab994a11cec1d79?ver=CBV2.0,gs1_epcis_visibility_event,GS1 EPCIS public examples,JSON/WithErrorDeclaration/Example_9.6.1-ObjectEvent-with-error-declaration.jsonld,ObjectEvent,receiving,"[""receiving""]","[""receiving""]",[],[],pass,[]
web2000-1847,ni:///sha-256;cd834b5a08e76778617369c29c9ecc1007508a0ae5dcf063e48b6bf05eb10097?ver=CBV2.0,gs1_epcis_visibility_event,GS1 EPCIS public examples,JSON/WithFullCombinationOfFields/aggregation_event_all_possible_fields.jsonld,AggregationEvent,receiving,[],[],"[""shipping""]","[""shipping""]",pass,[]
web2000-1848,ni:///sha-256;3785a2a509892681bb6695cfde36dd75aabdc5d801a028e7b17cded4e0fa320f?ver=CBV2.0,gs1_epcis_visibility_event,GS1 EPCIS public examples,JSON/WithFullCombinationOfFields/association_event_all_possible_fields.jsonld,AssociationEvent,assembling,[],[],"[""shipping""]","[""shipping""]",pass,[]
web2000-1849,urn:uuid:374d95fc-9457-4a51-bd6a-0bba133845a8,gs1_epcis_visibility_event,GS1 EPCIS public examples,JSON/WithFullCombinationOfFields/object_event_all_possible_fields.jsonld,ObjectEvent,receiving,[],[],"[""shipping""]","[""shipping""]",pass,[]
web2000-1850,ni:///sha-256;45a99ca926fdb62b61bb2b29620e1dcdd5b0109613700f7e179881d64d8fabf1?ver=CBV2.0,gs1_epcis_visibility_event,GS1 EPCIS public examples,JSON/WithFullCombinationOfFields/transaction_event_all_possible_fields.jsonld,TransactionEvent,shipping,[],[],"[""shipping""]","[""shipping""]",pass,[]
web2000-1851,ni:///sha-256;0bf4271d60ed65fb687e95f7216c4c0a4c1181c070f657d41385b6fbd93e97ef?ver=CBV2.0,gs1_epcis_visibility_event,GS1 EPCIS public examples,JSON/WithFullCombinationOfFields/transformation_event_all_possible_fields.jsonld,TransformationEvent,commissioning,[],[],"[""shipping""]","[""shipping""]",pass,[]
web2000-1852,ni:///sha-256;74f1dc48ee22289bc40ddd9f1d0ecae0dd09a2f4c3dfa66fdbca16cb2d8a4e77?ver=CBV2.0,gs1_epcis_visibility_event,GS1 EPCIS public examples,JSON/WithSensorData/SensorDataExample1.jsonld,ObjectEvent,inspecting,[],[],[],[],pass,[]
web2000-1853,ni:///sha-256;77c5b495d391767b1d3b8e7c669c9fee3965a778a9bfe793e85602c971b98436?ver=CBV2.0,gs1_epcis_visibility_event,GS1 EPCIS public examples,JSON/WithSensorData/SensorDataExample10.jsonld,ObjectEvent,sensor_reporting,[],[],[],[],pass,[]
web2000-1854,ni:///sha-256;8702ac80df8ac48d19cc0c8d19399249fc7037f8b752acb97baf7148960d2a17?ver=CBV2.0,gs1_epcis_visibility_event,GS1 EPCIS public examples,JSON/WithSensorData/SensorDataExample11.jsonld,TransactionEvent,inspecting,[],[],[],[],pass,[]
web2000-1855,SensorDataExample12.jsonld:1,gs1_epcis_visibility_event,GS1 EPCIS public examples,JSON/WithSensorData/SensorDataExample12.jsonld,TransformationEvent,commissioning,[],[],"[""shipping""]","[""shipping""]",pass,[]
web2000-1856,ni:///sha-256;e1f630b9c84c84020eb9bc73f082324a420f4472dd6c14edb1f1ab98ea279f24?ver=CBV2.0,gs1_epcis_visibility_event,GS1 EPCIS public examples,JSON/WithSensorData/SensorDataExample13.jsonld,ObjectEvent,sensor_reporting,[],[],[],[],pass,[]
web2000-1857,SensorDataExample14.jsonld:1,gs1_epcis_visibility_event,GS1 EPCIS public examples,JSON/WithSensorData/SensorDataExample14.jsonld,ObjectEvent,sensor_reporting,[],[],[],[],pass,[]
web2000-1858,SensorDataExample15.jsonld:1,gs1_epcis_visibility_event,GS1 EPCIS public examples,JSON/WithSensorData/SensorDataExample15.jsonld,ObjectEvent,sensor_reporting,[],[],[],[],pass,[]
web2000-1859,SensorDataExample16.jsonld:1,gs1_epcis_visibility_event,GS1 EPCIS public examples,JSON/WithSensorData/SensorDataExample16.jsonld,ObjectEvent,sensor_reporting,[],[],[],[],pass,[]
web2000-1860,ni:///sha-256;e1f630b9c84c84020eb9bc73f082324a420f4472dd6c14edb1f1ab98ea279f24?ver=CBV2.0,gs1_epcis_visibility_event,GS1 EPCIS public examples,JSON/WithSensorData/SensorDataExample17.jsonld,ObjectEvent,sensor_reporting,[],[],[],[],pass,[]
web2000-1861,ni:///sha-256;e84840e98e15b9c86168ce85ca277af4241dddd3b658f9650a00096c2a09c2f3?ver=CBV2.0,gs1_epcis_visibility_event,GS1 EPCIS public examples,JSON/WithSensorData/SensorDataExample1b.jsonld,ObjectEvent,inspecting,[],[],[],[],pass,[]
web2000-1862,ni:///sha-256;0301ed4c40065cde36eb9cc80780312d903a031a91d105639df4e649a9d01200?ver=CBV2.0,gs1_epcis_visibility_event,GS1 EPCIS public examples,JSON/WithSensorData/SensorDataExample2.jsonld,ObjectEvent,inspecting,[],[],[],[],pass,[]
web2000-1863,ni:///sha-256;b507b2720c96cd99855eabb101e8617d48622eff4ceaad0a416b3c10dfd316ee?ver=CBV2.0,gs1_epcis_visibility_event,GS1 EPCIS public examples,JSON/WithSensorData/SensorDataExample3.jsonld,ObjectEvent,inspecting,[],[],[],[],pass,[]
web2000-1864,ni:///sha-256;7ff1501099b3f5890d310d703fb9f57e251bba0c57d3c049fab590b50323a8e7?ver=CBV2.0,gs1_epcis_visibility_event,GS1 EPCIS public examples,JSON/WithSensorData/SensorDataExample4.jsonld,ObjectEvent,inspecting,[],[],[],[],pass,[]
web2000-1865,ni:///sha-256;e13ff14a9b4f3dd11bba60315ed9b849eb8ddf4c5b1a9aa794cd250256730834?ver=CBV2.0,gs1_epcis_visibility_event,GS1 EPCIS public examples,JSON/WithSensorData/SensorDataExample5.jsonld,ObjectEvent,inspecting,[],[],[],[],pass,[]
web2000-1866,ni:///sha-256;6aca25c45463182fe3a1ebf60a6b81a165f061b58f4f3c202eb423234386b72e?ver=CBV2.0,gs1_epcis_visibility_event,GS1 EPCIS public examples,JSON/WithSensorData/SensorDataExample6.jsonld,ObjectEvent,inspecting,[],[],[],[],pass,[]
web2000-1867,ni:///sha-256;db924230b77cc4d9a7cea4968fd302b06598a2b63e1b0ea011b31d1b5f45e6ac?ver=CBV2.0,gs1_epcis_visibility_event,GS1 EPCIS public examples,JSON/WithSensorData/SensorDataExample7.jsonld,ObjectEvent,inspecting,[],[],[],[],pass,[]
web2000-1868,ni:///sha-256;18454584ed96fbb533e4a69b01eefd1bff3edd1e80ef8598957111f4477a0a64?ver=CBV2.0,gs1_epcis_visibility_event,GS1 EPCIS public examples,JSON/WithSensorData/SensorDataExample8.jsonld,AggregationEvent,packing,"[""initial_packing""]","[""initial_packing""]",[],[],pass,[]
web2000-1869,SensorDataExample9.jsonld:1,gs1_epcis_visibility_event,GS1 EPCIS public examples,JSON/WithSensorData/SensorDataExample9.jsonld,ObjectEvent,sensor_reporting,[],[],[],[],pass,[]
web2000-1870,ni:///sha-256;025ac144187a8c5e14caf4d1cfa69250a33dc59a5bc42a68d31b1b5e55a3f15a?ver=CBV2.0,gs1_epcis_visibility_event,GS1 EPCIS public examples,JSON-simple-context/AssociationEvent/AssociationEvent-a.jsonld,AssociationEvent,assembling,[],[],[],[],pass,[]
web2000-1871,ni:///sha-256;a15e0b457cfc95305b6d530978c4cd7965bb29c0b8c312310fc7210c9ef123d9?ver=CBV2.0,gs1_epcis_visibility_event,GS1 EPCIS public examples,JSON-simple-context/AssociationEvent/AssociationEvent-b.jsonld,AssociationEvent,installing,[],[],[],[],pass,[]
web2000-1872,ni:///sha-256;371c8eb1834fe5bca8722458310287d40d046c5bf032a484a8274299f7be2f59?ver=CBV2.0,gs1_epcis_visibility_event,GS1 EPCIS public examples,JSON-simple-context/AssociationEvent/AssociationEvent-c.jsonld,AssociationEvent,removing,[],[],[],[],pass,[]
web2000-1873,ni:///sha-256;8a2d6f46deae4e62f517b2d2f84d2251b0c2db43b791663575e9ff358560fd85?ver=CBV2.0,gs1_epcis_visibility_event,GS1 EPCIS public examples,JSON-simple-context/AssociationEvent/AssociationEvent-d.jsonld,AssociationEvent,disassembling,[],[],[],[],pass,[]
web2000-1874,ni:///sha-256;8bbf932aa86072c4e5e6e58666b9344447c3811e07823677c336a00d7db67e5a?ver=CBV2.0,gs1_epcis_visibility_event,GS1 EPCIS public examples,JSON-simple-context/AssociationEvent/AssociationEvent-e.jsonld,AssociationEvent,assembling,[],[],[],[],pass,[]
web2000-1875,ni:///sha-256;5f7c472bc4905de27a19b2efc8e4a9c6dc195139669b80b515f12218ff07cf65?ver=CBV2.0,gs1_epcis_visibility_event,GS1 EPCIS public examples,JSON-simple-context/AssociationEvent/AssociationEvent-f.jsonld,AssociationEvent,installing,[],[],[],[],pass,[]
web2000-1876,ni:///sha-256;3acf0f5d06f13134ea8899b9a711eb4d4039dfefd73f2093136729296d904d9a?ver=CBV2.0,gs1_epcis_visibility_event,GS1 EPCIS public examples,JSON-simple-context/AssociationEvent/AssociationEvent-g.jsonld,AssociationEvent,disassembling,[],[],"[""shipping""]","[""shipping""]",pass,[]
web2000-1877,urn:uuid:fd338495-0e6d-41dd-afee-a862ecd32518,gs1_epcis_visibility_event,GS1 EPCIS public examples,JSON-simple-context/AssociationEvent/AssociationEvent-h.jsonld,AssociationEvent,disassembling,[],[],[],[],pass,[]
web2000-1878,Example-TransactionEvents-2020_07_03y.jsonld:1,gs1_epcis_visibility_event,GS1 EPCIS public examples,JSON-simple-context/Example-TransactionEvents-2020_07_03y.jsonld,TransactionEvent,summarising_discharge,[],[],[],[],pass,[]
web2000-1879,Example-TransactionEvents-2020_07_03y.jsonld:2,gs1_epcis_visibility_event,GS1 EPCIS public examples,JSON-simple-context/Example-TransactionEvents-2020_07_03y.jsonld,TransactionEvent,transporting,[],[],[],[],pass,[]
web2000-1880,ni:///sha-256;5f7c472bc4905de27a19b2efc8e4a9c6dc195139669b80b515f12218ff07cf65?ver=CBV2.0,gs1_epcis_visibility_event,GS1 EPCIS public examples,"JSON-simple-context/Example-Type-sourceOrDestination,measurement,bizTransaction.jsonld",AssociationEvent,installing,[],[],[],[],pass,[]
web2000-1881,ni:///sha-256;df7bb3c352fef055578554f09f5e2aa41782150ced7bd0b8af24dd3ccb30ba69?ver=CBV2.0,gs1_epcis_visibility_event,GS1 EPCIS public examples,JSON-simple-context/Example_9.6.1-ObjectEvent-with-pseudo-SBDH-headers.jsonld,ObjectEvent,shipping,"[""shipping""]","[""shipping""]",[],[],pass,[]
web2000-1882,ni:///sha-256;00e1e6eba3a7cc6125be4793a631f0af50f8322e0ab5f2c0bab994a11cec1d79?ver=CBV2.0,gs1_epcis_visibility_event,GS1 EPCIS public examples,JSON-simple-context/Example_9.6.1-ObjectEvent-with-pseudo-SBDH-headers.jsonld,ObjectEvent,receiving,"[""receiving""]","[""receiving""]",[],[],pass,[]
web2000-1883,ni:///sha-256;df7bb3c352fef055578554f09f5e2aa41782150ced7bd0b8af24dd3ccb30ba69?ver=CBV2.0,gs1_epcis_visibility_event,GS1 EPCIS public examples,JSON-simple-context/Example_9.6.1-ObjectEvent.jsonld,ObjectEvent,shipping,"[""shipping""]","[""shipping""]",[],[],pass,[]
web2000-1884,ni:///sha-256;00e1e6eba3a7cc6125be4793a631f0af50f8322e0ab5f2c0bab994a11cec1d79?ver=CBV2.0,gs1_epcis_visibility_event,GS1 EPCIS public examples,JSON-simple-context/Example_9.6.1-ObjectEvent.jsonld,ObjectEvent,receiving,"[""receiving""]","[""receiving""]",[],[],pass,[]
web2000-1885,ni:///sha-256;36abb3a2c0a726de32ac4beafd6b8bc4ba0b1d2de244490312e5cbec7b5ddece?ver=CBV2.0,gs1_epcis_visibility_event,GS1 EPCIS public examples,JSON-simple-context/Example_9.6.1-with-comment.jsonld,ObjectEvent,shipping,"[""shipping""]","[""shipping""]",[],[],pass,[]
web2000-1886,ni:///sha-256;59b0e6c6777da8128617f541585e25ef7a89f98909a4543fa5c742b363c79d3d?ver=CBV2.0,gs1_epcis_visibility_event,GS1 EPCIS public examples,JSON-simple-context/Example_9.6.1-with-comment.jsonld,ObjectEvent,receiving,"[""receiving""]","[""receiving""]",[],[],pass,[]
web2000-1887,ni:///sha-256;a98f08ae6ac4de3482054314d637c07010b448d3802dccb028a06aafcc6a4b10?ver=CBV2.0,gs1_epcis_visibility_event,GS1 EPCIS public examples,JSON-simple-context/Example_9.6.2-ObjectEvent.jsonld,ObjectEvent,receiving,"[""receiving""]","[""receiving""]",[],[],pass,[]
web2000-1888,ni:///sha-256;87b5f18a69993f0052046d4687dfacdf48f7c988cfabda2819688c86b4066a49?ver=CBV2.0,gs1_epcis_visibility_event,GS1 EPCIS public examples,JSON-simple-context/Example_9.6.3-AggregationEvent.jsonld,AggregationEvent,receiving,"[""receiving""]","[""receiving""]",[],[],pass,[]
web2000-1889,ni:///sha-256;e65c3a997e77f34b58306da7a82ab0fc91c7820013287700f0b50345e5795b97?ver=CBV2.0,gs1_epcis_visibility_event,GS1 EPCIS public examples,JSON-simple-context/Example_9.6.4-TransformationEvent.jsonld,TransformationEvent,commissioning,"[""transformation""]","[""transformation""]",[],[],pass,[]
web2000-1890,ni:///sha-256;56ba4f355c57456b41c3fb60b22d8342e759de503e3e618940ca3b6ad1bf9b00?ver=CBV2.0,gs1_epcis_visibility_event,GS1 EPCIS public examples,JSON-simple-context/PersistentDisposition-example.jsonld,AggregationEvent,receiving,"[""receiving""]","[""receiving""]",[],[],pass,[]
web2000-1891,ni:///sha-256;dae7b481207bb87f1d981c5f169b8138368ae152a41b002eaf36eca1f67d56f5?ver=CBV2.0,gs1_epcis_visibility_event,GS1 EPCIS public examples,JSON-simple-context/PersistentDisposition-example.jsonld,AggregationEvent,unpacking,[],[],[],[],pass,[]
web2000-1892,ni:///sha-256;9fa42e8bf64e1cfe152d582a248646ce0ad2b0c6826c7e8ed95442a7a1545f33?ver=CBV2.0,gs1_epcis_visibility_event,GS1 EPCIS public examples,JSON-simple-context/WithDigitalLinkID/Example_9.6.1-ObjectEventWithDigitalLink.jsonld,ObjectEvent,shipping,"[""shipping""]","[""shipping""]",[],[],pass,[]
web2000-1893,ni:///sha-256;4217c6a122625b7b9d8ae4f9b89890df35ffa0c501471a096cbfdeebd7207e45?ver=CBV2.0,gs1_epcis_visibility_event,GS1 EPCIS public examples,JSON-simple-context/WithDigitalLinkID/Example_9.6.1-ObjectEventWithDigitalLink.jsonld,ObjectEvent,receiving,"[""receiving""]","[""receiving""]",[],[],pass,[]
web2000-1894,ni:///sha-256;115b14983df54a9bcc3dd6a00dc4ebcab000bd52fda0abdd8996907e01dccc23?ver=CBV2.0,gs1_epcis_visibility_event,GS1 EPCIS public examples,JSON-simple-context/WithDigitalLinkID/Example_9.6.2-ObjectEventWithDigitalLink.jsonld,ObjectEvent,receiving,"[""receiving""]","[""receiving""]",[],[],pass,[]
web2000-1895,ni:///sha-256;20a2b5b9681b7a70413c42bfe72db61386411252a803b6bc212f5f46f26649d7?ver=CBV2.0,gs1_epcis_visibility_event,GS1 EPCIS public examples,JSON-simple-context/WithDigitalLinkID/Example_9.6.3-AggregationEventWithDigitalLink.jsonld,AggregationEvent,receiving,"[""receiving""]","[""receiving""]",[],[],pass,[]
web2000-1896,ni:///sha-256;4f143d1adf7b2950a34f5e82a240ce5280530b06a9f3c2b9cfe49f5ca5001815?ver=CBV2.0,gs1_epcis_visibility_event,GS1 EPCIS public examples,JSON-simple-context/WithDigitalLinkID/Example_9.6.4-TransformationEventWithDigitalLink.jsonld,TransformationEvent,commissioning,"[""transformation""]","[""transformation""]",[],[],pass,[]
web2000-1897,urn:uuid:374d95fc-9457-4a51-bd6a-0bba133845a8,gs1_epcis_visibility_event,GS1 EPCIS public examples,JSON-simple-context/WithErrorDeclaration/ErrorDeclarationAndCorrectiveEvent.jsonld,TransformationEvent,commissioning,[],[],"[""shipping""]","[""shipping""]",pass,[]
web2000-1898,urn:uuid:404d95fc-9457-4a51-bd6a-0bba133845a8,gs1_epcis_visibility_event,GS1 EPCIS public examples,JSON-simple-context/WithErrorDeclaration/ErrorDeclarationAndCorrectiveEvent.jsonld,TransformationEvent,commissioning,"[""transformation""]","[""transformation""]",[],[],pass,[]
web2000-1899,ni:///sha-256;aa49daa1fe0b773e0437e546078dc87de9c864d5b9babe84488f31478887fdf3?ver=CBV2.0,gs1_epcis_visibility_event,GS1 EPCIS public examples,JSON-simple-context/WithErrorDeclaration/Example_9.6.1-ObjectEvent-with-error-declaration.jsonld,ObjectEvent,shipping,[],[],"[""shipping""]","[""shipping""]",pass,[]
web2000-1900,ni:///sha-256;00e1e6eba3a7cc6125be4793a631f0af50f8322e0ab5f2c0bab994a11cec1d79?ver=CBV2.0,gs1_epcis_visibility_event,GS1 EPCIS public examples,JSON-simple-context/WithErrorDeclaration/Example_9.6.1-ObjectEvent-with-error-declaration.jsonld,ObjectEvent,receiving,"[""receiving""]","[""receiving""]",[],[],pass,[]
web2000-1901,aggregation_event_all_possible_fields.jsonld:1,gs1_epcis_visibility_event,GS1 EPCIS public examples,JSON-simple-context/WithFullCombinationOfFields/aggregation_event_all_possible_fields.jsonld,AggregationEvent,receiving,"[""receiving""]","[""receiving""]",[],[],pass,[]
web2000-1902,association_event_all_possible_fields.jsonld:1,gs1_epcis_visibility_event,GS1 EPCIS public examples,JSON-simple-context/WithFullCombinationOfFields/association_event_all_possible_fields.jsonld,AssociationEvent,assembling,[],[],[],[],pass,[]
web2000-1903,object_event_all_possible_fields.jsonld:1,gs1_epcis_visibility_event,GS1 EPCIS public examples,JSON-simple-context/WithFullCombinationOfFields/object_event_all_possible_fields.jsonld,ObjectEvent,receiving,"[""receiving""]","[""receiving""]",[],[],pass,[]
web2000-1904,transaction_event_all_possible_fields.jsonld:1,gs1_epcis_visibility_event,GS1 EPCIS public examples,JSON-simple-context/WithFullCombinationOfFields/transaction_event_all_possible_fields.jsonld,TransactionEvent,shipping,"[""shipping""]","[""shipping""]",[],[],pass,[]
web2000-1905,transformation_event_all_possible_fields.jsonld:1,gs1_epcis_visibility_event,GS1 EPCIS public examples,JSON-simple-context/WithFullCombinationOfFields/transformation_event_all_possible_fields.jsonld,TransformationEvent,commissioning,"[""transformation""]","[""transformation""]",[],[],pass,[]
web2000-1906,ni:///sha-256;74f1dc48ee22289bc40ddd9f1d0ecae0dd09a2f4c3dfa66fdbca16cb2d8a4e77?ver=CBV2.0,gs1_epcis_visibility_event,GS1 EPCIS public examples,JSON-simple-context/WithSensorData/SensorDataExample1.jsonld,ObjectEvent,inspecting,[],[],[],[],pass,[]
web2000-1907,ni:///sha-256;77c5b495d391767b1d3b8e7c669c9fee3965a778a9bfe793e85602c971b98436?ver=CBV2.0,gs1_epcis_visibility_event,GS1 EPCIS public examples,JSON-simple-context/WithSensorData/SensorDataExample10.jsonld,ObjectEvent,sensor_reporting,[],[],[],[],pass,[]
web2000-1908,ni:///sha-256;8702ac80df8ac48d19cc0c8d19399249fc7037f8b752acb97baf7148960d2a17?ver=CBV2.0,gs1_epcis_visibility_event,GS1 EPCIS public examples,JSON-simple-context/WithSensorData/SensorDataExample11.jsonld,TransactionEvent,inspecting,[],[],[],[],pass,[]
web2000-1909,SensorDataExample12.jsonld:1,gs1_epcis_visibility_event,GS1 EPCIS public examples,JSON-simple-context/WithSensorData/SensorDataExample12.jsonld,TransformationEvent,commissioning,[],[],"[""shipping""]","[""shipping""]",pass,[]
web2000-1910,ni:///sha-256;e1f630b9c84c84020eb9bc73f082324a420f4472dd6c14edb1f1ab98ea279f24?ver=CBV2.0,gs1_epcis_visibility_event,GS1 EPCIS public examples,JSON-simple-context/WithSensorData/SensorDataExample13.jsonld,ObjectEvent,sensor_reporting,[],[],[],[],pass,[]
web2000-1911,SensorDataExample14.jsonld:1,gs1_epcis_visibility_event,GS1 EPCIS public examples,JSON-simple-context/WithSensorData/SensorDataExample14.jsonld,ObjectEvent,sensor_reporting,[],[],[],[],pass,[]
web2000-1912,SensorDataExample15.jsonld:1,gs1_epcis_visibility_event,GS1 EPCIS public examples,JSON-simple-context/WithSensorData/SensorDataExample15.jsonld,ObjectEvent,sensor_reporting,[],[],[],[],pass,[]
web2000-1913,SensorDataExample16.jsonld:1,gs1_epcis_visibility_event,GS1 EPCIS public examples,JSON-simple-context/WithSensorData/SensorDataExample16.jsonld,ObjectEvent,sensor_reporting,[],[],[],[],pass,[]
web2000-1914,ni:///sha-256;e1f630b9c84c84020eb9bc73f082324a420f4472dd6c14edb1f1ab98ea279f24?ver=CBV2.0,gs1_epcis_visibility_event,GS1 EPCIS public examples,JSON-simple-context/WithSensorData/SensorDataExample17.jsonld,ObjectEvent,sensor_reporting,[],[],[],[],pass,[]
web2000-1915,ni:///sha-256;e84840e98e15b9c86168ce85ca277af4241dddd3b658f9650a00096c2a09c2f3?ver=CBV2.0,gs1_epcis_visibility_event,GS1 EPCIS public examples,JSON-simple-context/WithSensorData/SensorDataExample1b.jsonld,ObjectEvent,inspecting,[],[],[],[],pass,[]
web2000-1916,ni:///sha-256;0301ed4c40065cde36eb9cc80780312d903a031a91d105639df4e649a9d01200?ver=CBV2.0,gs1_epcis_visibility_event,GS1 EPCIS public examples,JSON-simple-context/WithSensorData/SensorDataExample2.jsonld,ObjectEvent,inspecting,[],[],[],[],pass,[]
web2000-1917,ni:///sha-256;b507b2720c96cd99855eabb101e8617d48622eff4ceaad0a416b3c10dfd316ee?ver=CBV2.0,gs1_epcis_visibility_event,GS1 EPCIS public examples,JSON-simple-context/WithSensorData/SensorDataExample3.jsonld,ObjectEvent,inspecting,[],[],[],[],pass,[]
web2000-1918,ni:///sha-256;7ff1501099b3f5890d310d703fb9f57e251bba0c57d3c049fab590b50323a8e7?ver=CBV2.0,gs1_epcis_visibility_event,GS1 EPCIS public examples,JSON-simple-context/WithSensorData/SensorDataExample4.jsonld,ObjectEvent,inspecting,[],[],[],[],pass,[]
web2000-1919,ni:///sha-256;e13ff14a9b4f3dd11bba60315ed9b849eb8ddf4c5b1a9aa794cd250256730834?ver=CBV2.0,gs1_epcis_visibility_event,GS1 EPCIS public examples,JSON-simple-context/WithSensorData/SensorDataExample5.jsonld,ObjectEvent,inspecting,[],[],[],[],pass,[]
web2000-1920,ni:///sha-256;6aca25c45463182fe3a1ebf60a6b81a165f061b58f4f3c202eb423234386b72e?ver=CBV2.0,gs1_epcis_visibility_event,GS1 EPCIS public examples,JSON-simple-context/WithSensorData/SensorDataExample6.jsonld,ObjectEvent,inspecting,[],[],[],[],pass,[]
web2000-1921,ni:///sha-256;db924230b77cc4d9a7cea4968fd302b06598a2b63e1b0ea011b31d1b5f45e6ac?ver=CBV2.0,gs1_epcis_visibility_event,GS1 EPCIS public examples,JSON-simple-context/WithSensorData/SensorDataExample7.jsonld,ObjectEvent,inspecting,[],[],[],[],pass,[]
web2000-1922,ni:///sha-256;18454584ed96fbb533e4a69b01eefd1bff3edd1e80ef8598957111f4477a0a64?ver=CBV2.0,gs1_epcis_visibility_event,GS1 EPCIS public examples,JSON-simple-context/WithSensorData/SensorDataExample8.jsonld,AggregationEvent,packing,"[""initial_packing""]","[""initial_packing""]",[],[],pass,[]
web2000-1923,SensorDataExample9.jsonld:1,gs1_epcis_visibility_event,GS1 EPCIS public examples,JSON-simple-context/WithSensorData/SensorDataExample9.jsonld,ObjectEvent,sensor_reporting,[],[],[],[],pass,[]
web2000-1924,AssociationEventExamples.xml:4,gs1_epcis_visibility_event,GS1 EPCIS public examples,XML/AssociationEvent/AssociationEventExamples.xml,AssociationEvent,assembling,[],[],[],[],pass,[]
web2000-1925,AssociationEventExamples.xml:14,gs1_epcis_visibility_event,GS1 EPCIS public examples,XML/AssociationEvent/AssociationEventExamples.xml,AssociationEvent,installing,[],[],[],[],pass,[]
web2000-1926,AssociationEventExamples.xml:24,gs1_epcis_visibility_event,GS1 EPCIS public examples,XML/AssociationEvent/AssociationEventExamples.xml,AssociationEvent,removing,[],[],[],[],pass,[]
web2000-1927,AssociationEventExamples.xml:34,gs1_epcis_visibility_event,GS1 EPCIS public examples,XML/AssociationEvent/AssociationEventExamples.xml,AssociationEvent,disassembling,[],[],[],[],pass,[]
web2000-1928,AssociationEventExamples.xml:42,gs1_epcis_visibility_event,GS1 EPCIS public examples,XML/AssociationEvent/AssociationEventExamples.xml,AssociationEvent,assembling,[],[],[],[],pass,[]
web2000-1929,AssociationEventExamples.xml:57,gs1_epcis_visibility_event,GS1 EPCIS public examples,XML/AssociationEvent/AssociationEventExamples.xml,AssociationEvent,installing,[],[],[],[],pass,[]
web2000-1930,AssociationEventExamples.xml:86,gs1_epcis_visibility_event,GS1 EPCIS public examples,XML/AssociationEvent/AssociationEventExamples.xml,AssociationEvent,disassembling,[],[],"[""shipping""]","[""shipping""]",pass,[]
web2000-1931,urn:uuid:fd338495-0e6d-41dd-afee-a862ecd32518,gs1_epcis_visibility_event,GS1 EPCIS public examples,XML/AssociationEvent/AssociationEventExamples.xml,AssociationEvent,disassembling,[],[],[],[],pass,[]
web2000-1932,CBV-11.1-2020-06-16a.xml:4,gs1_epcis_visibility_event,GS1 EPCIS public examples,XML/CBV/CBV-11.1-2020-06-16a.xml,ObjectEvent,commissioning,[],[],[],[],pass,[]
web2000-1933,CBV-11.2-2020-06-16a.xml:4,gs1_epcis_visibility_event,GS1 EPCIS public examples,XML/CBV/CBV-11.2-2020-06-16a.xml,ObjectEvent,commissioning,[],[],[],[],pass,[]
web2000-1934,CBV-11.3-2020-06-16a.xml:4,gs1_epcis_visibility_event,GS1 EPCIS public examples,XML/CBV/CBV-11.3-2020-06-16a.xml,ObjectEvent,quarantined,[],[],[],[],pass,[]
web2000-1935,Example-PersistentDisposition.xml:4,gs1_epcis_visibility_event,GS1 EPCIS public examples,XML/Example-PersistentDisposition.xml,AggregationEvent,receiving,"[""receiving""]","[""receiving""]",[],[],pass,[]
web2000-1936,Example-PersistentDisposition.xml:36,gs1_epcis_visibility_event,GS1 EPCIS public examples,XML/Example-PersistentDisposition.xml,AggregationEvent,unpacking,[],[],[],[],pass,[]
web2000-1937,Example-TransactionEvent-2020_07_03y.xml:4,gs1_epcis_visibility_event,GS1 EPCIS public examples,XML/Example-TransactionEvent-2020_07_03y.xml,TransactionEvent,summarising_discharge,[],[],[],[],pass,[]
web2000-1938,Example-TransactionEvent-2020_07_03y.xml:15,gs1_epcis_visibility_event,GS1 EPCIS public examples,XML/Example-TransactionEvent-2020_07_03y.xml,TransactionEvent,transporting,[],[],[],[],pass,[]
web2000-1939,Example_9.6.1-ObjectEvent-2020_06_18a.xml:4,gs1_epcis_visibility_event,GS1 EPCIS public examples,XML/Example_9.6.1-ObjectEvent-2020_06_18a.xml,ObjectEvent,shipping,"[""shipping""]","[""shipping""]",[],[],pass,[]
web2000-1940,Example_9.6.1-ObjectEvent-2020_06_18a.xml:17,gs1_epcis_visibility_event,GS1 EPCIS public examples,XML/Example_9.6.1-ObjectEvent-2020_06_18a.xml,ObjectEvent,receiving,"[""receiving""]","[""receiving""]",[],[],pass,[]
web2000-1941,Example-associatonEvent-sensor.xml:4,gs1_epcis_visibility_event,GS1 EPCIS public examples,XML/Mimasu/Example-associatonEvent-sensor.xml,AssociationEvent,assembling,[],[],[],[],pass,[]
web2000-1942,Example-associatonEvent-sensor.xml:14,gs1_epcis_visibility_event,GS1 EPCIS public examples,XML/Mimasu/Example-associatonEvent-sensor.xml,AssociationEvent,installing,[],[],[],[],pass,[]
web2000-1943,Example-associatonEvent-sensor.xml:24,gs1_epcis_visibility_event,GS1 EPCIS public examples,XML/Mimasu/Example-associatonEvent-sensor.xml,AssociationEvent,removing,[],[],[],[],pass,[]
web2000-1944,Example-associatonEvent-sensor.xml:34,gs1_epcis_visibility_event,GS1 EPCIS public examples,XML/Mimasu/Example-associatonEvent-sensor.xml,AssociationEvent,disassembling,[],[],[],[],pass,[]
web2000-1945,Example-associatonEvent-sensor.xml:42,gs1_epcis_visibility_event,GS1 EPCIS public examples,XML/Mimasu/Example-associatonEvent-sensor.xml,AssociationEvent,assembling,[],[],[],[],pass,[]
web2000-1946,Example-associatonEvent-sensor.xml:57,gs1_epcis_visibility_event,GS1 EPCIS public examples,XML/Mimasu/Example-associatonEvent-sensor.xml,AssociationEvent,installing,[],[],[],[],pass,[]
web2000-1947,Example-associatonEvent-sensor.xml:82,gs1_epcis_visibility_event,GS1 EPCIS public examples,XML/Mimasu/Example-associatonEvent-sensor.xml,AssociationEvent,disassembling,[],[],"[""shipping""]","[""shipping""]",pass,[]
web2000-1948,urn:uuid:fd338495-0e6d-41dd-afee-a862ecd32518,gs1_epcis_visibility_event,GS1 EPCIS public examples,XML/Mimasu/Example-associatonEvent-sensor.xml,AssociationEvent,disassembling,[],[],[],[],pass,[]
web2000-1949,Example1.xml:4,gs1_epcis_visibility_event,GS1 EPCIS public examples,XML/Mimasu/Example1.xml,ObjectEvent,shipping,"[""shipping""]","[""shipping""]",[],[],pass,[]
web2000-1950,Example1.xml:17,gs1_epcis_visibility_event,GS1 EPCIS public examples,XML/Mimasu/Example1.xml,ObjectEvent,receiving,"[""receiving""]","[""receiving""]",[],[],pass,[]
web2000-1951,Example2.xml:4,gs1_epcis_visibility_event,GS1 EPCIS public examples,XML/Mimasu/Example2.xml,ObjectEvent,receiving,"[""receiving""]","[""receiving""]",[],[],pass,[]
web2000-1952,Example3.xml:4,gs1_epcis_visibility_event,GS1 EPCIS public examples,XML/Mimasu/Example3.xml,AggregationEvent,receiving,"[""receiving""]","[""receiving""]",[],[],pass,[]
web2000-1953,Example4.xml:4,gs1_epcis_visibility_event,GS1 EPCIS public examples,XML/Mimasu/Example4.xml,TransformationEvent,commissioning,"[""transformation""]","[""transformation""]",[],[],pass,[]
web2000-1954,urn:uuid:374d95fc-9457-4a51-bd6a-0bba133845a8,gs1_epcis_visibility_event,GS1 EPCIS public examples,XML/WithErrorDeclaration/ErrorDeclarationAndCorrectiveEvent.xml,TransformationEvent,commissioning,[],[],"[""shipping""]","[""shipping""]",pass,[]
web2000-1955,urn:uuid:404d95fc-9457-4a51-bd6a-0bba133845a8,gs1_epcis_visibility_event,GS1 EPCIS public examples,XML/WithErrorDeclaration/ErrorDeclarationAndCorrectiveEvent.xml,TransformationEvent,commissioning,"[""transformation""]","[""transformation""]",[],[],pass,[]
web2000-1956,event_with_identical_hash_id_1.xml:4,gs1_epcis_visibility_event,GS1 EPCIS public examples,XML/WithEventHashID/event_with_identical_hash_id_1.xml,ObjectEvent,receiving,"[""receiving""]","[""receiving""]",[],[],pass,[]
web2000-1957,event_with_identical_hash_id_2.xml:4,gs1_epcis_visibility_event,GS1 EPCIS public examples,XML/WithEventHashID/event_with_identical_hash_id_2.xml,ObjectEvent,receiving,"[""receiving""]","[""receiving""]",[],[],pass,[]
web2000-1958,event_with_identical_hash_id_3.xml:4,gs1_epcis_visibility_event,GS1 EPCIS public examples,XML/WithEventHashID/event_with_identical_hash_id_3.xml,ObjectEvent,receiving,"[""receiving""]","[""receiving""]",[],[],pass,[]
web2000-1959,event_with_identical_hash_id_4.xml:4,gs1_epcis_visibility_event,GS1 EPCIS public examples,XML/WithEventHashID/event_with_identical_hash_id_4.xml,ObjectEvent,receiving,"[""receiving""]","[""receiving""]",[],[],pass,[]
web2000-1960,event_with_identical_hash_id_5.xml:4,gs1_epcis_visibility_event,GS1 EPCIS public examples,XML/WithEventHashID/event_with_identical_hash_id_5.xml,ObjectEvent,receiving,"[""receiving""]","[""receiving""]",[],[],pass,[]
web2000-1961,event_with_identical_hash_id_6.xml:4,gs1_epcis_visibility_event,GS1 EPCIS public examples,XML/WithEventHashID/event_with_identical_hash_id_6.xml,ObjectEvent,receiving,"[""receiving""]","[""receiving""]",[],[],pass,[]
web2000-1962,AggregationEvent.xml:4,gs1_epcis_visibility_event,GS1 EPCIS public examples,XML/WithExtension/AggregationEvent.xml,AggregationEvent,receiving,"[""receiving""]","[""receiving""]",[],[],pass,[]
web2000-1963,AssociationEvent.xml:4,gs1_epcis_visibility_event,GS1 EPCIS public examples,XML/WithExtension/AssociationEvent.xml,AssociationEvent,assembling,[],[],[],[],pass,[]
web2000-1964,ObjectEvent.xml:4,gs1_epcis_visibility_event,GS1 EPCIS public examples,XML/WithExtension/ObjectEvent.xml,ObjectEvent,shipping,"[""shipping""]","[""shipping""]",[],[],pass,[]
web2000-1965,ObjectEvent.xml:19,gs1_epcis_visibility_event,GS1 EPCIS public examples,XML/WithExtension/ObjectEvent.xml,ObjectEvent,commissioning,[],[],[],[],pass,[]
web2000-1966,TransactionEvent.xml:4,gs1_epcis_visibility_event,GS1 EPCIS public examples,XML/WithExtension/TransactionEvent.xml,TransactionEvent,inspecting,[],[],[],[],pass,[]
web2000-1967,TransformationEvent.xml:4,gs1_epcis_visibility_event,GS1 EPCIS public examples,XML/WithExtension/TransformationEvent.xml,TransformationEvent,commissioning,[],[],"[""shipping""]","[""shipping""]",pass,[]
web2000-1968,aggregation_event_all_possible_fields.xml:4,gs1_epcis_visibility_event,GS1 EPCIS public examples,XML/WithFullCombinationOfFields/aggregation_event_all_possible_fields.xml,AggregationEvent,receiving,"[""receiving""]","[""receiving""]",[],[],pass,[]
web2000-1969,association_event_all_possible_fields.xml:4,gs1_epcis_visibility_event,GS1 EPCIS public examples,XML/WithFullCombinationOfFields/association_event_all_possible_fields.xml,AssociationEvent,assembling,[],[],[],[],pass,[]
web2000-1970,object_event_all_possible_fields.xml:4,gs1_epcis_visibility_event,GS1 EPCIS public examples,XML/WithFullCombinationOfFields/object_event_all_possible_fields.xml,ObjectEvent,receiving,"[""receiving""]","[""receiving""]",[],[],pass,[]
web2000-1971,transaction_event_all_possible_fields.xml:4,gs1_epcis_visibility_event,GS1 EPCIS public examples,XML/WithFullCombinationOfFields/transaction_event_all_possible_fields.xml,TransactionEvent,shipping,"[""shipping""]","[""shipping""]",[],[],pass,[]
web2000-1972,transformation_event_all_possible_fields.xml:4,gs1_epcis_visibility_event,GS1 EPCIS public examples,XML/WithFullCombinationOfFields/transformation_event_all_possible_fields.xml,TransformationEvent,commissioning,"[""transformation""]","[""transformation""]",[],[],pass,[]
web2000-1973,SensorDataExamples.xml:4,gs1_epcis_visibility_event,GS1 EPCIS public examples,XML/WithSensorData/SensorDataExamples.xml,ObjectEvent,inspecting,[],[],[],[],pass,[]
web2000-1974,SensorDataExamples.xml:32,gs1_epcis_visibility_event,GS1 EPCIS public examples,XML/WithSensorData/SensorDataExamples.xml,ObjectEvent,inspecting,[],[],[],[],pass,[]
web2000-1975,SensorDataExamples.xml:48,gs1_epcis_visibility_event,GS1 EPCIS public examples,XML/WithSensorData/SensorDataExamples.xml,ObjectEvent,inspecting,[],[],[],[],pass,[]
web2000-1976,SensorDataExamples.xml:61,gs1_epcis_visibility_event,GS1 EPCIS public examples,XML/WithSensorData/SensorDataExamples.xml,ObjectEvent,inspecting,[],[],[],[],pass,[]
web2000-1977,SensorDataExamples.xml:81,gs1_epcis_visibility_event,GS1 EPCIS public examples,XML/WithSensorData/SensorDataExamples.xml,ObjectEvent,inspecting,[],[],[],[],pass,[]
web2000-1978,SensorDataExamples.xml:99,gs1_epcis_visibility_event,GS1 EPCIS public examples,XML/WithSensorData/SensorDataExamples.xml,ObjectEvent,inspecting,[],[],[],[],pass,[]
web2000-1979,SensorDataExamples.xml:115,gs1_epcis_visibility_event,GS1 EPCIS public examples,XML/WithSensorData/SensorDataExamples.xml,ObjectEvent,inspecting,[],[],[],[],pass,[]
web2000-1980,SensorDataExamples.xml:133,gs1_epcis_visibility_event,GS1 EPCIS public examples,XML/WithSensorData/SensorDataExamples.xml,AggregationEvent,packing,"[""initial_packing""]","[""initial_packing""]",[],[],pass,[]
web2000-1981,SensorDataExamples.xml:164,gs1_epcis_visibility_event,GS1 EPCIS public examples,XML/WithSensorData/SensorDataExamples.xml,ObjectEvent,sensor_reporting,[],[],[],[],pass,[]
web2000-1982,SensorDataExamples.xml:177,gs1_epcis_visibility_event,GS1 EPCIS public examples,XML/WithSensorData/SensorDataExamples.xml,ObjectEvent,sensor_reporting,[],[],[],[],pass,[]
web2000-1983,SensorDataExamples.xml:191,gs1_epcis_visibility_event,GS1 EPCIS public examples,XML/WithSensorData/SensorDataExamples.xml,TransactionEvent,inspecting,[],[],[],[],pass,[]
web2000-1984,SensorDataExamples.xml:207,gs1_epcis_visibility_event,GS1 EPCIS public examples,XML/WithSensorData/SensorDataExamples.xml,TransformationEvent,commissioning,[],[],"[""shipping""]","[""shipping""]",pass,[]
web2000-1985,SensorDataExamples.xml:251,gs1_epcis_visibility_event,GS1 EPCIS public examples,XML/WithSensorData/SensorDataExamples.xml,ObjectEvent,Bizstep-sensor_reporting,[],[],[],[],pass,[]
web2000-1986,SensorDataExamples.xml:264,gs1_epcis_visibility_event,GS1 EPCIS public examples,XML/WithSensorData/SensorDataExamples.xml,ObjectEvent,Bizstep-sensor_reporting,[],[],[],[],pass,[]
web2000-1987,AggregationEvent.xml:4,gs1_epcis_visibility_event,GS1 EPCIS public examples,XSL/1.2/XML/AggregationEvent.xml,AggregationEvent,receiving,"[""receiving""]","[""receiving""]",[],[],pass,[]
web2000-1988,AssociationEvent.xml:6,gs1_epcis_visibility_event,GS1 EPCIS public examples,XSL/1.2/XML/AssociationEvent.xml,AssociationEvent,assembling,[],[],[],[],pass,[]
web2000-1989,AssociationEvent.xml:18,gs1_epcis_visibility_event,GS1 EPCIS public examples,XSL/1.2/XML/AssociationEvent.xml,AssociationEvent,installing,[],[],[],[],pass,[]
web2000-1990,AssociationEvent.xml:30,gs1_epcis_visibility_event,GS1 EPCIS public examples,XSL/1.2/XML/AssociationEvent.xml,AssociationEvent,removing,[],[],[],[],pass,[]
web2000-1991,AssociationEvent.xml:42,gs1_epcis_visibility_event,GS1 EPCIS public examples,XSL/1.2/XML/AssociationEvent.xml,AssociationEvent,disassembling,[],[],[],[],pass,[]
web2000-1992,AssociationEvent.xml:52,gs1_epcis_visibility_event,GS1 EPCIS public examples,XSL/1.2/XML/AssociationEvent.xml,AssociationEvent,assembling,[],[],[],[],pass,[]
web2000-1993,AssociationEvent.xml:69,gs1_epcis_visibility_event,GS1 EPCIS public examples,XSL/1.2/XML/AssociationEvent.xml,AssociationEvent,installing,[],[],[],[],pass,[]
web2000-1994,AssociationEvent.xml:96,gs1_epcis_visibility_event,GS1 EPCIS public examples,XSL/1.2/XML/AssociationEvent.xml,AssociationEvent,disassembling,[],[],[],[],pass,[]
web2000-1995,AssociationEvent.xml:112,gs1_epcis_visibility_event,GS1 EPCIS public examples,XSL/1.2/XML/AssociationEvent.xml,AssociationEvent,disassembling,[],[],[],[],pass,[]
web2000-1996,ObjectEvent.xml:4,gs1_epcis_visibility_event,GS1 EPCIS public examples,XSL/1.2/XML/ObjectEvent.xml,ObjectEvent,shipping,"[""shipping""]","[""shipping""]",[],[],pass,[]
web2000-1997,ObjectEvent.xml:17,gs1_epcis_visibility_event,GS1 EPCIS public examples,XSL/1.2/XML/ObjectEvent.xml,ObjectEvent,receiving,"[""receiving""]","[""receiving""]",[],[],pass,[]
web2000-1998,TransactionEvent.xml:4,gs1_epcis_visibility_event,GS1 EPCIS public examples,XSL/1.2/XML/TransactionEvent.xml,TransactionEvent,summarising_discharge,[],[],[],[],pass,[]
web2000-1999,TransactionEvent.xml:15,gs1_epcis_visibility_event,GS1 EPCIS public examples,XSL/1.2/XML/TransactionEvent.xml,TransactionEvent,transporting,[],[],[],[],pass,[]
web2000-2000,TransformationEvent.xml:5,gs1_epcis_visibility_event,GS1 EPCIS public examples,XSL/1.2/XML/TransformationEvent.xml,TransformationEvent,commissioning,"[""transformation""]","[""transformation""]",[],[],pass,[]
