record_id,scenario_family,source_name,source_url,source_basis,product,product_category,lot_or_batch,observed_text,expected_ctes,expected_abstentions,gold_label_method
web500-0001,gs1-ship-bizstep,GS1 EPCIS Standard,https://ref.gs1.org/standards/epcis/,"EPCIS defines visibility event data, shipping business-step examples, and TransformationEvent input/output semantics.",fresh basil,fresh herbs,BASIL-LOT-042,EPCIS ObjectEvent uses bizStep shipping for fresh basil lot BASIL-LOT-042 moving from supplier to buyer.,"[""shipping""]",[],manual_label_from_public_source_pattern
web500-0002,gs1-ship-bizstep,GS1 EPCIS Standard,https://ref.gs1.org/standards/epcis/,"EPCIS defines visibility event data, shipping business-step examples, and TransformationEvent input/output semantics.",fresh cucumber,fresh produce,CUC-LOT-118,EPCIS ObjectEvent uses bizStep shipping for fresh cucumber lot CUC-LOT-118 moving from supplier to buyer.,"[""shipping""]",[],manual_label_from_public_source_pattern
web500-0003,gs1-ship-bizstep,GS1 EPCIS Standard,https://ref.gs1.org/standards/epcis/,"EPCIS defines visibility event data, shipping business-step examples, and TransformationEvent input/output semantics.",fresh sprouts,sprouts,SPR-LOT-220,EPCIS ObjectEvent uses bizStep shipping for fresh sprouts lot SPR-LOT-220 moving from supplier to buyer.,"[""shipping""]",[],manual_label_from_public_source_pattern
web500-0004,gs1-ship-bizstep,GS1 EPCIS Standard,https://ref.gs1.org/standards/epcis/,"EPCIS defines visibility event data, shipping business-step examples, and TransformationEvent input/output semantics.",fresh tuna,seafood,TUNA-LOT-771,EPCIS ObjectEvent uses bizStep shipping for fresh tuna lot TUNA-LOT-771 moving from supplier to buyer.,"[""shipping""]",[],manual_label_from_public_source_pattern
web500-0005,gs1-ship-bizstep,GS1 EPCIS Standard,https://ref.gs1.org/standards/epcis/,"EPCIS defines visibility event data, shipping business-step examples, and TransformationEvent input/output semantics.",soft cheese,soft cheese,CHEESE-LOT-319,EPCIS ObjectEvent uses bizStep shipping for soft cheese lot CHEESE-LOT-319 moving from supplier to buyer.,"[""shipping""]",[],manual_label_from_public_source_pattern
web500-0006,gs1-ship-bizstep,GS1 EPCIS Standard,https://ref.gs1.org/standards/epcis/,"EPCIS defines visibility event data, shipping business-step examples, and TransformationEvent input/output semantics.",bulk olive oil,oil ingredient,OIL-LOT-540,EPCIS ObjectEvent uses bizStep shipping for bulk olive oil lot OIL-LOT-540 moving from supplier to buyer.,"[""shipping""]",[],manual_label_from_public_source_pattern
web500-0007,gs1-ship-bizstep,GS1 EPCIS Standard,https://ref.gs1.org/standards/epcis/,"EPCIS defines visibility event data, shipping business-step examples, and TransformationEvent input/output semantics.",bottled olive oil,finished oil,BOT-OIL-903,EPCIS ObjectEvent uses bizStep shipping for bottled olive oil lot BOT-OIL-903 moving from supplier to buyer.,"[""shipping""]",[],manual_label_from_public_source_pattern
web500-0008,gs1-ship-bizstep,GS1 EPCIS Standard,https://ref.gs1.org/standards/epcis/,"EPCIS defines visibility event data, shipping business-step examples, and TransformationEvent input/output semantics.",fresh grapes,fresh produce,GRAPE-LOT-104,EPCIS ObjectEvent uses bizStep shipping for fresh grapes lot GRAPE-LOT-104 moving from supplier to buyer.,"[""shipping""]",[],manual_label_from_public_source_pattern
web500-0009,gs1-ship-bizstep,GS1 EPCIS Standard,https://ref.gs1.org/standards/epcis/,"EPCIS defines visibility event data, shipping business-step examples, and TransformationEvent input/output semantics.",leaf lettuce,leafy greens,LETT-LOT-514,EPCIS ObjectEvent uses bizStep shipping for leaf lettuce lot LETT-LOT-514 moving from supplier to buyer.,"[""shipping""]",[],manual_label_from_public_source_pattern
web500-0010,gs1-ship-bizstep,GS1 EPCIS Standard,https://ref.gs1.org/standards/epcis/,"EPCIS defines visibility event data, shipping business-step examples, and TransformationEvent input/output semantics.",prepared deli salad,prepared food,DELI-LOT-822,EPCIS ObjectEvent uses bizStep shipping for prepared deli salad lot DELI-LOT-822 moving from supplier to buyer.,"[""shipping""]",[],manual_label_from_public_source_pattern
web500-0011,gs1-receive-bizstep,GS1 EPCIS Standard,https://ref.gs1.org/standards/epcis/,"EPCIS defines visibility event data, shipping business-step examples, and TransformationEvent input/output semantics.",fresh basil,fresh herbs,BASIL-LOT-042,EPCIS ObjectEvent uses bizStep receiving when fresh basil lot BASIL-LOT-042 enters the distribution center.,"[""receiving""]",[],manual_label_from_public_source_pattern
web500-0012,gs1-receive-bizstep,GS1 EPCIS Standard,https://ref.gs1.org/standards/epcis/,"EPCIS defines visibility event data, shipping business-step examples, and TransformationEvent input/output semantics.",fresh cucumber,fresh produce,CUC-LOT-118,EPCIS ObjectEvent uses bizStep receiving when fresh cucumber lot CUC-LOT-118 enters the distribution center.,"[""receiving""]",[],manual_label_from_public_source_pattern
web500-0013,gs1-receive-bizstep,GS1 EPCIS Standard,https://ref.gs1.org/standards/epcis/,"EPCIS defines visibility event data, shipping business-step examples, and TransformationEvent input/output semantics.",fresh sprouts,sprouts,SPR-LOT-220,EPCIS ObjectEvent uses bizStep receiving when fresh sprouts lot SPR-LOT-220 enters the distribution center.,"[""receiving""]",[],manual_label_from_public_source_pattern
web500-0014,gs1-receive-bizstep,GS1 EPCIS Standard,https://ref.gs1.org/standards/epcis/,"EPCIS defines visibility event data, shipping business-step examples, and TransformationEvent input/output semantics.",fresh tuna,seafood,TUNA-LOT-771,EPCIS ObjectEvent uses bizStep receiving when fresh tuna lot TUNA-LOT-771 enters the distribution center.,"[""receiving""]",[],manual_label_from_public_source_pattern
web500-0015,gs1-receive-bizstep,GS1 EPCIS Standard,https://ref.gs1.org/standards/epcis/,"EPCIS defines visibility event data, shipping business-step examples, and TransformationEvent input/output semantics.",soft cheese,soft cheese,CHEESE-LOT-319,EPCIS ObjectEvent uses bizStep receiving when soft cheese lot CHEESE-LOT-319 enters the distribution center.,"[""receiving""]",[],manual_label_from_public_source_pattern
web500-0016,gs1-receive-bizstep,GS1 EPCIS Standard,https://ref.gs1.org/standards/epcis/,"EPCIS defines visibility event data, shipping business-step examples, and TransformationEvent input/output semantics.",bulk olive oil,oil ingredient,OIL-LOT-540,EPCIS ObjectEvent uses bizStep receiving when bulk olive oil lot OIL-LOT-540 enters the distribution center.,"[""receiving""]",[],manual_label_from_public_source_pattern
web500-0017,gs1-receive-bizstep,GS1 EPCIS Standard,https://ref.gs1.org/standards/epcis/,"EPCIS defines visibility event data, shipping business-step examples, and TransformationEvent input/output semantics.",bottled olive oil,finished oil,BOT-OIL-903,EPCIS ObjectEvent uses bizStep receiving when bottled olive oil lot BOT-OIL-903 enters the distribution center.,"[""receiving""]",[],manual_label_from_public_source_pattern
web500-0018,gs1-receive-bizstep,GS1 EPCIS Standard,https://ref.gs1.org/standards/epcis/,"EPCIS defines visibility event data, shipping business-step examples, and TransformationEvent input/output semantics.",fresh grapes,fresh produce,GRAPE-LOT-104,EPCIS ObjectEvent uses bizStep receiving when fresh grapes lot GRAPE-LOT-104 enters the distribution center.,"[""receiving""]",[],manual_label_from_public_source_pattern
web500-0019,gs1-receive-bizstep,GS1 EPCIS Standard,https://ref.gs1.org/standards/epcis/,"EPCIS defines visibility event data, shipping business-step examples, and TransformationEvent input/output semantics.",leaf lettuce,leafy greens,LETT-LOT-514,EPCIS ObjectEvent uses bizStep receiving when leaf lettuce lot LETT-LOT-514 enters the distribution center.,"[""receiving""]",[],manual_label_from_public_source_pattern
web500-0020,gs1-receive-bizstep,GS1 EPCIS Standard,https://ref.gs1.org/standards/epcis/,"EPCIS defines visibility event data, shipping business-step examples, and TransformationEvent input/output semantics.",prepared deli salad,prepared food,DELI-LOT-822,EPCIS ObjectEvent uses bizStep receiving when prepared deli salad lot DELI-LOT-822 enters the distribution center.,"[""receiving""]",[],manual_label_from_public_source_pattern
web500-0021,gs1-transform-input-output,GS1 EPCIS Standard,https://ref.gs1.org/standards/epcis/,"EPCIS defines visibility event data, shipping business-step examples, and TransformationEvent input/output semantics.",fresh basil,fresh herbs,BASIL-LOT-042,EPCIS TransformationEvent consumes input lot BASIL-LOT-042 and produces output lot OUT-BASIL-LOT-042.,"[""transformation""]",[],manual_label_from_public_source_pattern
web500-0022,gs1-transform-input-output,GS1 EPCIS Standard,https://ref.gs1.org/standards/epcis/,"EPCIS defines visibility event data, shipping business-step examples, and TransformationEvent input/output semantics.",fresh cucumber,fresh produce,CUC-LOT-118,EPCIS TransformationEvent consumes input lot CUC-LOT-118 and produces output lot OUT-CUC-LOT-118.,"[""transformation""]",[],manual_label_from_public_source_pattern
web500-0023,gs1-transform-input-output,GS1 EPCIS Standard,https://ref.gs1.org/standards/epcis/,"EPCIS defines visibility event data, shipping business-step examples, and TransformationEvent input/output semantics.",fresh sprouts,sprouts,SPR-LOT-220,EPCIS TransformationEvent consumes input lot SPR-LOT-220 and produces output lot OUT-SPR-LOT-220.,"[""transformation""]",[],manual_label_from_public_source_pattern
web500-0024,gs1-transform-input-output,GS1 EPCIS Standard,https://ref.gs1.org/standards/epcis/,"EPCIS defines visibility event data, shipping business-step examples, and TransformationEvent input/output semantics.",fresh tuna,seafood,TUNA-LOT-771,EPCIS TransformationEvent consumes input lot TUNA-LOT-771 and produces output lot OUT-TUNA-LOT-771.,"[""transformation""]",[],manual_label_from_public_source_pattern
web500-0025,gs1-transform-input-output,GS1 EPCIS Standard,https://ref.gs1.org/standards/epcis/,"EPCIS defines visibility event data, shipping business-step examples, and TransformationEvent input/output semantics.",soft cheese,soft cheese,CHEESE-LOT-319,EPCIS TransformationEvent consumes input lot CHEESE-LOT-319 and produces output lot OUT-CHEESE-LOT-319.,"[""transformation""]",[],manual_label_from_public_source_pattern
web500-0026,gs1-transform-input-output,GS1 EPCIS Standard,https://ref.gs1.org/standards/epcis/,"EPCIS defines visibility event data, shipping business-step examples, and TransformationEvent input/output semantics.",bulk olive oil,oil ingredient,OIL-LOT-540,EPCIS TransformationEvent consumes input lot OIL-LOT-540 and produces output lot OUT-OIL-LOT-540.,"[""transformation""]",[],manual_label_from_public_source_pattern
web500-0027,gs1-transform-input-output,GS1 EPCIS Standard,https://ref.gs1.org/standards/epcis/,"EPCIS defines visibility event data, shipping business-step examples, and TransformationEvent input/output semantics.",bottled olive oil,finished oil,BOT-OIL-903,EPCIS TransformationEvent consumes input lot BOT-OIL-903 and produces output lot OUT-BOT-OIL-903.,"[""transformation""]",[],manual_label_from_public_source_pattern
web500-0028,gs1-transform-input-output,GS1 EPCIS Standard,https://ref.gs1.org/standards/epcis/,"EPCIS defines visibility event data, shipping business-step examples, and TransformationEvent input/output semantics.",fresh grapes,fresh produce,GRAPE-LOT-104,EPCIS TransformationEvent consumes input lot GRAPE-LOT-104 and produces output lot OUT-GRAPE-LOT-104.,"[""transformation""]",[],manual_label_from_public_source_pattern
web500-0029,gs1-transform-input-output,GS1 EPCIS Standard,https://ref.gs1.org/standards/epcis/,"EPCIS defines visibility event data, shipping business-step examples, and TransformationEvent input/output semantics.",leaf lettuce,leafy greens,LETT-LOT-514,EPCIS TransformationEvent consumes input lot LETT-LOT-514 and produces output lot OUT-LETT-LOT-514.,"[""transformation""]",[],manual_label_from_public_source_pattern
web500-0030,gs1-transform-input-output,GS1 EPCIS Standard,https://ref.gs1.org/standards/epcis/,"EPCIS defines visibility event data, shipping business-step examples, and TransformationEvent input/output semantics.",prepared deli salad,prepared food,DELI-LOT-822,EPCIS TransformationEvent consumes input lot DELI-LOT-822 and produces output lot OUT-DELI-LOT-822.,"[""transformation""]",[],manual_label_from_public_source_pattern
web500-0031,gs1-pallet-shipping,GS1 EPCIS Standard,https://ref.gs1.org/standards/epcis/,"EPCIS defines visibility event data, shipping business-step examples, and TransformationEvent input/output semantics.",fresh basil,fresh herbs,BASIL-LOT-042,Pallet shipping event records fresh basil lot BASIL-LOT-042 through shipping dock S2.,"[""shipping""]",[],manual_label_from_public_source_pattern
web500-0032,gs1-pallet-shipping,GS1 EPCIS Standard,https://ref.gs1.org/standards/epcis/,"EPCIS defines visibility event data, shipping business-step examples, and TransformationEvent input/output semantics.",fresh cucumber,fresh produce,CUC-LOT-118,Pallet shipping event records fresh cucumber lot CUC-LOT-118 through shipping dock S2.,"[""shipping""]",[],manual_label_from_public_source_pattern
web500-0033,gs1-pallet-shipping,GS1 EPCIS Standard,https://ref.gs1.org/standards/epcis/,"EPCIS defines visibility event data, shipping business-step examples, and TransformationEvent input/output semantics.",fresh sprouts,sprouts,SPR-LOT-220,Pallet shipping event records fresh sprouts lot SPR-LOT-220 through shipping dock S2.,"[""shipping""]",[],manual_label_from_public_source_pattern
web500-0034,gs1-pallet-shipping,GS1 EPCIS Standard,https://ref.gs1.org/standards/epcis/,"EPCIS defines visibility event data, shipping business-step examples, and TransformationEvent input/output semantics.",fresh tuna,seafood,TUNA-LOT-771,Pallet shipping event records fresh tuna lot TUNA-LOT-771 through shipping dock S2.,"[""shipping""]",[],manual_label_from_public_source_pattern
web500-0035,gs1-pallet-shipping,GS1 EPCIS Standard,https://ref.gs1.org/standards/epcis/,"EPCIS defines visibility event data, shipping business-step examples, and TransformationEvent input/output semantics.",soft cheese,soft cheese,CHEESE-LOT-319,Pallet shipping event records soft cheese lot CHEESE-LOT-319 through shipping dock S2.,"[""shipping""]",[],manual_label_from_public_source_pattern
web500-0036,gs1-pallet-shipping,GS1 EPCIS Standard,https://ref.gs1.org/standards/epcis/,"EPCIS defines visibility event data, shipping business-step examples, and TransformationEvent input/output semantics.",bulk olive oil,oil ingredient,OIL-LOT-540,Pallet shipping event records bulk olive oil lot OIL-LOT-540 through shipping dock S2.,"[""shipping""]",[],manual_label_from_public_source_pattern
web500-0037,gs1-pallet-shipping,GS1 EPCIS Standard,https://ref.gs1.org/standards/epcis/,"EPCIS defines visibility event data, shipping business-step examples, and TransformationEvent input/output semantics.",bottled olive oil,finished oil,BOT-OIL-903,Pallet shipping event records bottled olive oil lot BOT-OIL-903 through shipping dock S2.,"[""shipping""]",[],manual_label_from_public_source_pattern
web500-0038,gs1-pallet-shipping,GS1 EPCIS Standard,https://ref.gs1.org/standards/epcis/,"EPCIS defines visibility event data, shipping business-step examples, and TransformationEvent input/output semantics.",fresh grapes,fresh produce,GRAPE-LOT-104,Pallet shipping event records fresh grapes lot GRAPE-LOT-104 through shipping dock S2.,"[""shipping""]",[],manual_label_from_public_source_pattern
web500-0039,gs1-pallet-shipping,GS1 EPCIS Standard,https://ref.gs1.org/standards/epcis/,"EPCIS defines visibility event data, shipping business-step examples, and TransformationEvent input/output semantics.",leaf lettuce,leafy greens,LETT-LOT-514,Pallet shipping event records leaf lettuce lot LETT-LOT-514 through shipping dock S2.,"[""shipping""]",[],manual_label_from_public_source_pattern
web500-0040,gs1-pallet-shipping,GS1 EPCIS Standard,https://ref.gs1.org/standards/epcis/,"EPCIS defines visibility event data, shipping business-step examples, and TransformationEvent input/output semantics.",prepared deli salad,prepared food,DELI-LOT-822,Pallet shipping event records prepared deli salad lot DELI-LOT-822 through shipping dock S2.,"[""shipping""]",[],manual_label_from_public_source_pattern
web500-0041,gs1-aggregation-only,GS1 EPCIS Standard,https://ref.gs1.org/standards/epcis/,"EPCIS defines visibility event data, shipping business-step examples, and TransformationEvent input/output semantics.",fresh basil,fresh herbs,BASIL-LOT-042,AggregationEvent groups cases of fresh basil lot BASIL-LOT-042 onto pallet PAL-BASIL-LOT-042 with no movement.,[],[],manual_label_from_public_source_pattern
web500-0042,gs1-aggregation-only,GS1 EPCIS Standard,https://ref.gs1.org/standards/epcis/,"EPCIS defines visibility event data, shipping business-step examples, and TransformationEvent input/output semantics.",fresh cucumber,fresh produce,CUC-LOT-118,AggregationEvent groups cases of fresh cucumber lot CUC-LOT-118 onto pallet PAL-CUC-LOT-118 with no movement.,[],[],manual_label_from_public_source_pattern
web500-0043,gs1-aggregation-only,GS1 EPCIS Standard,https://ref.gs1.org/standards/epcis/,"EPCIS defines visibility event data, shipping business-step examples, and TransformationEvent input/output semantics.",fresh sprouts,sprouts,SPR-LOT-220,AggregationEvent groups cases of fresh sprouts lot SPR-LOT-220 onto pallet PAL-SPR-LOT-220 with no movement.,[],[],manual_label_from_public_source_pattern
web500-0044,gs1-aggregation-only,GS1 EPCIS Standard,https://ref.gs1.org/standards/epcis/,"EPCIS defines visibility event data, shipping business-step examples, and TransformationEvent input/output semantics.",fresh tuna,seafood,TUNA-LOT-771,AggregationEvent groups cases of fresh tuna lot TUNA-LOT-771 onto pallet PAL-TUNA-LOT-771 with no movement.,[],[],manual_label_from_public_source_pattern
web500-0045,gs1-aggregation-only,GS1 EPCIS Standard,https://ref.gs1.org/standards/epcis/,"EPCIS defines visibility event data, shipping business-step examples, and TransformationEvent input/output semantics.",soft cheese,soft cheese,CHEESE-LOT-319,AggregationEvent groups cases of soft cheese lot CHEESE-LOT-319 onto pallet PAL-CHEESE-LOT-319 with no movement.,[],[],manual_label_from_public_source_pattern
web500-0046,gs1-aggregation-only,GS1 EPCIS Standard,https://ref.gs1.org/standards/epcis/,"EPCIS defines visibility event data, shipping business-step examples, and TransformationEvent input/output semantics.",bulk olive oil,oil ingredient,OIL-LOT-540,AggregationEvent groups cases of bulk olive oil lot OIL-LOT-540 onto pallet PAL-OIL-LOT-540 with no movement.,[],[],manual_label_from_public_source_pattern
web500-0047,gs1-aggregation-only,GS1 EPCIS Standard,https://ref.gs1.org/standards/epcis/,"EPCIS defines visibility event data, shipping business-step examples, and TransformationEvent input/output semantics.",bottled olive oil,finished oil,BOT-OIL-903,AggregationEvent groups cases of bottled olive oil lot BOT-OIL-903 onto pallet PAL-BOT-OIL-903 with no movement.,[],[],manual_label_from_public_source_pattern
web500-0048,gs1-aggregation-only,GS1 EPCIS Standard,https://ref.gs1.org/standards/epcis/,"EPCIS defines visibility event data, shipping business-step examples, and TransformationEvent input/output semantics.",fresh grapes,fresh produce,GRAPE-LOT-104,AggregationEvent groups cases of fresh grapes lot GRAPE-LOT-104 onto pallet PAL-GRAPE-LOT-104 with no movement.,[],[],manual_label_from_public_source_pattern
web500-0049,gs1-aggregation-only,GS1 EPCIS Standard,https://ref.gs1.org/standards/epcis/,"EPCIS defines visibility event data, shipping business-step examples, and TransformationEvent input/output semantics.",leaf lettuce,leafy greens,LETT-LOT-514,AggregationEvent groups cases of leaf lettuce lot LETT-LOT-514 onto pallet PAL-LETT-LOT-514 with no movement.,[],[],manual_label_from_public_source_pattern
web500-0050,gs1-aggregation-only,GS1 EPCIS Standard,https://ref.gs1.org/standards/epcis/,"EPCIS defines visibility event data, shipping business-step examples, and TransformationEvent input/output semantics.",prepared deli salad,prepared food,DELI-LOT-822,AggregationEvent groups cases of prepared deli salad lot DELI-LOT-822 onto pallet PAL-DELI-LOT-822 with no movement.,[],[],manual_label_from_public_source_pattern
web500-0051,gs1-error-declaration,GS1 EPCIS Standard,https://ref.gs1.org/standards/epcis/,"EPCIS defines visibility event data, shipping business-step examples, and TransformationEvent input/output semantics.",fresh basil,fresh herbs,BASIL-LOT-042,EPCIS error declaration says a prior fresh basil event for lot BASIL-LOT-042 was incorrect.,[],"[""shipping""]",manual_label_from_public_source_pattern
web500-0052,gs1-error-declaration,GS1 EPCIS Standard,https://ref.gs1.org/standards/epcis/,"EPCIS defines visibility event data, shipping business-step examples, and TransformationEvent input/output semantics.",fresh cucumber,fresh produce,CUC-LOT-118,EPCIS error declaration says a prior fresh cucumber event for lot CUC-LOT-118 was incorrect.,[],"[""shipping""]",manual_label_from_public_source_pattern
web500-0053,gs1-error-declaration,GS1 EPCIS Standard,https://ref.gs1.org/standards/epcis/,"EPCIS defines visibility event data, shipping business-step examples, and TransformationEvent input/output semantics.",fresh sprouts,sprouts,SPR-LOT-220,EPCIS error declaration says a prior fresh sprouts event for lot SPR-LOT-220 was incorrect.,[],"[""shipping""]",manual_label_from_public_source_pattern
web500-0054,gs1-error-declaration,GS1 EPCIS Standard,https://ref.gs1.org/standards/epcis/,"EPCIS defines visibility event data, shipping business-step examples, and TransformationEvent input/output semantics.",fresh tuna,seafood,TUNA-LOT-771,EPCIS error declaration says a prior fresh tuna event for lot TUNA-LOT-771 was incorrect.,[],"[""shipping""]",manual_label_from_public_source_pattern
web500-0055,gs1-error-declaration,GS1 EPCIS Standard,https://ref.gs1.org/standards/epcis/,"EPCIS defines visibility event data, shipping business-step examples, and TransformationEvent input/output semantics.",soft cheese,soft cheese,CHEESE-LOT-319,EPCIS error declaration says a prior soft cheese event for lot CHEESE-LOT-319 was incorrect.,[],"[""shipping""]",manual_label_from_public_source_pattern
web500-0056,gs1-error-declaration,GS1 EPCIS Standard,https://ref.gs1.org/standards/epcis/,"EPCIS defines visibility event data, shipping business-step examples, and TransformationEvent input/output semantics.",bulk olive oil,oil ingredient,OIL-LOT-540,EPCIS error declaration says a prior bulk olive oil event for lot OIL-LOT-540 was incorrect.,[],"[""shipping""]",manual_label_from_public_source_pattern
web500-0057,gs1-error-declaration,GS1 EPCIS Standard,https://ref.gs1.org/standards/epcis/,"EPCIS defines visibility event data, shipping business-step examples, and TransformationEvent input/output semantics.",bottled olive oil,finished oil,BOT-OIL-903,EPCIS error declaration says a prior bottled olive oil event for lot BOT-OIL-903 was incorrect.,[],"[""shipping""]",manual_label_from_public_source_pattern
web500-0058,gs1-error-declaration,GS1 EPCIS Standard,https://ref.gs1.org/standards/epcis/,"EPCIS defines visibility event data, shipping business-step examples, and TransformationEvent input/output semantics.",fresh grapes,fresh produce,GRAPE-LOT-104,EPCIS error declaration says a prior fresh grapes event for lot GRAPE-LOT-104 was incorrect.,[],"[""shipping""]",manual_label_from_public_source_pattern
web500-0059,gs1-error-declaration,GS1 EPCIS Standard,https://ref.gs1.org/standards/epcis/,"EPCIS defines visibility event data, shipping business-step examples, and TransformationEvent input/output semantics.",leaf lettuce,leafy greens,LETT-LOT-514,EPCIS error declaration says a prior leaf lettuce event for lot LETT-LOT-514 was incorrect.,[],"[""shipping""]",manual_label_from_public_source_pattern
web500-0060,gs1-error-declaration,GS1 EPCIS Standard,https://ref.gs1.org/standards/epcis/,"EPCIS defines visibility event data, shipping business-step examples, and TransformationEvent input/output semantics.",prepared deli salad,prepared food,DELI-LOT-822,EPCIS error declaration says a prior prepared deli salad event for lot DELI-LOT-822 was incorrect.,[],"[""shipping""]",manual_label_from_public_source_pattern
web500-0061,smartproduct-manufactured,SmartProduct EPCIS/IoT paper,https://arxiv.org/abs/2210.09140,"The paper describes product manufactured, loaded/unloaded into/from trucks, transformed, pallet shipping, batch-level product lots, and IoT transport monitoring.",fresh basil,fresh herbs,BASIL-LOT-042,SmartProduct record: fresh basil lot BASIL-LOT-042 was manufactured in Location A.,"[""transformation""]",[],manual_label_from_public_source_pattern
web500-0062,smartproduct-manufactured,SmartProduct EPCIS/IoT paper,https://arxiv.org/abs/2210.09140,"The paper describes product manufactured, loaded/unloaded into/from trucks, transformed, pallet shipping, batch-level product lots, and IoT transport monitoring.",fresh cucumber,fresh produce,CUC-LOT-118,SmartProduct record: fresh cucumber lot CUC-LOT-118 was manufactured in Location A.,"[""transformation""]",[],manual_label_from_public_source_pattern
web500-0063,smartproduct-manufactured,SmartProduct EPCIS/IoT paper,https://arxiv.org/abs/2210.09140,"The paper describes product manufactured, loaded/unloaded into/from trucks, transformed, pallet shipping, batch-level product lots, and IoT transport monitoring.",fresh sprouts,sprouts,SPR-LOT-220,SmartProduct record: fresh sprouts lot SPR-LOT-220 was manufactured in Location A.,"[""transformation""]",[],manual_label_from_public_source_pattern
web500-0064,smartproduct-manufactured,SmartProduct EPCIS/IoT paper,https://arxiv.org/abs/2210.09140,"The paper describes product manufactured, loaded/unloaded into/from trucks, transformed, pallet shipping, batch-level product lots, and IoT transport monitoring.",fresh tuna,seafood,TUNA-LOT-771,SmartProduct record: fresh tuna lot TUNA-LOT-771 was manufactured in Location A.,"[""transformation""]",[],manual_label_from_public_source_pattern
web500-0065,smartproduct-manufactured,SmartProduct EPCIS/IoT paper,https://arxiv.org/abs/2210.09140,"The paper describes product manufactured, loaded/unloaded into/from trucks, transformed, pallet shipping, batch-level product lots, and IoT transport monitoring.",soft cheese,soft cheese,CHEESE-LOT-319,SmartProduct record: soft cheese lot CHEESE-LOT-319 was manufactured in Location A.,"[""transformation""]",[],manual_label_from_public_source_pattern
web500-0066,smartproduct-manufactured,SmartProduct EPCIS/IoT paper,https://arxiv.org/abs/2210.09140,"The paper describes product manufactured, loaded/unloaded into/from trucks, transformed, pallet shipping, batch-level product lots, and IoT transport monitoring.",bulk olive oil,oil ingredient,OIL-LOT-540,SmartProduct record: bulk olive oil lot OIL-LOT-540 was manufactured in Location A.,"[""transformation""]",[],manual_label_from_public_source_pattern
web500-0067,smartproduct-manufactured,SmartProduct EPCIS/IoT paper,https://arxiv.org/abs/2210.09140,"The paper describes product manufactured, loaded/unloaded into/from trucks, transformed, pallet shipping, batch-level product lots, and IoT transport monitoring.",bottled olive oil,finished oil,BOT-OIL-903,SmartProduct record: bottled olive oil lot BOT-OIL-903 was manufactured in Location A.,"[""transformation""]",[],manual_label_from_public_source_pattern
web500-0068,smartproduct-manufactured,SmartProduct EPCIS/IoT paper,https://arxiv.org/abs/2210.09140,"The paper describes product manufactured, loaded/unloaded into/from trucks, transformed, pallet shipping, batch-level product lots, and IoT transport monitoring.",fresh grapes,fresh produce,GRAPE-LOT-104,SmartProduct record: fresh grapes lot GRAPE-LOT-104 was manufactured in Location A.,"[""transformation""]",[],manual_label_from_public_source_pattern
web500-0069,smartproduct-manufactured,SmartProduct EPCIS/IoT paper,https://arxiv.org/abs/2210.09140,"The paper describes product manufactured, loaded/unloaded into/from trucks, transformed, pallet shipping, batch-level product lots, and IoT transport monitoring.",leaf lettuce,leafy greens,LETT-LOT-514,SmartProduct record: leaf lettuce lot LETT-LOT-514 was manufactured in Location A.,"[""transformation""]",[],manual_label_from_public_source_pattern
web500-0070,smartproduct-manufactured,SmartProduct EPCIS/IoT paper,https://arxiv.org/abs/2210.09140,"The paper describes product manufactured, loaded/unloaded into/from trucks, transformed, pallet shipping, batch-level product lots, and IoT transport monitoring.",prepared deli salad,prepared food,DELI-LOT-822,SmartProduct record: prepared deli salad lot DELI-LOT-822 was manufactured in Location A.,"[""transformation""]",[],manual_label_from_public_source_pattern
web500-0071,smartproduct-loaded-truck,SmartProduct EPCIS/IoT paper,https://arxiv.org/abs/2210.09140,"The paper describes product manufactured, loaded/unloaded into/from trucks, transformed, pallet shipping, batch-level product lots, and IoT transport monitoring.",fresh basil,fresh herbs,BASIL-LOT-042,SmartProduct record: fresh basil lot BASIL-LOT-042 was loaded to Truck A and transported to Warehouse B.,"[""shipping""]",[],manual_label_from_public_source_pattern
web500-0072,smartproduct-loaded-truck,SmartProduct EPCIS/IoT paper,https://arxiv.org/abs/2210.09140,"The paper describes product manufactured, loaded/unloaded into/from trucks, transformed, pallet shipping, batch-level product lots, and IoT transport monitoring.",fresh cucumber,fresh produce,CUC-LOT-118,SmartProduct record: fresh cucumber lot CUC-LOT-118 was loaded to Truck A and transported to Warehouse B.,"[""shipping""]",[],manual_label_from_public_source_pattern
web500-0073,smartproduct-loaded-truck,SmartProduct EPCIS/IoT paper,https://arxiv.org/abs/2210.09140,"The paper describes product manufactured, loaded/unloaded into/from trucks, transformed, pallet shipping, batch-level product lots, and IoT transport monitoring.",fresh sprouts,sprouts,SPR-LOT-220,SmartProduct record: fresh sprouts lot SPR-LOT-220 was loaded to Truck A and transported to Warehouse B.,"[""shipping""]",[],manual_label_from_public_source_pattern
web500-0074,smartproduct-loaded-truck,SmartProduct EPCIS/IoT paper,https://arxiv.org/abs/2210.09140,"The paper describes product manufactured, loaded/unloaded into/from trucks, transformed, pallet shipping, batch-level product lots, and IoT transport monitoring.",fresh tuna,seafood,TUNA-LOT-771,SmartProduct record: fresh tuna lot TUNA-LOT-771 was loaded to Truck A and transported to Warehouse B.,"[""shipping""]",[],manual_label_from_public_source_pattern
web500-0075,smartproduct-loaded-truck,SmartProduct EPCIS/IoT paper,https://arxiv.org/abs/2210.09140,"The paper describes product manufactured, loaded/unloaded into/from trucks, transformed, pallet shipping, batch-level product lots, and IoT transport monitoring.",soft cheese,soft cheese,CHEESE-LOT-319,SmartProduct record: soft cheese lot CHEESE-LOT-319 was loaded to Truck A and transported to Warehouse B.,"[""shipping""]",[],manual_label_from_public_source_pattern
web500-0076,smartproduct-loaded-truck,SmartProduct EPCIS/IoT paper,https://arxiv.org/abs/2210.09140,"The paper describes product manufactured, loaded/unloaded into/from trucks, transformed, pallet shipping, batch-level product lots, and IoT transport monitoring.",bulk olive oil,oil ingredient,OIL-LOT-540,SmartProduct record: bulk olive oil lot OIL-LOT-540 was loaded to Truck A and transported to Warehouse B.,"[""shipping""]",[],manual_label_from_public_source_pattern
web500-0077,smartproduct-loaded-truck,SmartProduct EPCIS/IoT paper,https://arxiv.org/abs/2210.09140,"The paper describes product manufactured, loaded/unloaded into/from trucks, transformed, pallet shipping, batch-level product lots, and IoT transport monitoring.",bottled olive oil,finished oil,BOT-OIL-903,SmartProduct record: bottled olive oil lot BOT-OIL-903 was loaded to Truck A and transported to Warehouse B.,"[""shipping""]",[],manual_label_from_public_source_pattern
web500-0078,smartproduct-loaded-truck,SmartProduct EPCIS/IoT paper,https://arxiv.org/abs/2210.09140,"The paper describes product manufactured, loaded/unloaded into/from trucks, transformed, pallet shipping, batch-level product lots, and IoT transport monitoring.",fresh grapes,fresh produce,GRAPE-LOT-104,SmartProduct record: fresh grapes lot GRAPE-LOT-104 was loaded to Truck A and transported to Warehouse B.,"[""shipping""]",[],manual_label_from_public_source_pattern
web500-0079,smartproduct-loaded-truck,SmartProduct EPCIS/IoT paper,https://arxiv.org/abs/2210.09140,"The paper describes product manufactured, loaded/unloaded into/from trucks, transformed, pallet shipping, batch-level product lots, and IoT transport monitoring.",leaf lettuce,leafy greens,LETT-LOT-514,SmartProduct record: leaf lettuce lot LETT-LOT-514 was loaded to Truck A and transported to Warehouse B.,"[""shipping""]",[],manual_label_from_public_source_pattern
web500-0080,smartproduct-loaded-truck,SmartProduct EPCIS/IoT paper,https://arxiv.org/abs/2210.09140,"The paper describes product manufactured, loaded/unloaded into/from trucks, transformed, pallet shipping, batch-level product lots, and IoT transport monitoring.",prepared deli salad,prepared food,DELI-LOT-822,SmartProduct record: prepared deli salad lot DELI-LOT-822 was loaded to Truck A and transported to Warehouse B.,"[""shipping""]",[],manual_label_from_public_source_pattern
web500-0081,smartproduct-unloaded-truck,SmartProduct EPCIS/IoT paper,https://arxiv.org/abs/2210.09140,"The paper describes product manufactured, loaded/unloaded into/from trucks, transformed, pallet shipping, batch-level product lots, and IoT transport monitoring.",fresh basil,fresh herbs,BASIL-LOT-042,SmartProduct record: fresh basil lot BASIL-LOT-042 was unloaded from Truck A at Warehouse B.,"[""receiving""]",[],manual_label_from_public_source_pattern
web500-0082,smartproduct-unloaded-truck,SmartProduct EPCIS/IoT paper,https://arxiv.org/abs/2210.09140,"The paper describes product manufactured, loaded/unloaded into/from trucks, transformed, pallet shipping, batch-level product lots, and IoT transport monitoring.",fresh cucumber,fresh produce,CUC-LOT-118,SmartProduct record: fresh cucumber lot CUC-LOT-118 was unloaded from Truck A at Warehouse B.,"[""receiving""]",[],manual_label_from_public_source_pattern
web500-0083,smartproduct-unloaded-truck,SmartProduct EPCIS/IoT paper,https://arxiv.org/abs/2210.09140,"The paper describes product manufactured, loaded/unloaded into/from trucks, transformed, pallet shipping, batch-level product lots, and IoT transport monitoring.",fresh sprouts,sprouts,SPR-LOT-220,SmartProduct record: fresh sprouts lot SPR-LOT-220 was unloaded from Truck A at Warehouse B.,"[""receiving""]",[],manual_label_from_public_source_pattern
web500-0084,smartproduct-unloaded-truck,SmartProduct EPCIS/IoT paper,https://arxiv.org/abs/2210.09140,"The paper describes product manufactured, loaded/unloaded into/from trucks, transformed, pallet shipping, batch-level product lots, and IoT transport monitoring.",fresh tuna,seafood,TUNA-LOT-771,SmartProduct record: fresh tuna lot TUNA-LOT-771 was unloaded from Truck A at Warehouse B.,"[""receiving""]",[],manual_label_from_public_source_pattern
web500-0085,smartproduct-unloaded-truck,SmartProduct EPCIS/IoT paper,https://arxiv.org/abs/2210.09140,"The paper describes product manufactured, loaded/unloaded into/from trucks, transformed, pallet shipping, batch-level product lots, and IoT transport monitoring.",soft cheese,soft cheese,CHEESE-LOT-319,SmartProduct record: soft cheese lot CHEESE-LOT-319 was unloaded from Truck A at Warehouse B.,"[""receiving""]",[],manual_label_from_public_source_pattern
web500-0086,smartproduct-unloaded-truck,SmartProduct EPCIS/IoT paper,https://arxiv.org/abs/2210.09140,"The paper describes product manufactured, loaded/unloaded into/from trucks, transformed, pallet shipping, batch-level product lots, and IoT transport monitoring.",bulk olive oil,oil ingredient,OIL-LOT-540,SmartProduct record: bulk olive oil lot OIL-LOT-540 was unloaded from Truck A at Warehouse B.,"[""receiving""]",[],manual_label_from_public_source_pattern
web500-0087,smartproduct-unloaded-truck,SmartProduct EPCIS/IoT paper,https://arxiv.org/abs/2210.09140,"The paper describes product manufactured, loaded/unloaded into/from trucks, transformed, pallet shipping, batch-level product lots, and IoT transport monitoring.",bottled olive oil,finished oil,BOT-OIL-903,SmartProduct record: bottled olive oil lot BOT-OIL-903 was unloaded from Truck A at Warehouse B.,"[""receiving""]",[],manual_label_from_public_source_pattern
web500-0088,smartproduct-unloaded-truck,SmartProduct EPCIS/IoT paper,https://arxiv.org/abs/2210.09140,"The paper describes product manufactured, loaded/unloaded into/from trucks, transformed, pallet shipping, batch-level product lots, and IoT transport monitoring.",fresh grapes,fresh produce,GRAPE-LOT-104,SmartProduct record: fresh grapes lot GRAPE-LOT-104 was unloaded from Truck A at Warehouse B.,"[""receiving""]",[],manual_label_from_public_source_pattern
web500-0089,smartproduct-unloaded-truck,SmartProduct EPCIS/IoT paper,https://arxiv.org/abs/2210.09140,"The paper describes product manufactured, loaded/unloaded into/from trucks, transformed, pallet shipping, batch-level product lots, and IoT transport monitoring.",leaf lettuce,leafy greens,LETT-LOT-514,SmartProduct record: leaf lettuce lot LETT-LOT-514 was unloaded from Truck A at Warehouse B.,"[""receiving""]",[],manual_label_from_public_source_pattern
web500-0090,smartproduct-unloaded-truck,SmartProduct EPCIS/IoT paper,https://arxiv.org/abs/2210.09140,"The paper describes product manufactured, loaded/unloaded into/from trucks, transformed, pallet shipping, batch-level product lots, and IoT transport monitoring.",prepared deli salad,prepared food,DELI-LOT-822,SmartProduct record: prepared deli salad lot DELI-LOT-822 was unloaded from Truck A at Warehouse B.,"[""receiving""]",[],manual_label_from_public_source_pattern
web500-0091,smartproduct-pallet-shipping,SmartProduct EPCIS/IoT paper,https://arxiv.org/abs/2210.09140,"The paper describes product manufactured, loaded/unloaded into/from trucks, transformed, pallet shipping, batch-level product lots, and IoT transport monitoring.",fresh basil,fresh herbs,BASIL-LOT-042,EPCIS event records pallet shipping for fresh basil lot BASIL-LOT-042 with temperature and GPS context.,"[""shipping""]",[],manual_label_from_public_source_pattern
web500-0092,smartproduct-pallet-shipping,SmartProduct EPCIS/IoT paper,https://arxiv.org/abs/2210.09140,"The paper describes product manufactured, loaded/unloaded into/from trucks, transformed, pallet shipping, batch-level product lots, and IoT transport monitoring.",fresh cucumber,fresh produce,CUC-LOT-118,EPCIS event records pallet shipping for fresh cucumber lot CUC-LOT-118 with temperature and GPS context.,"[""shipping""]",[],manual_label_from_public_source_pattern
web500-0093,smartproduct-pallet-shipping,SmartProduct EPCIS/IoT paper,https://arxiv.org/abs/2210.09140,"The paper describes product manufactured, loaded/unloaded into/from trucks, transformed, pallet shipping, batch-level product lots, and IoT transport monitoring.",fresh sprouts,sprouts,SPR-LOT-220,EPCIS event records pallet shipping for fresh sprouts lot SPR-LOT-220 with temperature and GPS context.,"[""shipping""]",[],manual_label_from_public_source_pattern
web500-0094,smartproduct-pallet-shipping,SmartProduct EPCIS/IoT paper,https://arxiv.org/abs/2210.09140,"The paper describes product manufactured, loaded/unloaded into/from trucks, transformed, pallet shipping, batch-level product lots, and IoT transport monitoring.",fresh tuna,seafood,TUNA-LOT-771,EPCIS event records pallet shipping for fresh tuna lot TUNA-LOT-771 with temperature and GPS context.,"[""shipping""]",[],manual_label_from_public_source_pattern
web500-0095,smartproduct-pallet-shipping,SmartProduct EPCIS/IoT paper,https://arxiv.org/abs/2210.09140,"The paper describes product manufactured, loaded/unloaded into/from trucks, transformed, pallet shipping, batch-level product lots, and IoT transport monitoring.",soft cheese,soft cheese,CHEESE-LOT-319,EPCIS event records pallet shipping for soft cheese lot CHEESE-LOT-319 with temperature and GPS context.,"[""shipping""]",[],manual_label_from_public_source_pattern
web500-0096,smartproduct-pallet-shipping,SmartProduct EPCIS/IoT paper,https://arxiv.org/abs/2210.09140,"The paper describes product manufactured, loaded/unloaded into/from trucks, transformed, pallet shipping, batch-level product lots, and IoT transport monitoring.",bulk olive oil,oil ingredient,OIL-LOT-540,EPCIS event records pallet shipping for bulk olive oil lot OIL-LOT-540 with temperature and GPS context.,"[""shipping""]",[],manual_label_from_public_source_pattern
web500-0097,smartproduct-pallet-shipping,SmartProduct EPCIS/IoT paper,https://arxiv.org/abs/2210.09140,"The paper describes product manufactured, loaded/unloaded into/from trucks, transformed, pallet shipping, batch-level product lots, and IoT transport monitoring.",bottled olive oil,finished oil,BOT-OIL-903,EPCIS event records pallet shipping for bottled olive oil lot BOT-OIL-903 with temperature and GPS context.,"[""shipping""]",[],manual_label_from_public_source_pattern
web500-0098,smartproduct-pallet-shipping,SmartProduct EPCIS/IoT paper,https://arxiv.org/abs/2210.09140,"The paper describes product manufactured, loaded/unloaded into/from trucks, transformed, pallet shipping, batch-level product lots, and IoT transport monitoring.",fresh grapes,fresh produce,GRAPE-LOT-104,EPCIS event records pallet shipping for fresh grapes lot GRAPE-LOT-104 with temperature and GPS context.,"[""shipping""]",[],manual_label_from_public_source_pattern
web500-0099,smartproduct-pallet-shipping,SmartProduct EPCIS/IoT paper,https://arxiv.org/abs/2210.09140,"The paper describes product manufactured, loaded/unloaded into/from trucks, transformed, pallet shipping, batch-level product lots, and IoT transport monitoring.",leaf lettuce,leafy greens,LETT-LOT-514,EPCIS event records pallet shipping for leaf lettuce lot LETT-LOT-514 with temperature and GPS context.,"[""shipping""]",[],manual_label_from_public_source_pattern
web500-0100,smartproduct-pallet-shipping,SmartProduct EPCIS/IoT paper,https://arxiv.org/abs/2210.09140,"The paper describes product manufactured, loaded/unloaded into/from trucks, transformed, pallet shipping, batch-level product lots, and IoT transport monitoring.",prepared deli salad,prepared food,DELI-LOT-822,EPCIS event records pallet shipping for prepared deli salad lot DELI-LOT-822 with temperature and GPS context.,"[""shipping""]",[],manual_label_from_public_source_pattern
web500-0101,smartproduct-bulk-to-bottled,SmartProduct EPCIS/IoT paper,https://arxiv.org/abs/2210.09140,"The paper describes product manufactured, loaded/unloaded into/from trucks, transformed, pallet shipping, batch-level product lots, and IoT transport monitoring.",fresh basil,fresh herbs,BASIL-LOT-042,Bulk material lot BASIL-LOT-042 is transformed into bottled finished product OUT-BASIL-LOT-042.,"[""transformation""]",[],manual_label_from_public_source_pattern
web500-0102,smartproduct-bulk-to-bottled,SmartProduct EPCIS/IoT paper,https://arxiv.org/abs/2210.09140,"The paper describes product manufactured, loaded/unloaded into/from trucks, transformed, pallet shipping, batch-level product lots, and IoT transport monitoring.",fresh cucumber,fresh produce,CUC-LOT-118,Bulk material lot CUC-LOT-118 is transformed into bottled finished product OUT-CUC-LOT-118.,"[""transformation""]",[],manual_label_from_public_source_pattern
web500-0103,smartproduct-bulk-to-bottled,SmartProduct EPCIS/IoT paper,https://arxiv.org/abs/2210.09140,"The paper describes product manufactured, loaded/unloaded into/from trucks, transformed, pallet shipping, batch-level product lots, and IoT transport monitoring.",fresh sprouts,sprouts,SPR-LOT-220,Bulk material lot SPR-LOT-220 is transformed into bottled finished product OUT-SPR-LOT-220.,"[""transformation""]",[],manual_label_from_public_source_pattern
web500-0104,smartproduct-bulk-to-bottled,SmartProduct EPCIS/IoT paper,https://arxiv.org/abs/2210.09140,"The paper describes product manufactured, loaded/unloaded into/from trucks, transformed, pallet shipping, batch-level product lots, and IoT transport monitoring.",fresh tuna,seafood,TUNA-LOT-771,Bulk material lot TUNA-LOT-771 is transformed into bottled finished product OUT-TUNA-LOT-771.,"[""transformation""]",[],manual_label_from_public_source_pattern
web500-0105,smartproduct-bulk-to-bottled,SmartProduct EPCIS/IoT paper,https://arxiv.org/abs/2210.09140,"The paper describes product manufactured, loaded/unloaded into/from trucks, transformed, pallet shipping, batch-level product lots, and IoT transport monitoring.",soft cheese,soft cheese,CHEESE-LOT-319,Bulk material lot CHEESE-LOT-319 is transformed into bottled finished product OUT-CHEESE-LOT-319.,"[""transformation""]",[],manual_label_from_public_source_pattern
web500-0106,smartproduct-bulk-to-bottled,SmartProduct EPCIS/IoT paper,https://arxiv.org/abs/2210.09140,"The paper describes product manufactured, loaded/unloaded into/from trucks, transformed, pallet shipping, batch-level product lots, and IoT transport monitoring.",bulk olive oil,oil ingredient,OIL-LOT-540,Bulk material lot OIL-LOT-540 is transformed into bottled finished product OUT-OIL-LOT-540.,"[""transformation""]",[],manual_label_from_public_source_pattern
web500-0107,smartproduct-bulk-to-bottled,SmartProduct EPCIS/IoT paper,https://arxiv.org/abs/2210.09140,"The paper describes product manufactured, loaded/unloaded into/from trucks, transformed, pallet shipping, batch-level product lots, and IoT transport monitoring.",bottled olive oil,finished oil,BOT-OIL-903,Bulk material lot BOT-OIL-903 is transformed into bottled finished product OUT-BOT-OIL-903.,"[""transformation""]",[],manual_label_from_public_source_pattern
web500-0108,smartproduct-bulk-to-bottled,SmartProduct EPCIS/IoT paper,https://arxiv.org/abs/2210.09140,"The paper describes product manufactured, loaded/unloaded into/from trucks, transformed, pallet shipping, batch-level product lots, and IoT transport monitoring.",fresh grapes,fresh produce,GRAPE-LOT-104,Bulk material lot GRAPE-LOT-104 is transformed into bottled finished product OUT-GRAPE-LOT-104.,"[""transformation""]",[],manual_label_from_public_source_pattern
web500-0109,smartproduct-bulk-to-bottled,SmartProduct EPCIS/IoT paper,https://arxiv.org/abs/2210.09140,"The paper describes product manufactured, loaded/unloaded into/from trucks, transformed, pallet shipping, batch-level product lots, and IoT transport monitoring.",leaf lettuce,leafy greens,LETT-LOT-514,Bulk material lot LETT-LOT-514 is transformed into bottled finished product OUT-LETT-LOT-514.,"[""transformation""]",[],manual_label_from_public_source_pattern
web500-0110,smartproduct-bulk-to-bottled,SmartProduct EPCIS/IoT paper,https://arxiv.org/abs/2210.09140,"The paper describes product manufactured, loaded/unloaded into/from trucks, transformed, pallet shipping, batch-level product lots, and IoT transport monitoring.",prepared deli salad,prepared food,DELI-LOT-822,Bulk material lot DELI-LOT-822 is transformed into bottled finished product OUT-DELI-LOT-822.,"[""transformation""]",[],manual_label_from_public_source_pattern
web500-0111,smartproduct-storage-only,SmartProduct EPCIS/IoT paper,https://arxiv.org/abs/2210.09140,"The paper describes product manufactured, loaded/unloaded into/from trucks, transformed, pallet shipping, batch-level product lots, and IoT transport monitoring.",fresh basil,fresh herbs,BASIL-LOT-042,IoT sensor record monitors storage temperature for fresh basil lot BASIL-LOT-042 in Warehouse A.,[],[],manual_label_from_public_source_pattern
web500-0112,smartproduct-storage-only,SmartProduct EPCIS/IoT paper,https://arxiv.org/abs/2210.09140,"The paper describes product manufactured, loaded/unloaded into/from trucks, transformed, pallet shipping, batch-level product lots, and IoT transport monitoring.",fresh cucumber,fresh produce,CUC-LOT-118,IoT sensor record monitors storage temperature for fresh cucumber lot CUC-LOT-118 in Warehouse A.,[],[],manual_label_from_public_source_pattern
web500-0113,smartproduct-storage-only,SmartProduct EPCIS/IoT paper,https://arxiv.org/abs/2210.09140,"The paper describes product manufactured, loaded/unloaded into/from trucks, transformed, pallet shipping, batch-level product lots, and IoT transport monitoring.",fresh sprouts,sprouts,SPR-LOT-220,IoT sensor record monitors storage temperature for fresh sprouts lot SPR-LOT-220 in Warehouse A.,[],[],manual_label_from_public_source_pattern
web500-0114,smartproduct-storage-only,SmartProduct EPCIS/IoT paper,https://arxiv.org/abs/2210.09140,"The paper describes product manufactured, loaded/unloaded into/from trucks, transformed, pallet shipping, batch-level product lots, and IoT transport monitoring.",fresh tuna,seafood,TUNA-LOT-771,IoT sensor record monitors storage temperature for fresh tuna lot TUNA-LOT-771 in Warehouse A.,[],[],manual_label_from_public_source_pattern
web500-0115,smartproduct-storage-only,SmartProduct EPCIS/IoT paper,https://arxiv.org/abs/2210.09140,"The paper describes product manufactured, loaded/unloaded into/from trucks, transformed, pallet shipping, batch-level product lots, and IoT transport monitoring.",soft cheese,soft cheese,CHEESE-LOT-319,IoT sensor record monitors storage temperature for soft cheese lot CHEESE-LOT-319 in Warehouse A.,[],[],manual_label_from_public_source_pattern
web500-0116,smartproduct-storage-only,SmartProduct EPCIS/IoT paper,https://arxiv.org/abs/2210.09140,"The paper describes product manufactured, loaded/unloaded into/from trucks, transformed, pallet shipping, batch-level product lots, and IoT transport monitoring.",bulk olive oil,oil ingredient,OIL-LOT-540,IoT sensor record monitors storage temperature for bulk olive oil lot OIL-LOT-540 in Warehouse A.,[],[],manual_label_from_public_source_pattern
web500-0117,smartproduct-storage-only,SmartProduct EPCIS/IoT paper,https://arxiv.org/abs/2210.09140,"The paper describes product manufactured, loaded/unloaded into/from trucks, transformed, pallet shipping, batch-level product lots, and IoT transport monitoring.",bottled olive oil,finished oil,BOT-OIL-903,IoT sensor record monitors storage temperature for bottled olive oil lot BOT-OIL-903 in Warehouse A.,[],[],manual_label_from_public_source_pattern
web500-0118,smartproduct-storage-only,SmartProduct EPCIS/IoT paper,https://arxiv.org/abs/2210.09140,"The paper describes product manufactured, loaded/unloaded into/from trucks, transformed, pallet shipping, batch-level product lots, and IoT transport monitoring.",fresh grapes,fresh produce,GRAPE-LOT-104,IoT sensor record monitors storage temperature for fresh grapes lot GRAPE-LOT-104 in Warehouse A.,[],[],manual_label_from_public_source_pattern
web500-0119,smartproduct-storage-only,SmartProduct EPCIS/IoT paper,https://arxiv.org/abs/2210.09140,"The paper describes product manufactured, loaded/unloaded into/from trucks, transformed, pallet shipping, batch-level product lots, and IoT transport monitoring.",leaf lettuce,leafy greens,LETT-LOT-514,IoT sensor record monitors storage temperature for leaf lettuce lot LETT-LOT-514 in Warehouse A.,[],[],manual_label_from_public_source_pattern
web500-0120,smartproduct-storage-only,SmartProduct EPCIS/IoT paper,https://arxiv.org/abs/2210.09140,"The paper describes product manufactured, loaded/unloaded into/from trucks, transformed, pallet shipping, batch-level product lots, and IoT transport monitoring.",prepared deli salad,prepared food,DELI-LOT-822,IoT sensor record monitors storage temperature for prepared deli salad lot DELI-LOT-822 in Warehouse A.,[],[],manual_label_from_public_source_pattern
web500-0121,smartproduct-product-registration,SmartProduct EPCIS/IoT paper,https://arxiv.org/abs/2210.09140,"The paper describes product manufactured, loaded/unloaded into/from trucks, transformed, pallet shipping, batch-level product lots, and IoT transport monitoring.",fresh basil,fresh herbs,BASIL-LOT-042,DBManager registers batch-level product fresh basil using common lot number BASIL-LOT-042.,[],[],manual_label_from_public_source_pattern
web500-0122,smartproduct-product-registration,SmartProduct EPCIS/IoT paper,https://arxiv.org/abs/2210.09140,"The paper describes product manufactured, loaded/unloaded into/from trucks, transformed, pallet shipping, batch-level product lots, and IoT transport monitoring.",fresh cucumber,fresh produce,CUC-LOT-118,DBManager registers batch-level product fresh cucumber using common lot number CUC-LOT-118.,[],[],manual_label_from_public_source_pattern
web500-0123,smartproduct-product-registration,SmartProduct EPCIS/IoT paper,https://arxiv.org/abs/2210.09140,"The paper describes product manufactured, loaded/unloaded into/from trucks, transformed, pallet shipping, batch-level product lots, and IoT transport monitoring.",fresh sprouts,sprouts,SPR-LOT-220,DBManager registers batch-level product fresh sprouts using common lot number SPR-LOT-220.,[],[],manual_label_from_public_source_pattern
web500-0124,smartproduct-product-registration,SmartProduct EPCIS/IoT paper,https://arxiv.org/abs/2210.09140,"The paper describes product manufactured, loaded/unloaded into/from trucks, transformed, pallet shipping, batch-level product lots, and IoT transport monitoring.",fresh tuna,seafood,TUNA-LOT-771,DBManager registers batch-level product fresh tuna using common lot number TUNA-LOT-771.,[],[],manual_label_from_public_source_pattern
web500-0125,smartproduct-product-registration,SmartProduct EPCIS/IoT paper,https://arxiv.org/abs/2210.09140,"The paper describes product manufactured, loaded/unloaded into/from trucks, transformed, pallet shipping, batch-level product lots, and IoT transport monitoring.",soft cheese,soft cheese,CHEESE-LOT-319,DBManager registers batch-level product soft cheese using common lot number CHEESE-LOT-319.,[],[],manual_label_from_public_source_pattern
web500-0126,smartproduct-product-registration,SmartProduct EPCIS/IoT paper,https://arxiv.org/abs/2210.09140,"The paper describes product manufactured, loaded/unloaded into/from trucks, transformed, pallet shipping, batch-level product lots, and IoT transport monitoring.",bulk olive oil,oil ingredient,OIL-LOT-540,DBManager registers batch-level product bulk olive oil using common lot number OIL-LOT-540.,[],[],manual_label_from_public_source_pattern
web500-0127,smartproduct-product-registration,SmartProduct EPCIS/IoT paper,https://arxiv.org/abs/2210.09140,"The paper describes product manufactured, loaded/unloaded into/from trucks, transformed, pallet shipping, batch-level product lots, and IoT transport monitoring.",bottled olive oil,finished oil,BOT-OIL-903,DBManager registers batch-level product bottled olive oil using common lot number BOT-OIL-903.,[],[],manual_label_from_public_source_pattern
web500-0128,smartproduct-product-registration,SmartProduct EPCIS/IoT paper,https://arxiv.org/abs/2210.09140,"The paper describes product manufactured, loaded/unloaded into/from trucks, transformed, pallet shipping, batch-level product lots, and IoT transport monitoring.",fresh grapes,fresh produce,GRAPE-LOT-104,DBManager registers batch-level product fresh grapes using common lot number GRAPE-LOT-104.,[],[],manual_label_from_public_source_pattern
web500-0129,smartproduct-product-registration,SmartProduct EPCIS/IoT paper,https://arxiv.org/abs/2210.09140,"The paper describes product manufactured, loaded/unloaded into/from trucks, transformed, pallet shipping, batch-level product lots, and IoT transport monitoring.",leaf lettuce,leafy greens,LETT-LOT-514,DBManager registers batch-level product leaf lettuce using common lot number LETT-LOT-514.,[],[],manual_label_from_public_source_pattern
web500-0130,smartproduct-product-registration,SmartProduct EPCIS/IoT paper,https://arxiv.org/abs/2210.09140,"The paper describes product manufactured, loaded/unloaded into/from trucks, transformed, pallet shipping, batch-level product lots, and IoT transport monitoring.",prepared deli salad,prepared food,DELI-LOT-822,DBManager registers batch-level product prepared deli salad using common lot number DELI-LOT-822.,[],[],manual_label_from_public_source_pattern
web500-0131,biotrak-inbound-delivery,BioTrak food-chain logistics paper,https://arxiv.org/abs/2304.09601,"The paper describes inbound logistics with supplier delivery notes and batch codes, production linking input/output batch codes, outbound logistics, transporter roles, and transportation/transformation blocks.",fresh basil,fresh herbs,BASIL-LOT-042,Inbound logistics: raw materials for fresh basil lot BASIL-LOT-042 are acquired from supplier and stored; supplier delivery note has batch codes.,"[""receiving""]",[],manual_label_from_public_source_pattern
web500-0132,biotrak-inbound-delivery,BioTrak food-chain logistics paper,https://arxiv.org/abs/2304.09601,"The paper describes inbound logistics with supplier delivery notes and batch codes, production linking input/output batch codes, outbound logistics, transporter roles, and transportation/transformation blocks.",fresh cucumber,fresh produce,CUC-LOT-118,Inbound logistics: raw materials for fresh cucumber lot CUC-LOT-118 are acquired from supplier and stored; supplier delivery note has batch codes.,"[""receiving""]",[],manual_label_from_public_source_pattern
web500-0133,biotrak-inbound-delivery,BioTrak food-chain logistics paper,https://arxiv.org/abs/2304.09601,"The paper describes inbound logistics with supplier delivery notes and batch codes, production linking input/output batch codes, outbound logistics, transporter roles, and transportation/transformation blocks.",fresh sprouts,sprouts,SPR-LOT-220,Inbound logistics: raw materials for fresh sprouts lot SPR-LOT-220 are acquired from supplier and stored; supplier delivery note has batch codes.,"[""receiving""]",[],manual_label_from_public_source_pattern
web500-0134,biotrak-inbound-delivery,BioTrak food-chain logistics paper,https://arxiv.org/abs/2304.09601,"The paper describes inbound logistics with supplier delivery notes and batch codes, production linking input/output batch codes, outbound logistics, transporter roles, and transportation/transformation blocks.",fresh tuna,seafood,TUNA-LOT-771,Inbound logistics: raw materials for fresh tuna lot TUNA-LOT-771 are acquired from supplier and stored; supplier delivery note has batch codes.,"[""receiving""]",[],manual_label_from_public_source_pattern
web500-0135,biotrak-inbound-delivery,BioTrak food-chain logistics paper,https://arxiv.org/abs/2304.09601,"The paper describes inbound logistics with supplier delivery notes and batch codes, production linking input/output batch codes, outbound logistics, transporter roles, and transportation/transformation blocks.",soft cheese,soft cheese,CHEESE-LOT-319,Inbound logistics: raw materials for soft cheese lot CHEESE-LOT-319 are acquired from supplier and stored; supplier delivery note has batch codes.,"[""receiving""]",[],manual_label_from_public_source_pattern
web500-0136,biotrak-inbound-delivery,BioTrak food-chain logistics paper,https://arxiv.org/abs/2304.09601,"The paper describes inbound logistics with supplier delivery notes and batch codes, production linking input/output batch codes, outbound logistics, transporter roles, and transportation/transformation blocks.",bulk olive oil,oil ingredient,OIL-LOT-540,Inbound logistics: raw materials for bulk olive oil lot OIL-LOT-540 are acquired from supplier and stored; supplier delivery note has batch codes.,"[""receiving""]",[],manual_label_from_public_source_pattern
web500-0137,biotrak-inbound-delivery,BioTrak food-chain logistics paper,https://arxiv.org/abs/2304.09601,"The paper describes inbound logistics with supplier delivery notes and batch codes, production linking input/output batch codes, outbound logistics, transporter roles, and transportation/transformation blocks.",bottled olive oil,finished oil,BOT-OIL-903,Inbound logistics: raw materials for bottled olive oil lot BOT-OIL-903 are acquired from supplier and stored; supplier delivery note has batch codes.,"[""receiving""]",[],manual_label_from_public_source_pattern
web500-0138,biotrak-inbound-delivery,BioTrak food-chain logistics paper,https://arxiv.org/abs/2304.09601,"The paper describes inbound logistics with supplier delivery notes and batch codes, production linking input/output batch codes, outbound logistics, transporter roles, and transportation/transformation blocks.",fresh grapes,fresh produce,GRAPE-LOT-104,Inbound logistics: raw materials for fresh grapes lot GRAPE-LOT-104 are acquired from supplier and stored; supplier delivery note has batch codes.,"[""receiving""]",[],manual_label_from_public_source_pattern
web500-0139,biotrak-inbound-delivery,BioTrak food-chain logistics paper,https://arxiv.org/abs/2304.09601,"The paper describes inbound logistics with supplier delivery notes and batch codes, production linking input/output batch codes, outbound logistics, transporter roles, and transportation/transformation blocks.",leaf lettuce,leafy greens,LETT-LOT-514,Inbound logistics: raw materials for leaf lettuce lot LETT-LOT-514 are acquired from supplier and stored; supplier delivery note has batch codes.,"[""receiving""]",[],manual_label_from_public_source_pattern
web500-0140,biotrak-inbound-delivery,BioTrak food-chain logistics paper,https://arxiv.org/abs/2304.09601,"The paper describes inbound logistics with supplier delivery notes and batch codes, production linking input/output batch codes, outbound logistics, transporter roles, and transportation/transformation blocks.",prepared deli salad,prepared food,DELI-LOT-822,Inbound logistics: raw materials for prepared deli salad lot DELI-LOT-822 are acquired from supplier and stored; supplier delivery note has batch codes.,"[""receiving""]",[],manual_label_from_public_source_pattern
web500-0141,biotrak-production-link,BioTrak food-chain logistics paper,https://arxiv.org/abs/2304.09601,"The paper describes inbound logistics with supplier delivery notes and batch codes, production linking input/output batch codes, outbound logistics, transporter roles, and transportation/transformation blocks.",fresh basil,fresh herbs,BASIL-LOT-042,Production: input resource batch codes for fresh basil lot BASIL-LOT-042 are linked to output product batch code OUT-BASIL-LOT-042.,"[""transformation""]",[],manual_label_from_public_source_pattern
web500-0142,biotrak-production-link,BioTrak food-chain logistics paper,https://arxiv.org/abs/2304.09601,"The paper describes inbound logistics with supplier delivery notes and batch codes, production linking input/output batch codes, outbound logistics, transporter roles, and transportation/transformation blocks.",fresh cucumber,fresh produce,CUC-LOT-118,Production: input resource batch codes for fresh cucumber lot CUC-LOT-118 are linked to output product batch code OUT-CUC-LOT-118.,"[""transformation""]",[],manual_label_from_public_source_pattern
web500-0143,biotrak-production-link,BioTrak food-chain logistics paper,https://arxiv.org/abs/2304.09601,"The paper describes inbound logistics with supplier delivery notes and batch codes, production linking input/output batch codes, outbound logistics, transporter roles, and transportation/transformation blocks.",fresh sprouts,sprouts,SPR-LOT-220,Production: input resource batch codes for fresh sprouts lot SPR-LOT-220 are linked to output product batch code OUT-SPR-LOT-220.,"[""transformation""]",[],manual_label_from_public_source_pattern
web500-0144,biotrak-production-link,BioTrak food-chain logistics paper,https://arxiv.org/abs/2304.09601,"The paper describes inbound logistics with supplier delivery notes and batch codes, production linking input/output batch codes, outbound logistics, transporter roles, and transportation/transformation blocks.",fresh tuna,seafood,TUNA-LOT-771,Production: input resource batch codes for fresh tuna lot TUNA-LOT-771 are linked to output product batch code OUT-TUNA-LOT-771.,"[""transformation""]",[],manual_label_from_public_source_pattern
web500-0145,biotrak-production-link,BioTrak food-chain logistics paper,https://arxiv.org/abs/2304.09601,"The paper describes inbound logistics with supplier delivery notes and batch codes, production linking input/output batch codes, outbound logistics, transporter roles, and transportation/transformation blocks.",soft cheese,soft cheese,CHEESE-LOT-319,Production: input resource batch codes for soft cheese lot CHEESE-LOT-319 are linked to output product batch code OUT-CHEESE-LOT-319.,"[""transformation""]",[],manual_label_from_public_source_pattern
web500-0146,biotrak-production-link,BioTrak food-chain logistics paper,https://arxiv.org/abs/2304.09601,"The paper describes inbound logistics with supplier delivery notes and batch codes, production linking input/output batch codes, outbound logistics, transporter roles, and transportation/transformation blocks.",bulk olive oil,oil ingredient,OIL-LOT-540,Production: input resource batch codes for bulk olive oil lot OIL-LOT-540 are linked to output product batch code OUT-OIL-LOT-540.,"[""transformation""]",[],manual_label_from_public_source_pattern
web500-0147,biotrak-production-link,BioTrak food-chain logistics paper,https://arxiv.org/abs/2304.09601,"The paper describes inbound logistics with supplier delivery notes and batch codes, production linking input/output batch codes, outbound logistics, transporter roles, and transportation/transformation blocks.",bottled olive oil,finished oil,BOT-OIL-903,Production: input resource batch codes for bottled olive oil lot BOT-OIL-903 are linked to output product batch code OUT-BOT-OIL-903.,"[""transformation""]",[],manual_label_from_public_source_pattern
web500-0148,biotrak-production-link,BioTrak food-chain logistics paper,https://arxiv.org/abs/2304.09601,"The paper describes inbound logistics with supplier delivery notes and batch codes, production linking input/output batch codes, outbound logistics, transporter roles, and transportation/transformation blocks.",fresh grapes,fresh produce,GRAPE-LOT-104,Production: input resource batch codes for fresh grapes lot GRAPE-LOT-104 are linked to output product batch code OUT-GRAPE-LOT-104.,"[""transformation""]",[],manual_label_from_public_source_pattern
web500-0149,biotrak-production-link,BioTrak food-chain logistics paper,https://arxiv.org/abs/2304.09601,"The paper describes inbound logistics with supplier delivery notes and batch codes, production linking input/output batch codes, outbound logistics, transporter roles, and transportation/transformation blocks.",leaf lettuce,leafy greens,LETT-LOT-514,Production: input resource batch codes for leaf lettuce lot LETT-LOT-514 are linked to output product batch code OUT-LETT-LOT-514.,"[""transformation""]",[],manual_label_from_public_source_pattern
web500-0150,biotrak-production-link,BioTrak food-chain logistics paper,https://arxiv.org/abs/2304.09601,"The paper describes inbound logistics with supplier delivery notes and batch codes, production linking input/output batch codes, outbound logistics, transporter roles, and transportation/transformation blocks.",prepared deli salad,prepared food,DELI-LOT-822,Production: input resource batch codes for prepared deli salad lot DELI-LOT-822 are linked to output product batch code OUT-DELI-LOT-822.,"[""transformation""]",[],manual_label_from_public_source_pattern
web500-0151,biotrak-outbound-delivery,BioTrak food-chain logistics paper,https://arxiv.org/abs/2304.09601,"The paper describes inbound logistics with supplier delivery notes and batch codes, production linking input/output batch codes, outbound logistics, transporter roles, and transportation/transformation blocks.",fresh basil,fresh herbs,BASIL-LOT-042,Outbound logistics: finished fresh basil lot BASIL-LOT-042 moves to external customer with delivery note and outgoing batch codes.,"[""shipping""]",[],manual_label_from_public_source_pattern
web500-0152,biotrak-outbound-delivery,BioTrak food-chain logistics paper,https://arxiv.org/abs/2304.09601,"The paper describes inbound logistics with supplier delivery notes and batch codes, production linking input/output batch codes, outbound logistics, transporter roles, and transportation/transformation blocks.",fresh cucumber,fresh produce,CUC-LOT-118,Outbound logistics: finished fresh cucumber lot CUC-LOT-118 moves to external customer with delivery note and outgoing batch codes.,"[""shipping""]",[],manual_label_from_public_source_pattern
web500-0153,biotrak-outbound-delivery,BioTrak food-chain logistics paper,https://arxiv.org/abs/2304.09601,"The paper describes inbound logistics with supplier delivery notes and batch codes, production linking input/output batch codes, outbound logistics, transporter roles, and transportation/transformation blocks.",fresh sprouts,sprouts,SPR-LOT-220,Outbound logistics: finished fresh sprouts lot SPR-LOT-220 moves to external customer with delivery note and outgoing batch codes.,"[""shipping""]",[],manual_label_from_public_source_pattern
web500-0154,biotrak-outbound-delivery,BioTrak food-chain logistics paper,https://arxiv.org/abs/2304.09601,"The paper describes inbound logistics with supplier delivery notes and batch codes, production linking input/output batch codes, outbound logistics, transporter roles, and transportation/transformation blocks.",fresh tuna,seafood,TUNA-LOT-771,Outbound logistics: finished fresh tuna lot TUNA-LOT-771 moves to external customer with delivery note and outgoing batch codes.,"[""shipping""]",[],manual_label_from_public_source_pattern
web500-0155,biotrak-outbound-delivery,BioTrak food-chain logistics paper,https://arxiv.org/abs/2304.09601,"The paper describes inbound logistics with supplier delivery notes and batch codes, production linking input/output batch codes, outbound logistics, transporter roles, and transportation/transformation blocks.",soft cheese,soft cheese,CHEESE-LOT-319,Outbound logistics: finished soft cheese lot CHEESE-LOT-319 moves to external customer with delivery note and outgoing batch codes.,"[""shipping""]",[],manual_label_from_public_source_pattern
web500-0156,biotrak-outbound-delivery,BioTrak food-chain logistics paper,https://arxiv.org/abs/2304.09601,"The paper describes inbound logistics with supplier delivery notes and batch codes, production linking input/output batch codes, outbound logistics, transporter roles, and transportation/transformation blocks.",bulk olive oil,oil ingredient,OIL-LOT-540,Outbound logistics: finished bulk olive oil lot OIL-LOT-540 moves to external customer with delivery note and outgoing batch codes.,"[""shipping""]",[],manual_label_from_public_source_pattern
web500-0157,biotrak-outbound-delivery,BioTrak food-chain logistics paper,https://arxiv.org/abs/2304.09601,"The paper describes inbound logistics with supplier delivery notes and batch codes, production linking input/output batch codes, outbound logistics, transporter roles, and transportation/transformation blocks.",bottled olive oil,finished oil,BOT-OIL-903,Outbound logistics: finished bottled olive oil lot BOT-OIL-903 moves to external customer with delivery note and outgoing batch codes.,"[""shipping""]",[],manual_label_from_public_source_pattern
web500-0158,biotrak-outbound-delivery,BioTrak food-chain logistics paper,https://arxiv.org/abs/2304.09601,"The paper describes inbound logistics with supplier delivery notes and batch codes, production linking input/output batch codes, outbound logistics, transporter roles, and transportation/transformation blocks.",fresh grapes,fresh produce,GRAPE-LOT-104,Outbound logistics: finished fresh grapes lot GRAPE-LOT-104 moves to external customer with delivery note and outgoing batch codes.,"[""shipping""]",[],manual_label_from_public_source_pattern
web500-0159,biotrak-outbound-delivery,BioTrak food-chain logistics paper,https://arxiv.org/abs/2304.09601,"The paper describes inbound logistics with supplier delivery notes and batch codes, production linking input/output batch codes, outbound logistics, transporter roles, and transportation/transformation blocks.",leaf lettuce,leafy greens,LETT-LOT-514,Outbound logistics: finished leaf lettuce lot LETT-LOT-514 moves to external customer with delivery note and outgoing batch codes.,"[""shipping""]",[],manual_label_from_public_source_pattern
web500-0160,biotrak-outbound-delivery,BioTrak food-chain logistics paper,https://arxiv.org/abs/2304.09601,"The paper describes inbound logistics with supplier delivery notes and batch codes, production linking input/output batch codes, outbound logistics, transporter roles, and transportation/transformation blocks.",prepared deli salad,prepared food,DELI-LOT-822,Outbound logistics: finished prepared deli salad lot DELI-LOT-822 moves to external customer with delivery note and outgoing batch codes.,"[""shipping""]",[],manual_label_from_public_source_pattern
web500-0161,biotrak-transporter-only,BioTrak food-chain logistics paper,https://arxiv.org/abs/2304.09601,"The paper describes inbound logistics with supplier delivery notes and batch codes, production linking input/output batch codes, outbound logistics, transporter roles, and transportation/transformation blocks.",fresh basil,fresh herbs,BASIL-LOT-042,Transporter registers a transportation event for fresh basil lot BASIL-LOT-042 but not shipper or receiver evidence.,[],"[""shipping""]",manual_label_from_public_source_pattern
web500-0162,biotrak-transporter-only,BioTrak food-chain logistics paper,https://arxiv.org/abs/2304.09601,"The paper describes inbound logistics with supplier delivery notes and batch codes, production linking input/output batch codes, outbound logistics, transporter roles, and transportation/transformation blocks.",fresh cucumber,fresh produce,CUC-LOT-118,Transporter registers a transportation event for fresh cucumber lot CUC-LOT-118 but not shipper or receiver evidence.,[],"[""shipping""]",manual_label_from_public_source_pattern
web500-0163,biotrak-transporter-only,BioTrak food-chain logistics paper,https://arxiv.org/abs/2304.09601,"The paper describes inbound logistics with supplier delivery notes and batch codes, production linking input/output batch codes, outbound logistics, transporter roles, and transportation/transformation blocks.",fresh sprouts,sprouts,SPR-LOT-220,Transporter registers a transportation event for fresh sprouts lot SPR-LOT-220 but not shipper or receiver evidence.,[],"[""shipping""]",manual_label_from_public_source_pattern
web500-0164,biotrak-transporter-only,BioTrak food-chain logistics paper,https://arxiv.org/abs/2304.09601,"The paper describes inbound logistics with supplier delivery notes and batch codes, production linking input/output batch codes, outbound logistics, transporter roles, and transportation/transformation blocks.",fresh tuna,seafood,TUNA-LOT-771,Transporter registers a transportation event for fresh tuna lot TUNA-LOT-771 but not shipper or receiver evidence.,[],"[""shipping""]",manual_label_from_public_source_pattern
web500-0165,biotrak-transporter-only,BioTrak food-chain logistics paper,https://arxiv.org/abs/2304.09601,"The paper describes inbound logistics with supplier delivery notes and batch codes, production linking input/output batch codes, outbound logistics, transporter roles, and transportation/transformation blocks.",soft cheese,soft cheese,CHEESE-LOT-319,Transporter registers a transportation event for soft cheese lot CHEESE-LOT-319 but not shipper or receiver evidence.,[],"[""shipping""]",manual_label_from_public_source_pattern
web500-0166,biotrak-transporter-only,BioTrak food-chain logistics paper,https://arxiv.org/abs/2304.09601,"The paper describes inbound logistics with supplier delivery notes and batch codes, production linking input/output batch codes, outbound logistics, transporter roles, and transportation/transformation blocks.",bulk olive oil,oil ingredient,OIL-LOT-540,Transporter registers a transportation event for bulk olive oil lot OIL-LOT-540 but not shipper or receiver evidence.,[],"[""shipping""]",manual_label_from_public_source_pattern
web500-0167,biotrak-transporter-only,BioTrak food-chain logistics paper,https://arxiv.org/abs/2304.09601,"The paper describes inbound logistics with supplier delivery notes and batch codes, production linking input/output batch codes, outbound logistics, transporter roles, and transportation/transformation blocks.",bottled olive oil,finished oil,BOT-OIL-903,Transporter registers a transportation event for bottled olive oil lot BOT-OIL-903 but not shipper or receiver evidence.,[],"[""shipping""]",manual_label_from_public_source_pattern
web500-0168,biotrak-transporter-only,BioTrak food-chain logistics paper,https://arxiv.org/abs/2304.09601,"The paper describes inbound logistics with supplier delivery notes and batch codes, production linking input/output batch codes, outbound logistics, transporter roles, and transportation/transformation blocks.",fresh grapes,fresh produce,GRAPE-LOT-104,Transporter registers a transportation event for fresh grapes lot GRAPE-LOT-104 but not shipper or receiver evidence.,[],"[""shipping""]",manual_label_from_public_source_pattern
web500-0169,biotrak-transporter-only,BioTrak food-chain logistics paper,https://arxiv.org/abs/2304.09601,"The paper describes inbound logistics with supplier delivery notes and batch codes, production linking input/output batch codes, outbound logistics, transporter roles, and transportation/transformation blocks.",leaf lettuce,leafy greens,LETT-LOT-514,Transporter registers a transportation event for leaf lettuce lot LETT-LOT-514 but not shipper or receiver evidence.,[],"[""shipping""]",manual_label_from_public_source_pattern
web500-0170,biotrak-transporter-only,BioTrak food-chain logistics paper,https://arxiv.org/abs/2304.09601,"The paper describes inbound logistics with supplier delivery notes and batch codes, production linking input/output batch codes, outbound logistics, transporter roles, and transportation/transformation blocks.",prepared deli salad,prepared food,DELI-LOT-822,Transporter registers a transportation event for prepared deli salad lot DELI-LOT-822 but not shipper or receiver evidence.,[],"[""shipping""]",manual_label_from_public_source_pattern
web500-0171,biotrak-cold-chain-end,BioTrak food-chain logistics paper,https://arxiv.org/abs/2304.09601,"The paper describes inbound logistics with supplier delivery notes and batch codes, production linking input/output batch codes, outbound logistics, transporter roles, and transportation/transformation blocks.",fresh basil,fresh herbs,BASIL-LOT-042,Recipient scans NFC temperature sensor when transportation for fresh basil lot BASIL-LOT-042 is terminated.,"[""receiving""]",[],manual_label_from_public_source_pattern
web500-0172,biotrak-cold-chain-end,BioTrak food-chain logistics paper,https://arxiv.org/abs/2304.09601,"The paper describes inbound logistics with supplier delivery notes and batch codes, production linking input/output batch codes, outbound logistics, transporter roles, and transportation/transformation blocks.",fresh cucumber,fresh produce,CUC-LOT-118,Recipient scans NFC temperature sensor when transportation for fresh cucumber lot CUC-LOT-118 is terminated.,"[""receiving""]",[],manual_label_from_public_source_pattern
web500-0173,biotrak-cold-chain-end,BioTrak food-chain logistics paper,https://arxiv.org/abs/2304.09601,"The paper describes inbound logistics with supplier delivery notes and batch codes, production linking input/output batch codes, outbound logistics, transporter roles, and transportation/transformation blocks.",fresh sprouts,sprouts,SPR-LOT-220,Recipient scans NFC temperature sensor when transportation for fresh sprouts lot SPR-LOT-220 is terminated.,"[""receiving""]",[],manual_label_from_public_source_pattern
web500-0174,biotrak-cold-chain-end,BioTrak food-chain logistics paper,https://arxiv.org/abs/2304.09601,"The paper describes inbound logistics with supplier delivery notes and batch codes, production linking input/output batch codes, outbound logistics, transporter roles, and transportation/transformation blocks.",fresh tuna,seafood,TUNA-LOT-771,Recipient scans NFC temperature sensor when transportation for fresh tuna lot TUNA-LOT-771 is terminated.,"[""receiving""]",[],manual_label_from_public_source_pattern
web500-0175,biotrak-cold-chain-end,BioTrak food-chain logistics paper,https://arxiv.org/abs/2304.09601,"The paper describes inbound logistics with supplier delivery notes and batch codes, production linking input/output batch codes, outbound logistics, transporter roles, and transportation/transformation blocks.",soft cheese,soft cheese,CHEESE-LOT-319,Recipient scans NFC temperature sensor when transportation for soft cheese lot CHEESE-LOT-319 is terminated.,"[""receiving""]",[],manual_label_from_public_source_pattern
web500-0176,biotrak-cold-chain-end,BioTrak food-chain logistics paper,https://arxiv.org/abs/2304.09601,"The paper describes inbound logistics with supplier delivery notes and batch codes, production linking input/output batch codes, outbound logistics, transporter roles, and transportation/transformation blocks.",bulk olive oil,oil ingredient,OIL-LOT-540,Recipient scans NFC temperature sensor when transportation for bulk olive oil lot OIL-LOT-540 is terminated.,"[""receiving""]",[],manual_label_from_public_source_pattern
web500-0177,biotrak-cold-chain-end,BioTrak food-chain logistics paper,https://arxiv.org/abs/2304.09601,"The paper describes inbound logistics with supplier delivery notes and batch codes, production linking input/output batch codes, outbound logistics, transporter roles, and transportation/transformation blocks.",bottled olive oil,finished oil,BOT-OIL-903,Recipient scans NFC temperature sensor when transportation for bottled olive oil lot BOT-OIL-903 is terminated.,"[""receiving""]",[],manual_label_from_public_source_pattern
web500-0178,biotrak-cold-chain-end,BioTrak food-chain logistics paper,https://arxiv.org/abs/2304.09601,"The paper describes inbound logistics with supplier delivery notes and batch codes, production linking input/output batch codes, outbound logistics, transporter roles, and transportation/transformation blocks.",fresh grapes,fresh produce,GRAPE-LOT-104,Recipient scans NFC temperature sensor when transportation for fresh grapes lot GRAPE-LOT-104 is terminated.,"[""receiving""]",[],manual_label_from_public_source_pattern
web500-0179,biotrak-cold-chain-end,BioTrak food-chain logistics paper,https://arxiv.org/abs/2304.09601,"The paper describes inbound logistics with supplier delivery notes and batch codes, production linking input/output batch codes, outbound logistics, transporter roles, and transportation/transformation blocks.",leaf lettuce,leafy greens,LETT-LOT-514,Recipient scans NFC temperature sensor when transportation for leaf lettuce lot LETT-LOT-514 is terminated.,"[""receiving""]",[],manual_label_from_public_source_pattern
web500-0180,biotrak-cold-chain-end,BioTrak food-chain logistics paper,https://arxiv.org/abs/2304.09601,"The paper describes inbound logistics with supplier delivery notes and batch codes, production linking input/output batch codes, outbound logistics, transporter roles, and transportation/transformation blocks.",prepared deli salad,prepared food,DELI-LOT-822,Recipient scans NFC temperature sensor when transportation for prepared deli salad lot DELI-LOT-822 is terminated.,"[""receiving""]",[],manual_label_from_public_source_pattern
web500-0181,biotrak-block-transport,BioTrak food-chain logistics paper,https://arxiv.org/abs/2304.09601,"The paper describes inbound logistics with supplier delivery notes and batch codes, production linking input/output batch codes, outbound logistics, transporter roles, and transportation/transformation blocks.",fresh basil,fresh herbs,BASIL-LOT-042,Blockchain block records a transportation process for fresh basil lot BASIL-LOT-042 between two supply-chain companies.,"[""shipping""]",[],manual_label_from_public_source_pattern
web500-0182,biotrak-block-transport,BioTrak food-chain logistics paper,https://arxiv.org/abs/2304.09601,"The paper describes inbound logistics with supplier delivery notes and batch codes, production linking input/output batch codes, outbound logistics, transporter roles, and transportation/transformation blocks.",fresh cucumber,fresh produce,CUC-LOT-118,Blockchain block records a transportation process for fresh cucumber lot CUC-LOT-118 between two supply-chain companies.,"[""shipping""]",[],manual_label_from_public_source_pattern
web500-0183,biotrak-block-transport,BioTrak food-chain logistics paper,https://arxiv.org/abs/2304.09601,"The paper describes inbound logistics with supplier delivery notes and batch codes, production linking input/output batch codes, outbound logistics, transporter roles, and transportation/transformation blocks.",fresh sprouts,sprouts,SPR-LOT-220,Blockchain block records a transportation process for fresh sprouts lot SPR-LOT-220 between two supply-chain companies.,"[""shipping""]",[],manual_label_from_public_source_pattern
web500-0184,biotrak-block-transport,BioTrak food-chain logistics paper,https://arxiv.org/abs/2304.09601,"The paper describes inbound logistics with supplier delivery notes and batch codes, production linking input/output batch codes, outbound logistics, transporter roles, and transportation/transformation blocks.",fresh tuna,seafood,TUNA-LOT-771,Blockchain block records a transportation process for fresh tuna lot TUNA-LOT-771 between two supply-chain companies.,"[""shipping""]",[],manual_label_from_public_source_pattern
web500-0185,biotrak-block-transport,BioTrak food-chain logistics paper,https://arxiv.org/abs/2304.09601,"The paper describes inbound logistics with supplier delivery notes and batch codes, production linking input/output batch codes, outbound logistics, transporter roles, and transportation/transformation blocks.",soft cheese,soft cheese,CHEESE-LOT-319,Blockchain block records a transportation process for soft cheese lot CHEESE-LOT-319 between two supply-chain companies.,"[""shipping""]",[],manual_label_from_public_source_pattern
web500-0186,biotrak-block-transport,BioTrak food-chain logistics paper,https://arxiv.org/abs/2304.09601,"The paper describes inbound logistics with supplier delivery notes and batch codes, production linking input/output batch codes, outbound logistics, transporter roles, and transportation/transformation blocks.",bulk olive oil,oil ingredient,OIL-LOT-540,Blockchain block records a transportation process for bulk olive oil lot OIL-LOT-540 between two supply-chain companies.,"[""shipping""]",[],manual_label_from_public_source_pattern
web500-0187,biotrak-block-transport,BioTrak food-chain logistics paper,https://arxiv.org/abs/2304.09601,"The paper describes inbound logistics with supplier delivery notes and batch codes, production linking input/output batch codes, outbound logistics, transporter roles, and transportation/transformation blocks.",bottled olive oil,finished oil,BOT-OIL-903,Blockchain block records a transportation process for bottled olive oil lot BOT-OIL-903 between two supply-chain companies.,"[""shipping""]",[],manual_label_from_public_source_pattern
web500-0188,biotrak-block-transport,BioTrak food-chain logistics paper,https://arxiv.org/abs/2304.09601,"The paper describes inbound logistics with supplier delivery notes and batch codes, production linking input/output batch codes, outbound logistics, transporter roles, and transportation/transformation blocks.",fresh grapes,fresh produce,GRAPE-LOT-104,Blockchain block records a transportation process for fresh grapes lot GRAPE-LOT-104 between two supply-chain companies.,"[""shipping""]",[],manual_label_from_public_source_pattern
web500-0189,biotrak-block-transport,BioTrak food-chain logistics paper,https://arxiv.org/abs/2304.09601,"The paper describes inbound logistics with supplier delivery notes and batch codes, production linking input/output batch codes, outbound logistics, transporter roles, and transportation/transformation blocks.",leaf lettuce,leafy greens,LETT-LOT-514,Blockchain block records a transportation process for leaf lettuce lot LETT-LOT-514 between two supply-chain companies.,"[""shipping""]",[],manual_label_from_public_source_pattern
web500-0190,biotrak-block-transport,BioTrak food-chain logistics paper,https://arxiv.org/abs/2304.09601,"The paper describes inbound logistics with supplier delivery notes and batch codes, production linking input/output batch codes, outbound logistics, transporter roles, and transportation/transformation blocks.",prepared deli salad,prepared food,DELI-LOT-822,Blockchain block records a transportation process for prepared deli salad lot DELI-LOT-822 between two supply-chain companies.,"[""shipping""]",[],manual_label_from_public_source_pattern
web500-0191,biotrak-block-transform,BioTrak food-chain logistics paper,https://arxiv.org/abs/2304.09601,"The paper describes inbound logistics with supplier delivery notes and batch codes, production linking input/output batch codes, outbound logistics, transporter roles, and transportation/transformation blocks.",fresh basil,fresh herbs,BASIL-LOT-042,Blockchain block records a transformation process linking ingredient lot BASIL-LOT-042 to finished lot OUT-BASIL-LOT-042.,"[""transformation""]",[],manual_label_from_public_source_pattern
web500-0192,biotrak-block-transform,BioTrak food-chain logistics paper,https://arxiv.org/abs/2304.09601,"The paper describes inbound logistics with supplier delivery notes and batch codes, production linking input/output batch codes, outbound logistics, transporter roles, and transportation/transformation blocks.",fresh cucumber,fresh produce,CUC-LOT-118,Blockchain block records a transformation process linking ingredient lot CUC-LOT-118 to finished lot OUT-CUC-LOT-118.,"[""transformation""]",[],manual_label_from_public_source_pattern
web500-0193,biotrak-block-transform,BioTrak food-chain logistics paper,https://arxiv.org/abs/2304.09601,"The paper describes inbound logistics with supplier delivery notes and batch codes, production linking input/output batch codes, outbound logistics, transporter roles, and transportation/transformation blocks.",fresh sprouts,sprouts,SPR-LOT-220,Blockchain block records a transformation process linking ingredient lot SPR-LOT-220 to finished lot OUT-SPR-LOT-220.,"[""transformation""]",[],manual_label_from_public_source_pattern
web500-0194,biotrak-block-transform,BioTrak food-chain logistics paper,https://arxiv.org/abs/2304.09601,"The paper describes inbound logistics with supplier delivery notes and batch codes, production linking input/output batch codes, outbound logistics, transporter roles, and transportation/transformation blocks.",fresh tuna,seafood,TUNA-LOT-771,Blockchain block records a transformation process linking ingredient lot TUNA-LOT-771 to finished lot OUT-TUNA-LOT-771.,"[""transformation""]",[],manual_label_from_public_source_pattern
web500-0195,biotrak-block-transform,BioTrak food-chain logistics paper,https://arxiv.org/abs/2304.09601,"The paper describes inbound logistics with supplier delivery notes and batch codes, production linking input/output batch codes, outbound logistics, transporter roles, and transportation/transformation blocks.",soft cheese,soft cheese,CHEESE-LOT-319,Blockchain block records a transformation process linking ingredient lot CHEESE-LOT-319 to finished lot OUT-CHEESE-LOT-319.,"[""transformation""]",[],manual_label_from_public_source_pattern
web500-0196,biotrak-block-transform,BioTrak food-chain logistics paper,https://arxiv.org/abs/2304.09601,"The paper describes inbound logistics with supplier delivery notes and batch codes, production linking input/output batch codes, outbound logistics, transporter roles, and transportation/transformation blocks.",bulk olive oil,oil ingredient,OIL-LOT-540,Blockchain block records a transformation process linking ingredient lot OIL-LOT-540 to finished lot OUT-OIL-LOT-540.,"[""transformation""]",[],manual_label_from_public_source_pattern
web500-0197,biotrak-block-transform,BioTrak food-chain logistics paper,https://arxiv.org/abs/2304.09601,"The paper describes inbound logistics with supplier delivery notes and batch codes, production linking input/output batch codes, outbound logistics, transporter roles, and transportation/transformation blocks.",bottled olive oil,finished oil,BOT-OIL-903,Blockchain block records a transformation process linking ingredient lot BOT-OIL-903 to finished lot OUT-BOT-OIL-903.,"[""transformation""]",[],manual_label_from_public_source_pattern
web500-0198,biotrak-block-transform,BioTrak food-chain logistics paper,https://arxiv.org/abs/2304.09601,"The paper describes inbound logistics with supplier delivery notes and batch codes, production linking input/output batch codes, outbound logistics, transporter roles, and transportation/transformation blocks.",fresh grapes,fresh produce,GRAPE-LOT-104,Blockchain block records a transformation process linking ingredient lot GRAPE-LOT-104 to finished lot OUT-GRAPE-LOT-104.,"[""transformation""]",[],manual_label_from_public_source_pattern
web500-0199,biotrak-block-transform,BioTrak food-chain logistics paper,https://arxiv.org/abs/2304.09601,"The paper describes inbound logistics with supplier delivery notes and batch codes, production linking input/output batch codes, outbound logistics, transporter roles, and transportation/transformation blocks.",leaf lettuce,leafy greens,LETT-LOT-514,Blockchain block records a transformation process linking ingredient lot LETT-LOT-514 to finished lot OUT-LETT-LOT-514.,"[""transformation""]",[],manual_label_from_public_source_pattern
web500-0200,biotrak-block-transform,BioTrak food-chain logistics paper,https://arxiv.org/abs/2304.09601,"The paper describes inbound logistics with supplier delivery notes and batch codes, production linking input/output batch codes, outbound logistics, transporter roles, and transportation/transformation blocks.",prepared deli salad,prepared food,DELI-LOT-822,Blockchain block records a transformation process linking ingredient lot DELI-LOT-822 to finished lot OUT-DELI-LOT-822.,"[""transformation""]",[],manual_label_from_public_source_pattern
web500-0201,token-recipe-applied,Token Recipes manufacturing traceability paper,https://arxiv.org/abs/1810.09843,"The paper models manufacturing recipes where ingredient batch tokens are consumed and a new token is produced, preserving transformation provenance.",fresh basil,fresh herbs,BASIL-LOT-042,Recipe applied: ingredient token BASIL-LOT-042 is consumed and a new product token OUT-BASIL-LOT-042 is produced.,"[""transformation""]",[],manual_label_from_public_source_pattern
web500-0202,token-recipe-applied,Token Recipes manufacturing traceability paper,https://arxiv.org/abs/1810.09843,"The paper models manufacturing recipes where ingredient batch tokens are consumed and a new token is produced, preserving transformation provenance.",fresh cucumber,fresh produce,CUC-LOT-118,Recipe applied: ingredient token CUC-LOT-118 is consumed and a new product token OUT-CUC-LOT-118 is produced.,"[""transformation""]",[],manual_label_from_public_source_pattern
web500-0203,token-recipe-applied,Token Recipes manufacturing traceability paper,https://arxiv.org/abs/1810.09843,"The paper models manufacturing recipes where ingredient batch tokens are consumed and a new token is produced, preserving transformation provenance.",fresh sprouts,sprouts,SPR-LOT-220,Recipe applied: ingredient token SPR-LOT-220 is consumed and a new product token OUT-SPR-LOT-220 is produced.,"[""transformation""]",[],manual_label_from_public_source_pattern
web500-0204,token-recipe-applied,Token Recipes manufacturing traceability paper,https://arxiv.org/abs/1810.09843,"The paper models manufacturing recipes where ingredient batch tokens are consumed and a new token is produced, preserving transformation provenance.",fresh tuna,seafood,TUNA-LOT-771,Recipe applied: ingredient token TUNA-LOT-771 is consumed and a new product token OUT-TUNA-LOT-771 is produced.,"[""transformation""]",[],manual_label_from_public_source_pattern
web500-0205,token-recipe-applied,Token Recipes manufacturing traceability paper,https://arxiv.org/abs/1810.09843,"The paper models manufacturing recipes where ingredient batch tokens are consumed and a new token is produced, preserving transformation provenance.",soft cheese,soft cheese,CHEESE-LOT-319,Recipe applied: ingredient token CHEESE-LOT-319 is consumed and a new product token OUT-CHEESE-LOT-319 is produced.,"[""transformation""]",[],manual_label_from_public_source_pattern
web500-0206,token-recipe-applied,Token Recipes manufacturing traceability paper,https://arxiv.org/abs/1810.09843,"The paper models manufacturing recipes where ingredient batch tokens are consumed and a new token is produced, preserving transformation provenance.",bulk olive oil,oil ingredient,OIL-LOT-540,Recipe applied: ingredient token OIL-LOT-540 is consumed and a new product token OUT-OIL-LOT-540 is produced.,"[""transformation""]",[],manual_label_from_public_source_pattern
web500-0207,token-recipe-applied,Token Recipes manufacturing traceability paper,https://arxiv.org/abs/1810.09843,"The paper models manufacturing recipes where ingredient batch tokens are consumed and a new token is produced, preserving transformation provenance.",bottled olive oil,finished oil,BOT-OIL-903,Recipe applied: ingredient token BOT-OIL-903 is consumed and a new product token OUT-BOT-OIL-903 is produced.,"[""transformation""]",[],manual_label_from_public_source_pattern
web500-0208,token-recipe-applied,Token Recipes manufacturing traceability paper,https://arxiv.org/abs/1810.09843,"The paper models manufacturing recipes where ingredient batch tokens are consumed and a new token is produced, preserving transformation provenance.",fresh grapes,fresh produce,GRAPE-LOT-104,Recipe applied: ingredient token GRAPE-LOT-104 is consumed and a new product token OUT-GRAPE-LOT-104 is produced.,"[""transformation""]",[],manual_label_from_public_source_pattern
web500-0209,token-recipe-applied,Token Recipes manufacturing traceability paper,https://arxiv.org/abs/1810.09843,"The paper models manufacturing recipes where ingredient batch tokens are consumed and a new token is produced, preserving transformation provenance.",leaf lettuce,leafy greens,LETT-LOT-514,Recipe applied: ingredient token LETT-LOT-514 is consumed and a new product token OUT-LETT-LOT-514 is produced.,"[""transformation""]",[],manual_label_from_public_source_pattern
web500-0210,token-recipe-applied,Token Recipes manufacturing traceability paper,https://arxiv.org/abs/1810.09843,"The paper models manufacturing recipes where ingredient batch tokens are consumed and a new token is produced, preserving transformation provenance.",prepared deli salad,prepared food,DELI-LOT-822,Recipe applied: ingredient token DELI-LOT-822 is consumed and a new product token OUT-DELI-LOT-822 is produced.,"[""transformation""]",[],manual_label_from_public_source_pattern
web500-0211,token-batch-ingredient,Token Recipes manufacturing traceability paper,https://arxiv.org/abs/1810.09843,"The paper models manufacturing recipes where ingredient batch tokens are consumed and a new token is produced, preserving transformation provenance.",fresh basil,fresh herbs,BASIL-LOT-042,A non-fungible token corresponds to ingredient batch BASIL-LOT-042 for fresh basil.,[],[],manual_label_from_public_source_pattern
web500-0212,token-batch-ingredient,Token Recipes manufacturing traceability paper,https://arxiv.org/abs/1810.09843,"The paper models manufacturing recipes where ingredient batch tokens are consumed and a new token is produced, preserving transformation provenance.",fresh cucumber,fresh produce,CUC-LOT-118,A non-fungible token corresponds to ingredient batch CUC-LOT-118 for fresh cucumber.,[],[],manual_label_from_public_source_pattern
web500-0213,token-batch-ingredient,Token Recipes manufacturing traceability paper,https://arxiv.org/abs/1810.09843,"The paper models manufacturing recipes where ingredient batch tokens are consumed and a new token is produced, preserving transformation provenance.",fresh sprouts,sprouts,SPR-LOT-220,A non-fungible token corresponds to ingredient batch SPR-LOT-220 for fresh sprouts.,[],[],manual_label_from_public_source_pattern
web500-0214,token-batch-ingredient,Token Recipes manufacturing traceability paper,https://arxiv.org/abs/1810.09843,"The paper models manufacturing recipes where ingredient batch tokens are consumed and a new token is produced, preserving transformation provenance.",fresh tuna,seafood,TUNA-LOT-771,A non-fungible token corresponds to ingredient batch TUNA-LOT-771 for fresh tuna.,[],[],manual_label_from_public_source_pattern
web500-0215,token-batch-ingredient,Token Recipes manufacturing traceability paper,https://arxiv.org/abs/1810.09843,"The paper models manufacturing recipes where ingredient batch tokens are consumed and a new token is produced, preserving transformation provenance.",soft cheese,soft cheese,CHEESE-LOT-319,A non-fungible token corresponds to ingredient batch CHEESE-LOT-319 for soft cheese.,[],[],manual_label_from_public_source_pattern
web500-0216,token-batch-ingredient,Token Recipes manufacturing traceability paper,https://arxiv.org/abs/1810.09843,"The paper models manufacturing recipes where ingredient batch tokens are consumed and a new token is produced, preserving transformation provenance.",bulk olive oil,oil ingredient,OIL-LOT-540,A non-fungible token corresponds to ingredient batch OIL-LOT-540 for bulk olive oil.,[],[],manual_label_from_public_source_pattern
web500-0217,token-batch-ingredient,Token Recipes manufacturing traceability paper,https://arxiv.org/abs/1810.09843,"The paper models manufacturing recipes where ingredient batch tokens are consumed and a new token is produced, preserving transformation provenance.",bottled olive oil,finished oil,BOT-OIL-903,A non-fungible token corresponds to ingredient batch BOT-OIL-903 for bottled olive oil.,[],[],manual_label_from_public_source_pattern
web500-0218,token-batch-ingredient,Token Recipes manufacturing traceability paper,https://arxiv.org/abs/1810.09843,"The paper models manufacturing recipes where ingredient batch tokens are consumed and a new token is produced, preserving transformation provenance.",fresh grapes,fresh produce,GRAPE-LOT-104,A non-fungible token corresponds to ingredient batch GRAPE-LOT-104 for fresh grapes.,[],[],manual_label_from_public_source_pattern
web500-0219,token-batch-ingredient,Token Recipes manufacturing traceability paper,https://arxiv.org/abs/1810.09843,"The paper models manufacturing recipes where ingredient batch tokens are consumed and a new token is produced, preserving transformation provenance.",leaf lettuce,leafy greens,LETT-LOT-514,A non-fungible token corresponds to ingredient batch LETT-LOT-514 for leaf lettuce.,[],[],manual_label_from_public_source_pattern
web500-0220,token-batch-ingredient,Token Recipes manufacturing traceability paper,https://arxiv.org/abs/1810.09843,"The paper models manufacturing recipes where ingredient batch tokens are consumed and a new token is produced, preserving transformation provenance.",prepared deli salad,prepared food,DELI-LOT-822,A non-fungible token corresponds to ingredient batch DELI-LOT-822 for prepared deli salad.,[],[],manual_label_from_public_source_pattern
web500-0221,token-exchange-only,Token Recipes manufacturing traceability paper,https://arxiv.org/abs/1810.09843,"The paper models manufacturing recipes where ingredient batch tokens are consumed and a new token is produced, preserving transformation provenance.",fresh basil,fresh herbs,BASIL-LOT-042,Participant exchanges ownership record for token BASIL-LOT-042 without physical movement evidence.,[],[],manual_label_from_public_source_pattern
web500-0222,token-exchange-only,Token Recipes manufacturing traceability paper,https://arxiv.org/abs/1810.09843,"The paper models manufacturing recipes where ingredient batch tokens are consumed and a new token is produced, preserving transformation provenance.",fresh cucumber,fresh produce,CUC-LOT-118,Participant exchanges ownership record for token CUC-LOT-118 without physical movement evidence.,[],[],manual_label_from_public_source_pattern
web500-0223,token-exchange-only,Token Recipes manufacturing traceability paper,https://arxiv.org/abs/1810.09843,"The paper models manufacturing recipes where ingredient batch tokens are consumed and a new token is produced, preserving transformation provenance.",fresh sprouts,sprouts,SPR-LOT-220,Participant exchanges ownership record for token SPR-LOT-220 without physical movement evidence.,[],[],manual_label_from_public_source_pattern
web500-0224,token-exchange-only,Token Recipes manufacturing traceability paper,https://arxiv.org/abs/1810.09843,"The paper models manufacturing recipes where ingredient batch tokens are consumed and a new token is produced, preserving transformation provenance.",fresh tuna,seafood,TUNA-LOT-771,Participant exchanges ownership record for token TUNA-LOT-771 without physical movement evidence.,[],[],manual_label_from_public_source_pattern
web500-0225,token-exchange-only,Token Recipes manufacturing traceability paper,https://arxiv.org/abs/1810.09843,"The paper models manufacturing recipes where ingredient batch tokens are consumed and a new token is produced, preserving transformation provenance.",soft cheese,soft cheese,CHEESE-LOT-319,Participant exchanges ownership record for token CHEESE-LOT-319 without physical movement evidence.,[],[],manual_label_from_public_source_pattern
web500-0226,token-exchange-only,Token Recipes manufacturing traceability paper,https://arxiv.org/abs/1810.09843,"The paper models manufacturing recipes where ingredient batch tokens are consumed and a new token is produced, preserving transformation provenance.",bulk olive oil,oil ingredient,OIL-LOT-540,Participant exchanges ownership record for token OIL-LOT-540 without physical movement evidence.,[],[],manual_label_from_public_source_pattern
web500-0227,token-exchange-only,Token Recipes manufacturing traceability paper,https://arxiv.org/abs/1810.09843,"The paper models manufacturing recipes where ingredient batch tokens are consumed and a new token is produced, preserving transformation provenance.",bottled olive oil,finished oil,BOT-OIL-903,Participant exchanges ownership record for token BOT-OIL-903 without physical movement evidence.,[],[],manual_label_from_public_source_pattern
web500-0228,token-exchange-only,Token Recipes manufacturing traceability paper,https://arxiv.org/abs/1810.09843,"The paper models manufacturing recipes where ingredient batch tokens are consumed and a new token is produced, preserving transformation provenance.",fresh grapes,fresh produce,GRAPE-LOT-104,Participant exchanges ownership record for token GRAPE-LOT-104 without physical movement evidence.,[],[],manual_label_from_public_source_pattern
web500-0229,token-exchange-only,Token Recipes manufacturing traceability paper,https://arxiv.org/abs/1810.09843,"The paper models manufacturing recipes where ingredient batch tokens are consumed and a new token is produced, preserving transformation provenance.",leaf lettuce,leafy greens,LETT-LOT-514,Participant exchanges ownership record for token LETT-LOT-514 without physical movement evidence.,[],[],manual_label_from_public_source_pattern
web500-0230,token-exchange-only,Token Recipes manufacturing traceability paper,https://arxiv.org/abs/1810.09843,"The paper models manufacturing recipes where ingredient batch tokens are consumed and a new token is produced, preserving transformation provenance.",prepared deli salad,prepared food,DELI-LOT-822,Participant exchanges ownership record for token DELI-LOT-822 without physical movement evidence.,[],[],manual_label_from_public_source_pattern
web500-0231,token-trace-inputs,Token Recipes manufacturing traceability paper,https://arxiv.org/abs/1810.09843,"The paper models manufacturing recipes where ingredient batch tokens are consumed and a new token is produced, preserving transformation provenance.",fresh basil,fresh herbs,BASIL-LOT-042,End-product token OUT-BASIL-LOT-042 traces its ingredients back to input token BASIL-LOT-042.,"[""transformation""]",[],manual_label_from_public_source_pattern
web500-0232,token-trace-inputs,Token Recipes manufacturing traceability paper,https://arxiv.org/abs/1810.09843,"The paper models manufacturing recipes where ingredient batch tokens are consumed and a new token is produced, preserving transformation provenance.",fresh cucumber,fresh produce,CUC-LOT-118,End-product token OUT-CUC-LOT-118 traces its ingredients back to input token CUC-LOT-118.,"[""transformation""]",[],manual_label_from_public_source_pattern
web500-0233,token-trace-inputs,Token Recipes manufacturing traceability paper,https://arxiv.org/abs/1810.09843,"The paper models manufacturing recipes where ingredient batch tokens are consumed and a new token is produced, preserving transformation provenance.",fresh sprouts,sprouts,SPR-LOT-220,End-product token OUT-SPR-LOT-220 traces its ingredients back to input token SPR-LOT-220.,"[""transformation""]",[],manual_label_from_public_source_pattern
web500-0234,token-trace-inputs,Token Recipes manufacturing traceability paper,https://arxiv.org/abs/1810.09843,"The paper models manufacturing recipes where ingredient batch tokens are consumed and a new token is produced, preserving transformation provenance.",fresh tuna,seafood,TUNA-LOT-771,End-product token OUT-TUNA-LOT-771 traces its ingredients back to input token TUNA-LOT-771.,"[""transformation""]",[],manual_label_from_public_source_pattern
web500-0235,token-trace-inputs,Token Recipes manufacturing traceability paper,https://arxiv.org/abs/1810.09843,"The paper models manufacturing recipes where ingredient batch tokens are consumed and a new token is produced, preserving transformation provenance.",soft cheese,soft cheese,CHEESE-LOT-319,End-product token OUT-CHEESE-LOT-319 traces its ingredients back to input token CHEESE-LOT-319.,"[""transformation""]",[],manual_label_from_public_source_pattern
web500-0236,token-trace-inputs,Token Recipes manufacturing traceability paper,https://arxiv.org/abs/1810.09843,"The paper models manufacturing recipes where ingredient batch tokens are consumed and a new token is produced, preserving transformation provenance.",bulk olive oil,oil ingredient,OIL-LOT-540,End-product token OUT-OIL-LOT-540 traces its ingredients back to input token OIL-LOT-540.,"[""transformation""]",[],manual_label_from_public_source_pattern
web500-0237,token-trace-inputs,Token Recipes manufacturing traceability paper,https://arxiv.org/abs/1810.09843,"The paper models manufacturing recipes where ingredient batch tokens are consumed and a new token is produced, preserving transformation provenance.",bottled olive oil,finished oil,BOT-OIL-903,End-product token OUT-BOT-OIL-903 traces its ingredients back to input token BOT-OIL-903.,"[""transformation""]",[],manual_label_from_public_source_pattern
web500-0238,token-trace-inputs,Token Recipes manufacturing traceability paper,https://arxiv.org/abs/1810.09843,"The paper models manufacturing recipes where ingredient batch tokens are consumed and a new token is produced, preserving transformation provenance.",fresh grapes,fresh produce,GRAPE-LOT-104,End-product token OUT-GRAPE-LOT-104 traces its ingredients back to input token GRAPE-LOT-104.,"[""transformation""]",[],manual_label_from_public_source_pattern
web500-0239,token-trace-inputs,Token Recipes manufacturing traceability paper,https://arxiv.org/abs/1810.09843,"The paper models manufacturing recipes where ingredient batch tokens are consumed and a new token is produced, preserving transformation provenance.",leaf lettuce,leafy greens,LETT-LOT-514,End-product token OUT-LETT-LOT-514 traces its ingredients back to input token LETT-LOT-514.,"[""transformation""]",[],manual_label_from_public_source_pattern
web500-0240,token-trace-inputs,Token Recipes manufacturing traceability paper,https://arxiv.org/abs/1810.09843,"The paper models manufacturing recipes where ingredient batch tokens are consumed and a new token is produced, preserving transformation provenance.",prepared deli salad,prepared food,DELI-LOT-822,End-product token OUT-DELI-LOT-822 traces its ingredients back to input token DELI-LOT-822.,"[""transformation""]",[],manual_label_from_public_source_pattern
web500-0241,produce-origin-retail,Produce traceability article,https://en.wikipedia.org/wiki/Produce_traceability,"The article describes tracking produce from origin to retail and records across field/orchard, packing, processing, transit, and storage.",fresh basil,fresh herbs,BASIL-LOT-042,fresh basil lot BASIL-LOT-042 is tracked from point of origin to a retail location.,"[""shipping""]",[],manual_label_from_public_source_pattern
web500-0242,produce-origin-retail,Produce traceability article,https://en.wikipedia.org/wiki/Produce_traceability,"The article describes tracking produce from origin to retail and records across field/orchard, packing, processing, transit, and storage.",fresh cucumber,fresh produce,CUC-LOT-118,fresh cucumber lot CUC-LOT-118 is tracked from point of origin to a retail location.,"[""shipping""]",[],manual_label_from_public_source_pattern
web500-0243,produce-origin-retail,Produce traceability article,https://en.wikipedia.org/wiki/Produce_traceability,"The article describes tracking produce from origin to retail and records across field/orchard, packing, processing, transit, and storage.",fresh sprouts,sprouts,SPR-LOT-220,fresh sprouts lot SPR-LOT-220 is tracked from point of origin to a retail location.,"[""shipping""]",[],manual_label_from_public_source_pattern
web500-0244,produce-origin-retail,Produce traceability article,https://en.wikipedia.org/wiki/Produce_traceability,"The article describes tracking produce from origin to retail and records across field/orchard, packing, processing, transit, and storage.",fresh tuna,seafood,TUNA-LOT-771,fresh tuna lot TUNA-LOT-771 is tracked from point of origin to a retail location.,"[""shipping""]",[],manual_label_from_public_source_pattern
web500-0245,produce-origin-retail,Produce traceability article,https://en.wikipedia.org/wiki/Produce_traceability,"The article describes tracking produce from origin to retail and records across field/orchard, packing, processing, transit, and storage.",soft cheese,soft cheese,CHEESE-LOT-319,soft cheese lot CHEESE-LOT-319 is tracked from point of origin to a retail location.,"[""shipping""]",[],manual_label_from_public_source_pattern
web500-0246,produce-origin-retail,Produce traceability article,https://en.wikipedia.org/wiki/Produce_traceability,"The article describes tracking produce from origin to retail and records across field/orchard, packing, processing, transit, and storage.",bulk olive oil,oil ingredient,OIL-LOT-540,bulk olive oil lot OIL-LOT-540 is tracked from point of origin to a retail location.,"[""shipping""]",[],manual_label_from_public_source_pattern
web500-0247,produce-origin-retail,Produce traceability article,https://en.wikipedia.org/wiki/Produce_traceability,"The article describes tracking produce from origin to retail and records across field/orchard, packing, processing, transit, and storage.",bottled olive oil,finished oil,BOT-OIL-903,bottled olive oil lot BOT-OIL-903 is tracked from point of origin to a retail location.,"[""shipping""]",[],manual_label_from_public_source_pattern
web500-0248,produce-origin-retail,Produce traceability article,https://en.wikipedia.org/wiki/Produce_traceability,"The article describes tracking produce from origin to retail and records across field/orchard, packing, processing, transit, and storage.",fresh grapes,fresh produce,GRAPE-LOT-104,fresh grapes lot GRAPE-LOT-104 is tracked from point of origin to a retail location.,"[""shipping""]",[],manual_label_from_public_source_pattern
web500-0249,produce-origin-retail,Produce traceability article,https://en.wikipedia.org/wiki/Produce_traceability,"The article describes tracking produce from origin to retail and records across field/orchard, packing, processing, transit, and storage.",leaf lettuce,leafy greens,LETT-LOT-514,leaf lettuce lot LETT-LOT-514 is tracked from point of origin to a retail location.,"[""shipping""]",[],manual_label_from_public_source_pattern
web500-0250,produce-origin-retail,Produce traceability article,https://en.wikipedia.org/wiki/Produce_traceability,"The article describes tracking produce from origin to retail and records across field/orchard, packing, processing, transit, and storage.",prepared deli salad,prepared food,DELI-LOT-822,prepared deli salad lot DELI-LOT-822 is tracked from point of origin to a retail location.,"[""shipping""]",[],manual_label_from_public_source_pattern
web500-0251,produce-field-contamination,Produce traceability article,https://en.wikipedia.org/wiki/Produce_traceability,"The article describes tracking produce from origin to retail and records across field/orchard, packing, processing, transit, and storage.",fresh basil,fresh herbs,BASIL-LOT-042,Foreign matter is detected in the field for fresh basil lot BASIL-LOT-042.,"[""harvesting""]",[],manual_label_from_public_source_pattern
web500-0252,produce-field-contamination,Produce traceability article,https://en.wikipedia.org/wiki/Produce_traceability,"The article describes tracking produce from origin to retail and records across field/orchard, packing, processing, transit, and storage.",fresh cucumber,fresh produce,CUC-LOT-118,Foreign matter is detected in the field for fresh cucumber lot CUC-LOT-118.,"[""harvesting""]",[],manual_label_from_public_source_pattern
web500-0253,produce-field-contamination,Produce traceability article,https://en.wikipedia.org/wiki/Produce_traceability,"The article describes tracking produce from origin to retail and records across field/orchard, packing, processing, transit, and storage.",fresh sprouts,sprouts,SPR-LOT-220,Foreign matter is detected in the field for fresh sprouts lot SPR-LOT-220.,"[""harvesting""]",[],manual_label_from_public_source_pattern
web500-0254,produce-field-contamination,Produce traceability article,https://en.wikipedia.org/wiki/Produce_traceability,"The article describes tracking produce from origin to retail and records across field/orchard, packing, processing, transit, and storage.",fresh tuna,seafood,TUNA-LOT-771,Foreign matter is detected in the field for fresh tuna lot TUNA-LOT-771.,"[""harvesting""]",[],manual_label_from_public_source_pattern
web500-0255,produce-field-contamination,Produce traceability article,https://en.wikipedia.org/wiki/Produce_traceability,"The article describes tracking produce from origin to retail and records across field/orchard, packing, processing, transit, and storage.",soft cheese,soft cheese,CHEESE-LOT-319,Foreign matter is detected in the field for soft cheese lot CHEESE-LOT-319.,"[""harvesting""]",[],manual_label_from_public_source_pattern
web500-0256,produce-field-contamination,Produce traceability article,https://en.wikipedia.org/wiki/Produce_traceability,"The article describes tracking produce from origin to retail and records across field/orchard, packing, processing, transit, and storage.",bulk olive oil,oil ingredient,OIL-LOT-540,Foreign matter is detected in the field for bulk olive oil lot OIL-LOT-540.,"[""harvesting""]",[],manual_label_from_public_source_pattern
web500-0257,produce-field-contamination,Produce traceability article,https://en.wikipedia.org/wiki/Produce_traceability,"The article describes tracking produce from origin to retail and records across field/orchard, packing, processing, transit, and storage.",bottled olive oil,finished oil,BOT-OIL-903,Foreign matter is detected in the field for bottled olive oil lot BOT-OIL-903.,"[""harvesting""]",[],manual_label_from_public_source_pattern
web500-0258,produce-field-contamination,Produce traceability article,https://en.wikipedia.org/wiki/Produce_traceability,"The article describes tracking produce from origin to retail and records across field/orchard, packing, processing, transit, and storage.",fresh grapes,fresh produce,GRAPE-LOT-104,Foreign matter is detected in the field for fresh grapes lot GRAPE-LOT-104.,"[""harvesting""]",[],manual_label_from_public_source_pattern
web500-0259,produce-field-contamination,Produce traceability article,https://en.wikipedia.org/wiki/Produce_traceability,"The article describes tracking produce from origin to retail and records across field/orchard, packing, processing, transit, and storage.",leaf lettuce,leafy greens,LETT-LOT-514,Foreign matter is detected in the field for leaf lettuce lot LETT-LOT-514.,"[""harvesting""]",[],manual_label_from_public_source_pattern
web500-0260,produce-field-contamination,Produce traceability article,https://en.wikipedia.org/wiki/Produce_traceability,"The article describes tracking produce from origin to retail and records across field/orchard, packing, processing, transit, and storage.",prepared deli salad,prepared food,DELI-LOT-822,Foreign matter is detected in the field for prepared deli salad lot DELI-LOT-822.,"[""harvesting""]",[],manual_label_from_public_source_pattern
web500-0261,produce-orchard-packing,Produce traceability article,https://en.wikipedia.org/wiki/Produce_traceability,"The article describes tracking produce from origin to retail and records across field/orchard, packing, processing, transit, and storage.",fresh basil,fresh herbs,BASIL-LOT-042,fresh basil lot BASIL-LOT-042 moves from orchard to packing operation and cases are packed.,"[""initial_packing""]",[],manual_label_from_public_source_pattern
web500-0262,produce-orchard-packing,Produce traceability article,https://en.wikipedia.org/wiki/Produce_traceability,"The article describes tracking produce from origin to retail and records across field/orchard, packing, processing, transit, and storage.",fresh cucumber,fresh produce,CUC-LOT-118,fresh cucumber lot CUC-LOT-118 moves from orchard to packing operation and cases are packed.,"[""initial_packing""]",[],manual_label_from_public_source_pattern
web500-0263,produce-orchard-packing,Produce traceability article,https://en.wikipedia.org/wiki/Produce_traceability,"The article describes tracking produce from origin to retail and records across field/orchard, packing, processing, transit, and storage.",fresh sprouts,sprouts,SPR-LOT-220,fresh sprouts lot SPR-LOT-220 moves from orchard to packing operation and cases are packed.,"[""initial_packing""]",[],manual_label_from_public_source_pattern
web500-0264,produce-orchard-packing,Produce traceability article,https://en.wikipedia.org/wiki/Produce_traceability,"The article describes tracking produce from origin to retail and records across field/orchard, packing, processing, transit, and storage.",fresh tuna,seafood,TUNA-LOT-771,fresh tuna lot TUNA-LOT-771 moves from orchard to packing operation and cases are packed.,"[""initial_packing""]",[],manual_label_from_public_source_pattern
web500-0265,produce-orchard-packing,Produce traceability article,https://en.wikipedia.org/wiki/Produce_traceability,"The article describes tracking produce from origin to retail and records across field/orchard, packing, processing, transit, and storage.",soft cheese,soft cheese,CHEESE-LOT-319,soft cheese lot CHEESE-LOT-319 moves from orchard to packing operation and cases are packed.,"[""initial_packing""]",[],manual_label_from_public_source_pattern
web500-0266,produce-orchard-packing,Produce traceability article,https://en.wikipedia.org/wiki/Produce_traceability,"The article describes tracking produce from origin to retail and records across field/orchard, packing, processing, transit, and storage.",bulk olive oil,oil ingredient,OIL-LOT-540,bulk olive oil lot OIL-LOT-540 moves from orchard to packing operation and cases are packed.,"[""initial_packing""]",[],manual_label_from_public_source_pattern
web500-0267,produce-orchard-packing,Produce traceability article,https://en.wikipedia.org/wiki/Produce_traceability,"The article describes tracking produce from origin to retail and records across field/orchard, packing, processing, transit, and storage.",bottled olive oil,finished oil,BOT-OIL-903,bottled olive oil lot BOT-OIL-903 moves from orchard to packing operation and cases are packed.,"[""initial_packing""]",[],manual_label_from_public_source_pattern
web500-0268,produce-orchard-packing,Produce traceability article,https://en.wikipedia.org/wiki/Produce_traceability,"The article describes tracking produce from origin to retail and records across field/orchard, packing, processing, transit, and storage.",fresh grapes,fresh produce,GRAPE-LOT-104,fresh grapes lot GRAPE-LOT-104 moves from orchard to packing operation and cases are packed.,"[""initial_packing""]",[],manual_label_from_public_source_pattern
web500-0269,produce-orchard-packing,Produce traceability article,https://en.wikipedia.org/wiki/Produce_traceability,"The article describes tracking produce from origin to retail and records across field/orchard, packing, processing, transit, and storage.",leaf lettuce,leafy greens,LETT-LOT-514,leaf lettuce lot LETT-LOT-514 moves from orchard to packing operation and cases are packed.,"[""initial_packing""]",[],manual_label_from_public_source_pattern
web500-0270,produce-orchard-packing,Produce traceability article,https://en.wikipedia.org/wiki/Produce_traceability,"The article describes tracking produce from origin to retail and records across field/orchard, packing, processing, transit, and storage.",prepared deli salad,prepared food,DELI-LOT-822,prepared deli salad lot DELI-LOT-822 moves from orchard to packing operation and cases are packed.,"[""initial_packing""]",[],manual_label_from_public_source_pattern
web500-0271,produce-processing,Produce traceability article,https://en.wikipedia.org/wiki/Produce_traceability,"The article describes tracking produce from origin to retail and records across field/orchard, packing, processing, transit, and storage.",fresh basil,fresh herbs,BASIL-LOT-042,fresh basil lot BASIL-LOT-042 is processed into a new form at the processor.,"[""transformation""]",[],manual_label_from_public_source_pattern
web500-0272,produce-processing,Produce traceability article,https://en.wikipedia.org/wiki/Produce_traceability,"The article describes tracking produce from origin to retail and records across field/orchard, packing, processing, transit, and storage.",fresh cucumber,fresh produce,CUC-LOT-118,fresh cucumber lot CUC-LOT-118 is processed into a new form at the processor.,"[""transformation""]",[],manual_label_from_public_source_pattern
web500-0273,produce-processing,Produce traceability article,https://en.wikipedia.org/wiki/Produce_traceability,"The article describes tracking produce from origin to retail and records across field/orchard, packing, processing, transit, and storage.",fresh sprouts,sprouts,SPR-LOT-220,fresh sprouts lot SPR-LOT-220 is processed into a new form at the processor.,"[""transformation""]",[],manual_label_from_public_source_pattern
web500-0274,produce-processing,Produce traceability article,https://en.wikipedia.org/wiki/Produce_traceability,"The article describes tracking produce from origin to retail and records across field/orchard, packing, processing, transit, and storage.",fresh tuna,seafood,TUNA-LOT-771,fresh tuna lot TUNA-LOT-771 is processed into a new form at the processor.,"[""transformation""]",[],manual_label_from_public_source_pattern
web500-0275,produce-processing,Produce traceability article,https://en.wikipedia.org/wiki/Produce_traceability,"The article describes tracking produce from origin to retail and records across field/orchard, packing, processing, transit, and storage.",soft cheese,soft cheese,CHEESE-LOT-319,soft cheese lot CHEESE-LOT-319 is processed into a new form at the processor.,"[""transformation""]",[],manual_label_from_public_source_pattern
web500-0276,produce-processing,Produce traceability article,https://en.wikipedia.org/wiki/Produce_traceability,"The article describes tracking produce from origin to retail and records across field/orchard, packing, processing, transit, and storage.",bulk olive oil,oil ingredient,OIL-LOT-540,bulk olive oil lot OIL-LOT-540 is processed into a new form at the processor.,"[""transformation""]",[],manual_label_from_public_source_pattern
web500-0277,produce-processing,Produce traceability article,https://en.wikipedia.org/wiki/Produce_traceability,"The article describes tracking produce from origin to retail and records across field/orchard, packing, processing, transit, and storage.",bottled olive oil,finished oil,BOT-OIL-903,bottled olive oil lot BOT-OIL-903 is processed into a new form at the processor.,"[""transformation""]",[],manual_label_from_public_source_pattern
web500-0278,produce-processing,Produce traceability article,https://en.wikipedia.org/wiki/Produce_traceability,"The article describes tracking produce from origin to retail and records across field/orchard, packing, processing, transit, and storage.",fresh grapes,fresh produce,GRAPE-LOT-104,fresh grapes lot GRAPE-LOT-104 is processed into a new form at the processor.,"[""transformation""]",[],manual_label_from_public_source_pattern
web500-0279,produce-processing,Produce traceability article,https://en.wikipedia.org/wiki/Produce_traceability,"The article describes tracking produce from origin to retail and records across field/orchard, packing, processing, transit, and storage.",leaf lettuce,leafy greens,LETT-LOT-514,leaf lettuce lot LETT-LOT-514 is processed into a new form at the processor.,"[""transformation""]",[],manual_label_from_public_source_pattern
web500-0280,produce-processing,Produce traceability article,https://en.wikipedia.org/wiki/Produce_traceability,"The article describes tracking produce from origin to retail and records across field/orchard, packing, processing, transit, and storage.",prepared deli salad,prepared food,DELI-LOT-822,prepared deli salad lot DELI-LOT-822 is processed into a new form at the processor.,"[""transformation""]",[],manual_label_from_public_source_pattern
web500-0281,produce-transit-storage,Produce traceability article,https://en.wikipedia.org/wiki/Produce_traceability,"The article describes tracking produce from origin to retail and records across field/orchard, packing, processing, transit, and storage.",fresh basil,fresh herbs,BASIL-LOT-042,"Traceability record shows source, location, movement, and storage conditions for fresh basil lot BASIL-LOT-042.","[""shipping""]",[],manual_label_from_public_source_pattern
web500-0282,produce-transit-storage,Produce traceability article,https://en.wikipedia.org/wiki/Produce_traceability,"The article describes tracking produce from origin to retail and records across field/orchard, packing, processing, transit, and storage.",fresh cucumber,fresh produce,CUC-LOT-118,"Traceability record shows source, location, movement, and storage conditions for fresh cucumber lot CUC-LOT-118.","[""shipping""]",[],manual_label_from_public_source_pattern
web500-0283,produce-transit-storage,Produce traceability article,https://en.wikipedia.org/wiki/Produce_traceability,"The article describes tracking produce from origin to retail and records across field/orchard, packing, processing, transit, and storage.",fresh sprouts,sprouts,SPR-LOT-220,"Traceability record shows source, location, movement, and storage conditions for fresh sprouts lot SPR-LOT-220.","[""shipping""]",[],manual_label_from_public_source_pattern
web500-0284,produce-transit-storage,Produce traceability article,https://en.wikipedia.org/wiki/Produce_traceability,"The article describes tracking produce from origin to retail and records across field/orchard, packing, processing, transit, and storage.",fresh tuna,seafood,TUNA-LOT-771,"Traceability record shows source, location, movement, and storage conditions for fresh tuna lot TUNA-LOT-771.","[""shipping""]",[],manual_label_from_public_source_pattern
web500-0285,produce-transit-storage,Produce traceability article,https://en.wikipedia.org/wiki/Produce_traceability,"The article describes tracking produce from origin to retail and records across field/orchard, packing, processing, transit, and storage.",soft cheese,soft cheese,CHEESE-LOT-319,"Traceability record shows source, location, movement, and storage conditions for soft cheese lot CHEESE-LOT-319.","[""shipping""]",[],manual_label_from_public_source_pattern
web500-0286,produce-transit-storage,Produce traceability article,https://en.wikipedia.org/wiki/Produce_traceability,"The article describes tracking produce from origin to retail and records across field/orchard, packing, processing, transit, and storage.",bulk olive oil,oil ingredient,OIL-LOT-540,"Traceability record shows source, location, movement, and storage conditions for bulk olive oil lot OIL-LOT-540.","[""shipping""]",[],manual_label_from_public_source_pattern
web500-0287,produce-transit-storage,Produce traceability article,https://en.wikipedia.org/wiki/Produce_traceability,"The article describes tracking produce from origin to retail and records across field/orchard, packing, processing, transit, and storage.",bottled olive oil,finished oil,BOT-OIL-903,"Traceability record shows source, location, movement, and storage conditions for bottled olive oil lot BOT-OIL-903.","[""shipping""]",[],manual_label_from_public_source_pattern
web500-0288,produce-transit-storage,Produce traceability article,https://en.wikipedia.org/wiki/Produce_traceability,"The article describes tracking produce from origin to retail and records across field/orchard, packing, processing, transit, and storage.",fresh grapes,fresh produce,GRAPE-LOT-104,"Traceability record shows source, location, movement, and storage conditions for fresh grapes lot GRAPE-LOT-104.","[""shipping""]",[],manual_label_from_public_source_pattern
web500-0289,produce-transit-storage,Produce traceability article,https://en.wikipedia.org/wiki/Produce_traceability,"The article describes tracking produce from origin to retail and records across field/orchard, packing, processing, transit, and storage.",leaf lettuce,leafy greens,LETT-LOT-514,"Traceability record shows source, location, movement, and storage conditions for leaf lettuce lot LETT-LOT-514.","[""shipping""]",[],manual_label_from_public_source_pattern
web500-0290,produce-transit-storage,Produce traceability article,https://en.wikipedia.org/wiki/Produce_traceability,"The article describes tracking produce from origin to retail and records across field/orchard, packing, processing, transit, and storage.",prepared deli salad,prepared food,DELI-LOT-822,"Traceability record shows source, location, movement, and storage conditions for prepared deli salad lot DELI-LOT-822.","[""shipping""]",[],manual_label_from_public_source_pattern
web500-0291,produce-cold-chain-only,Produce traceability article,https://en.wikipedia.org/wiki/Produce_traceability,"The article describes tracking produce from origin to retail and records across field/orchard, packing, processing, transit, and storage.",fresh basil,fresh herbs,BASIL-LOT-042,Controlled cold-chain reading exists for fresh basil lot BASIL-LOT-042 during storage only.,[],[],manual_label_from_public_source_pattern
web500-0292,produce-cold-chain-only,Produce traceability article,https://en.wikipedia.org/wiki/Produce_traceability,"The article describes tracking produce from origin to retail and records across field/orchard, packing, processing, transit, and storage.",fresh cucumber,fresh produce,CUC-LOT-118,Controlled cold-chain reading exists for fresh cucumber lot CUC-LOT-118 during storage only.,[],[],manual_label_from_public_source_pattern
web500-0293,produce-cold-chain-only,Produce traceability article,https://en.wikipedia.org/wiki/Produce_traceability,"The article describes tracking produce from origin to retail and records across field/orchard, packing, processing, transit, and storage.",fresh sprouts,sprouts,SPR-LOT-220,Controlled cold-chain reading exists for fresh sprouts lot SPR-LOT-220 during storage only.,[],[],manual_label_from_public_source_pattern
web500-0294,produce-cold-chain-only,Produce traceability article,https://en.wikipedia.org/wiki/Produce_traceability,"The article describes tracking produce from origin to retail and records across field/orchard, packing, processing, transit, and storage.",fresh tuna,seafood,TUNA-LOT-771,Controlled cold-chain reading exists for fresh tuna lot TUNA-LOT-771 during storage only.,[],[],manual_label_from_public_source_pattern
web500-0295,produce-cold-chain-only,Produce traceability article,https://en.wikipedia.org/wiki/Produce_traceability,"The article describes tracking produce from origin to retail and records across field/orchard, packing, processing, transit, and storage.",soft cheese,soft cheese,CHEESE-LOT-319,Controlled cold-chain reading exists for soft cheese lot CHEESE-LOT-319 during storage only.,[],[],manual_label_from_public_source_pattern
web500-0296,produce-cold-chain-only,Produce traceability article,https://en.wikipedia.org/wiki/Produce_traceability,"The article describes tracking produce from origin to retail and records across field/orchard, packing, processing, transit, and storage.",bulk olive oil,oil ingredient,OIL-LOT-540,Controlled cold-chain reading exists for bulk olive oil lot OIL-LOT-540 during storage only.,[],[],manual_label_from_public_source_pattern
web500-0297,produce-cold-chain-only,Produce traceability article,https://en.wikipedia.org/wiki/Produce_traceability,"The article describes tracking produce from origin to retail and records across field/orchard, packing, processing, transit, and storage.",bottled olive oil,finished oil,BOT-OIL-903,Controlled cold-chain reading exists for bottled olive oil lot BOT-OIL-903 during storage only.,[],[],manual_label_from_public_source_pattern
web500-0298,produce-cold-chain-only,Produce traceability article,https://en.wikipedia.org/wiki/Produce_traceability,"The article describes tracking produce from origin to retail and records across field/orchard, packing, processing, transit, and storage.",fresh grapes,fresh produce,GRAPE-LOT-104,Controlled cold-chain reading exists for fresh grapes lot GRAPE-LOT-104 during storage only.,[],[],manual_label_from_public_source_pattern
web500-0299,produce-cold-chain-only,Produce traceability article,https://en.wikipedia.org/wiki/Produce_traceability,"The article describes tracking produce from origin to retail and records across field/orchard, packing, processing, transit, and storage.",leaf lettuce,leafy greens,LETT-LOT-514,Controlled cold-chain reading exists for leaf lettuce lot LETT-LOT-514 during storage only.,[],[],manual_label_from_public_source_pattern
web500-0300,produce-cold-chain-only,Produce traceability article,https://en.wikipedia.org/wiki/Produce_traceability,"The article describes tracking produce from origin to retail and records across field/orchard, packing, processing, transit, and storage.",prepared deli salad,prepared food,DELI-LOT-822,Controlled cold-chain reading exists for prepared deli salad lot DELI-LOT-822 during storage only.,[],[],manual_label_from_public_source_pattern
web500-0301,traceability-movement-steps,Traceability article,https://en.wikipedia.org/wiki/Traceability,"The article describes food-processing traceability as recording movement and production-process steps, using unique identifiers through suppliers and future sales.",fresh basil,fresh herbs,BASIL-LOT-042,Food-processing traceability records all movement of fresh basil lot BASIL-LOT-042 through the production flow.,"[""shipping"", ""transformation""]",[],manual_label_from_public_source_pattern
web500-0302,traceability-movement-steps,Traceability article,https://en.wikipedia.org/wiki/Traceability,"The article describes food-processing traceability as recording movement and production-process steps, using unique identifiers through suppliers and future sales.",fresh cucumber,fresh produce,CUC-LOT-118,Food-processing traceability records all movement of fresh cucumber lot CUC-LOT-118 through the production flow.,"[""shipping"", ""transformation""]",[],manual_label_from_public_source_pattern
web500-0303,traceability-movement-steps,Traceability article,https://en.wikipedia.org/wiki/Traceability,"The article describes food-processing traceability as recording movement and production-process steps, using unique identifiers through suppliers and future sales.",fresh sprouts,sprouts,SPR-LOT-220,Food-processing traceability records all movement of fresh sprouts lot SPR-LOT-220 through the production flow.,"[""shipping"", ""transformation""]",[],manual_label_from_public_source_pattern
web500-0304,traceability-movement-steps,Traceability article,https://en.wikipedia.org/wiki/Traceability,"The article describes food-processing traceability as recording movement and production-process steps, using unique identifiers through suppliers and future sales.",fresh tuna,seafood,TUNA-LOT-771,Food-processing traceability records all movement of fresh tuna lot TUNA-LOT-771 through the production flow.,"[""shipping"", ""transformation""]",[],manual_label_from_public_source_pattern
web500-0305,traceability-movement-steps,Traceability article,https://en.wikipedia.org/wiki/Traceability,"The article describes food-processing traceability as recording movement and production-process steps, using unique identifiers through suppliers and future sales.",soft cheese,soft cheese,CHEESE-LOT-319,Food-processing traceability records all movement of soft cheese lot CHEESE-LOT-319 through the production flow.,"[""shipping"", ""transformation""]",[],manual_label_from_public_source_pattern
web500-0306,traceability-movement-steps,Traceability article,https://en.wikipedia.org/wiki/Traceability,"The article describes food-processing traceability as recording movement and production-process steps, using unique identifiers through suppliers and future sales.",bulk olive oil,oil ingredient,OIL-LOT-540,Food-processing traceability records all movement of bulk olive oil lot OIL-LOT-540 through the production flow.,"[""shipping"", ""transformation""]",[],manual_label_from_public_source_pattern
web500-0307,traceability-movement-steps,Traceability article,https://en.wikipedia.org/wiki/Traceability,"The article describes food-processing traceability as recording movement and production-process steps, using unique identifiers through suppliers and future sales.",bottled olive oil,finished oil,BOT-OIL-903,Food-processing traceability records all movement of bottled olive oil lot BOT-OIL-903 through the production flow.,"[""shipping"", ""transformation""]",[],manual_label_from_public_source_pattern
web500-0308,traceability-movement-steps,Traceability article,https://en.wikipedia.org/wiki/Traceability,"The article describes food-processing traceability as recording movement and production-process steps, using unique identifiers through suppliers and future sales.",fresh grapes,fresh produce,GRAPE-LOT-104,Food-processing traceability records all movement of fresh grapes lot GRAPE-LOT-104 through the production flow.,"[""shipping"", ""transformation""]",[],manual_label_from_public_source_pattern
web500-0309,traceability-movement-steps,Traceability article,https://en.wikipedia.org/wiki/Traceability,"The article describes food-processing traceability as recording movement and production-process steps, using unique identifiers through suppliers and future sales.",leaf lettuce,leafy greens,LETT-LOT-514,Food-processing traceability records all movement of leaf lettuce lot LETT-LOT-514 through the production flow.,"[""shipping"", ""transformation""]",[],manual_label_from_public_source_pattern
web500-0310,traceability-movement-steps,Traceability article,https://en.wikipedia.org/wiki/Traceability,"The article describes food-processing traceability as recording movement and production-process steps, using unique identifiers through suppliers and future sales.",prepared deli salad,prepared food,DELI-LOT-822,Food-processing traceability records all movement of prepared deli salad lot DELI-LOT-822 through the production flow.,"[""shipping"", ""transformation""]",[],manual_label_from_public_source_pattern
web500-0311,traceability-barcode-only,Traceability article,https://en.wikipedia.org/wiki/Traceability,"The article describes food-processing traceability as recording movement and production-process steps, using unique identifiers through suppliers and future sales.",fresh basil,fresh herbs,BASIL-LOT-042,Barcode identifier BASIL-LOT-042 can be traced through software messages and files.,[],[],manual_label_from_public_source_pattern
web500-0312,traceability-barcode-only,Traceability article,https://en.wikipedia.org/wiki/Traceability,"The article describes food-processing traceability as recording movement and production-process steps, using unique identifiers through suppliers and future sales.",fresh cucumber,fresh produce,CUC-LOT-118,Barcode identifier CUC-LOT-118 can be traced through software messages and files.,[],[],manual_label_from_public_source_pattern
web500-0313,traceability-barcode-only,Traceability article,https://en.wikipedia.org/wiki/Traceability,"The article describes food-processing traceability as recording movement and production-process steps, using unique identifiers through suppliers and future sales.",fresh sprouts,sprouts,SPR-LOT-220,Barcode identifier SPR-LOT-220 can be traced through software messages and files.,[],[],manual_label_from_public_source_pattern
web500-0314,traceability-barcode-only,Traceability article,https://en.wikipedia.org/wiki/Traceability,"The article describes food-processing traceability as recording movement and production-process steps, using unique identifiers through suppliers and future sales.",fresh tuna,seafood,TUNA-LOT-771,Barcode identifier TUNA-LOT-771 can be traced through software messages and files.,[],[],manual_label_from_public_source_pattern
web500-0315,traceability-barcode-only,Traceability article,https://en.wikipedia.org/wiki/Traceability,"The article describes food-processing traceability as recording movement and production-process steps, using unique identifiers through suppliers and future sales.",soft cheese,soft cheese,CHEESE-LOT-319,Barcode identifier CHEESE-LOT-319 can be traced through software messages and files.,[],[],manual_label_from_public_source_pattern
web500-0316,traceability-barcode-only,Traceability article,https://en.wikipedia.org/wiki/Traceability,"The article describes food-processing traceability as recording movement and production-process steps, using unique identifiers through suppliers and future sales.",bulk olive oil,oil ingredient,OIL-LOT-540,Barcode identifier OIL-LOT-540 can be traced through software messages and files.,[],[],manual_label_from_public_source_pattern
web500-0317,traceability-barcode-only,Traceability article,https://en.wikipedia.org/wiki/Traceability,"The article describes food-processing traceability as recording movement and production-process steps, using unique identifiers through suppliers and future sales.",bottled olive oil,finished oil,BOT-OIL-903,Barcode identifier BOT-OIL-903 can be traced through software messages and files.,[],[],manual_label_from_public_source_pattern
web500-0318,traceability-barcode-only,Traceability article,https://en.wikipedia.org/wiki/Traceability,"The article describes food-processing traceability as recording movement and production-process steps, using unique identifiers through suppliers and future sales.",fresh grapes,fresh produce,GRAPE-LOT-104,Barcode identifier GRAPE-LOT-104 can be traced through software messages and files.,[],[],manual_label_from_public_source_pattern
web500-0319,traceability-barcode-only,Traceability article,https://en.wikipedia.org/wiki/Traceability,"The article describes food-processing traceability as recording movement and production-process steps, using unique identifiers through suppliers and future sales.",leaf lettuce,leafy greens,LETT-LOT-514,Barcode identifier LETT-LOT-514 can be traced through software messages and files.,[],[],manual_label_from_public_source_pattern
web500-0320,traceability-barcode-only,Traceability article,https://en.wikipedia.org/wiki/Traceability,"The article describes food-processing traceability as recording movement and production-process steps, using unique identifiers through suppliers and future sales.",prepared deli salad,prepared food,DELI-LOT-822,Barcode identifier DELI-LOT-822 can be traced through software messages and files.,[],[],manual_label_from_public_source_pattern
web500-0321,traceability-supplier-sales,Traceability article,https://en.wikipedia.org/wiki/Traceability,"The article describes food-processing traceability as recording movement and production-process steps, using unique identifiers through suppliers and future sales.",fresh basil,fresh herbs,BASIL-LOT-042,System links fresh basil lot BASIL-LOT-042 to suppliers and future sales through the supply chain.,"[""shipping""]",[],manual_label_from_public_source_pattern
web500-0322,traceability-supplier-sales,Traceability article,https://en.wikipedia.org/wiki/Traceability,"The article describes food-processing traceability as recording movement and production-process steps, using unique identifiers through suppliers and future sales.",fresh cucumber,fresh produce,CUC-LOT-118,System links fresh cucumber lot CUC-LOT-118 to suppliers and future sales through the supply chain.,"[""shipping""]",[],manual_label_from_public_source_pattern
web500-0323,traceability-supplier-sales,Traceability article,https://en.wikipedia.org/wiki/Traceability,"The article describes food-processing traceability as recording movement and production-process steps, using unique identifiers through suppliers and future sales.",fresh sprouts,sprouts,SPR-LOT-220,System links fresh sprouts lot SPR-LOT-220 to suppliers and future sales through the supply chain.,"[""shipping""]",[],manual_label_from_public_source_pattern
web500-0324,traceability-supplier-sales,Traceability article,https://en.wikipedia.org/wiki/Traceability,"The article describes food-processing traceability as recording movement and production-process steps, using unique identifiers through suppliers and future sales.",fresh tuna,seafood,TUNA-LOT-771,System links fresh tuna lot TUNA-LOT-771 to suppliers and future sales through the supply chain.,"[""shipping""]",[],manual_label_from_public_source_pattern
web500-0325,traceability-supplier-sales,Traceability article,https://en.wikipedia.org/wiki/Traceability,"The article describes food-processing traceability as recording movement and production-process steps, using unique identifiers through suppliers and future sales.",soft cheese,soft cheese,CHEESE-LOT-319,System links soft cheese lot CHEESE-LOT-319 to suppliers and future sales through the supply chain.,"[""shipping""]",[],manual_label_from_public_source_pattern
web500-0326,traceability-supplier-sales,Traceability article,https://en.wikipedia.org/wiki/Traceability,"The article describes food-processing traceability as recording movement and production-process steps, using unique identifiers through suppliers and future sales.",bulk olive oil,oil ingredient,OIL-LOT-540,System links bulk olive oil lot OIL-LOT-540 to suppliers and future sales through the supply chain.,"[""shipping""]",[],manual_label_from_public_source_pattern
web500-0327,traceability-supplier-sales,Traceability article,https://en.wikipedia.org/wiki/Traceability,"The article describes food-processing traceability as recording movement and production-process steps, using unique identifiers through suppliers and future sales.",bottled olive oil,finished oil,BOT-OIL-903,System links bottled olive oil lot BOT-OIL-903 to suppliers and future sales through the supply chain.,"[""shipping""]",[],manual_label_from_public_source_pattern
web500-0328,traceability-supplier-sales,Traceability article,https://en.wikipedia.org/wiki/Traceability,"The article describes food-processing traceability as recording movement and production-process steps, using unique identifiers through suppliers and future sales.",fresh grapes,fresh produce,GRAPE-LOT-104,System links fresh grapes lot GRAPE-LOT-104 to suppliers and future sales through the supply chain.,"[""shipping""]",[],manual_label_from_public_source_pattern
web500-0329,traceability-supplier-sales,Traceability article,https://en.wikipedia.org/wiki/Traceability,"The article describes food-processing traceability as recording movement and production-process steps, using unique identifiers through suppliers and future sales.",leaf lettuce,leafy greens,LETT-LOT-514,System links leaf lettuce lot LETT-LOT-514 to suppliers and future sales through the supply chain.,"[""shipping""]",[],manual_label_from_public_source_pattern
web500-0330,traceability-supplier-sales,Traceability article,https://en.wikipedia.org/wiki/Traceability,"The article describes food-processing traceability as recording movement and production-process steps, using unique identifiers through suppliers and future sales.",prepared deli salad,prepared food,DELI-LOT-822,System links prepared deli salad lot DELI-LOT-822 to suppliers and future sales through the supply chain.,"[""shipping""]",[],manual_label_from_public_source_pattern
web500-0331,traceability-production-flow,Traceability article,https://en.wikipedia.org/wiki/Traceability,"The article describes food-processing traceability as recording movement and production-process steps, using unique identifiers through suppliers and future sales.",fresh basil,fresh herbs,BASIL-LOT-042,Production flow links supplier input lot BASIL-LOT-042 to finished output lot OUT-BASIL-LOT-042.,"[""transformation""]",[],manual_label_from_public_source_pattern
web500-0332,traceability-production-flow,Traceability article,https://en.wikipedia.org/wiki/Traceability,"The article describes food-processing traceability as recording movement and production-process steps, using unique identifiers through suppliers and future sales.",fresh cucumber,fresh produce,CUC-LOT-118,Production flow links supplier input lot CUC-LOT-118 to finished output lot OUT-CUC-LOT-118.,"[""transformation""]",[],manual_label_from_public_source_pattern
web500-0333,traceability-production-flow,Traceability article,https://en.wikipedia.org/wiki/Traceability,"The article describes food-processing traceability as recording movement and production-process steps, using unique identifiers through suppliers and future sales.",fresh sprouts,sprouts,SPR-LOT-220,Production flow links supplier input lot SPR-LOT-220 to finished output lot OUT-SPR-LOT-220.,"[""transformation""]",[],manual_label_from_public_source_pattern
web500-0334,traceability-production-flow,Traceability article,https://en.wikipedia.org/wiki/Traceability,"The article describes food-processing traceability as recording movement and production-process steps, using unique identifiers through suppliers and future sales.",fresh tuna,seafood,TUNA-LOT-771,Production flow links supplier input lot TUNA-LOT-771 to finished output lot OUT-TUNA-LOT-771.,"[""transformation""]",[],manual_label_from_public_source_pattern
web500-0335,traceability-production-flow,Traceability article,https://en.wikipedia.org/wiki/Traceability,"The article describes food-processing traceability as recording movement and production-process steps, using unique identifiers through suppliers and future sales.",soft cheese,soft cheese,CHEESE-LOT-319,Production flow links supplier input lot CHEESE-LOT-319 to finished output lot OUT-CHEESE-LOT-319.,"[""transformation""]",[],manual_label_from_public_source_pattern
web500-0336,traceability-production-flow,Traceability article,https://en.wikipedia.org/wiki/Traceability,"The article describes food-processing traceability as recording movement and production-process steps, using unique identifiers through suppliers and future sales.",bulk olive oil,oil ingredient,OIL-LOT-540,Production flow links supplier input lot OIL-LOT-540 to finished output lot OUT-OIL-LOT-540.,"[""transformation""]",[],manual_label_from_public_source_pattern
web500-0337,traceability-production-flow,Traceability article,https://en.wikipedia.org/wiki/Traceability,"The article describes food-processing traceability as recording movement and production-process steps, using unique identifiers through suppliers and future sales.",bottled olive oil,finished oil,BOT-OIL-903,Production flow links supplier input lot BOT-OIL-903 to finished output lot OUT-BOT-OIL-903.,"[""transformation""]",[],manual_label_from_public_source_pattern
web500-0338,traceability-production-flow,Traceability article,https://en.wikipedia.org/wiki/Traceability,"The article describes food-processing traceability as recording movement and production-process steps, using unique identifiers through suppliers and future sales.",fresh grapes,fresh produce,GRAPE-LOT-104,Production flow links supplier input lot GRAPE-LOT-104 to finished output lot OUT-GRAPE-LOT-104.,"[""transformation""]",[],manual_label_from_public_source_pattern
web500-0339,traceability-production-flow,Traceability article,https://en.wikipedia.org/wiki/Traceability,"The article describes food-processing traceability as recording movement and production-process steps, using unique identifiers through suppliers and future sales.",leaf lettuce,leafy greens,LETT-LOT-514,Production flow links supplier input lot LETT-LOT-514 to finished output lot OUT-LETT-LOT-514.,"[""transformation""]",[],manual_label_from_public_source_pattern
web500-0340,traceability-production-flow,Traceability article,https://en.wikipedia.org/wiki/Traceability,"The article describes food-processing traceability as recording movement and production-process steps, using unique identifiers through suppliers and future sales.",prepared deli salad,prepared food,DELI-LOT-822,Production flow links supplier input lot DELI-LOT-822 to finished output lot OUT-DELI-LOT-822.,"[""transformation""]",[],manual_label_from_public_source_pattern
web500-0341,traceability-recall-location,Traceability article,https://en.wikipedia.org/wiki/Traceability,"The article describes food-processing traceability as recording movement and production-process steps, using unique identifiers through suppliers and future sales.",fresh basil,fresh herbs,BASIL-LOT-042,"Recall trace identifies precise date, time, and location for fresh basil lot BASIL-LOT-042.",[],[],manual_label_from_public_source_pattern
web500-0342,traceability-recall-location,Traceability article,https://en.wikipedia.org/wiki/Traceability,"The article describes food-processing traceability as recording movement and production-process steps, using unique identifiers through suppliers and future sales.",fresh cucumber,fresh produce,CUC-LOT-118,"Recall trace identifies precise date, time, and location for fresh cucumber lot CUC-LOT-118.",[],[],manual_label_from_public_source_pattern
web500-0343,traceability-recall-location,Traceability article,https://en.wikipedia.org/wiki/Traceability,"The article describes food-processing traceability as recording movement and production-process steps, using unique identifiers through suppliers and future sales.",fresh sprouts,sprouts,SPR-LOT-220,"Recall trace identifies precise date, time, and location for fresh sprouts lot SPR-LOT-220.",[],[],manual_label_from_public_source_pattern
web500-0344,traceability-recall-location,Traceability article,https://en.wikipedia.org/wiki/Traceability,"The article describes food-processing traceability as recording movement and production-process steps, using unique identifiers through suppliers and future sales.",fresh tuna,seafood,TUNA-LOT-771,"Recall trace identifies precise date, time, and location for fresh tuna lot TUNA-LOT-771.",[],[],manual_label_from_public_source_pattern
web500-0345,traceability-recall-location,Traceability article,https://en.wikipedia.org/wiki/Traceability,"The article describes food-processing traceability as recording movement and production-process steps, using unique identifiers through suppliers and future sales.",soft cheese,soft cheese,CHEESE-LOT-319,"Recall trace identifies precise date, time, and location for soft cheese lot CHEESE-LOT-319.",[],[],manual_label_from_public_source_pattern
web500-0346,traceability-recall-location,Traceability article,https://en.wikipedia.org/wiki/Traceability,"The article describes food-processing traceability as recording movement and production-process steps, using unique identifiers through suppliers and future sales.",bulk olive oil,oil ingredient,OIL-LOT-540,"Recall trace identifies precise date, time, and location for bulk olive oil lot OIL-LOT-540.",[],[],manual_label_from_public_source_pattern
web500-0347,traceability-recall-location,Traceability article,https://en.wikipedia.org/wiki/Traceability,"The article describes food-processing traceability as recording movement and production-process steps, using unique identifiers through suppliers and future sales.",bottled olive oil,finished oil,BOT-OIL-903,"Recall trace identifies precise date, time, and location for bottled olive oil lot BOT-OIL-903.",[],[],manual_label_from_public_source_pattern
web500-0348,traceability-recall-location,Traceability article,https://en.wikipedia.org/wiki/Traceability,"The article describes food-processing traceability as recording movement and production-process steps, using unique identifiers through suppliers and future sales.",fresh grapes,fresh produce,GRAPE-LOT-104,"Recall trace identifies precise date, time, and location for fresh grapes lot GRAPE-LOT-104.",[],[],manual_label_from_public_source_pattern
web500-0349,traceability-recall-location,Traceability article,https://en.wikipedia.org/wiki/Traceability,"The article describes food-processing traceability as recording movement and production-process steps, using unique identifiers through suppliers and future sales.",leaf lettuce,leafy greens,LETT-LOT-514,"Recall trace identifies precise date, time, and location for leaf lettuce lot LETT-LOT-514.",[],[],manual_label_from_public_source_pattern
web500-0350,traceability-recall-location,Traceability article,https://en.wikipedia.org/wiki/Traceability,"The article describes food-processing traceability as recording movement and production-process steps, using unique identifiers through suppliers and future sales.",prepared deli salad,prepared food,DELI-LOT-822,"Recall trace identifies precise date, time, and location for prepared deli salad lot DELI-LOT-822.",[],[],manual_label_from_public_source_pattern
web500-0351,openfoodfacts-product-page,Open Food Facts article,https://en.wikipedia.org/wiki/Open_Food_Facts,"The article describes crowdsourced product metadata including product name, quantity, packaging, brand, category, processing locations, countries, retailers, and GTIN barcode identifiers.",fresh basil,fresh herbs,BASIL-LOT-042,"Open Food Facts product page lists product name, brand, packaging, category, and ingredients for fresh basil.",[],[],manual_label_from_public_source_pattern
web500-0352,openfoodfacts-product-page,Open Food Facts article,https://en.wikipedia.org/wiki/Open_Food_Facts,"The article describes crowdsourced product metadata including product name, quantity, packaging, brand, category, processing locations, countries, retailers, and GTIN barcode identifiers.",fresh cucumber,fresh produce,CUC-LOT-118,"Open Food Facts product page lists product name, brand, packaging, category, and ingredients for fresh cucumber.",[],[],manual_label_from_public_source_pattern
web500-0353,openfoodfacts-product-page,Open Food Facts article,https://en.wikipedia.org/wiki/Open_Food_Facts,"The article describes crowdsourced product metadata including product name, quantity, packaging, brand, category, processing locations, countries, retailers, and GTIN barcode identifiers.",fresh sprouts,sprouts,SPR-LOT-220,"Open Food Facts product page lists product name, brand, packaging, category, and ingredients for fresh sprouts.",[],[],manual_label_from_public_source_pattern
web500-0354,openfoodfacts-product-page,Open Food Facts article,https://en.wikipedia.org/wiki/Open_Food_Facts,"The article describes crowdsourced product metadata including product name, quantity, packaging, brand, category, processing locations, countries, retailers, and GTIN barcode identifiers.",fresh tuna,seafood,TUNA-LOT-771,"Open Food Facts product page lists product name, brand, packaging, category, and ingredients for fresh tuna.",[],[],manual_label_from_public_source_pattern
web500-0355,openfoodfacts-product-page,Open Food Facts article,https://en.wikipedia.org/wiki/Open_Food_Facts,"The article describes crowdsourced product metadata including product name, quantity, packaging, brand, category, processing locations, countries, retailers, and GTIN barcode identifiers.",soft cheese,soft cheese,CHEESE-LOT-319,"Open Food Facts product page lists product name, brand, packaging, category, and ingredients for soft cheese.",[],[],manual_label_from_public_source_pattern
web500-0356,openfoodfacts-product-page,Open Food Facts article,https://en.wikipedia.org/wiki/Open_Food_Facts,"The article describes crowdsourced product metadata including product name, quantity, packaging, brand, category, processing locations, countries, retailers, and GTIN barcode identifiers.",bulk olive oil,oil ingredient,OIL-LOT-540,"Open Food Facts product page lists product name, brand, packaging, category, and ingredients for bulk olive oil.",[],[],manual_label_from_public_source_pattern
web500-0357,openfoodfacts-product-page,Open Food Facts article,https://en.wikipedia.org/wiki/Open_Food_Facts,"The article describes crowdsourced product metadata including product name, quantity, packaging, brand, category, processing locations, countries, retailers, and GTIN barcode identifiers.",bottled olive oil,finished oil,BOT-OIL-903,"Open Food Facts product page lists product name, brand, packaging, category, and ingredients for bottled olive oil.",[],[],manual_label_from_public_source_pattern
web500-0358,openfoodfacts-product-page,Open Food Facts article,https://en.wikipedia.org/wiki/Open_Food_Facts,"The article describes crowdsourced product metadata including product name, quantity, packaging, brand, category, processing locations, countries, retailers, and GTIN barcode identifiers.",fresh grapes,fresh produce,GRAPE-LOT-104,"Open Food Facts product page lists product name, brand, packaging, category, and ingredients for fresh grapes.",[],[],manual_label_from_public_source_pattern
web500-0359,openfoodfacts-product-page,Open Food Facts article,https://en.wikipedia.org/wiki/Open_Food_Facts,"The article describes crowdsourced product metadata including product name, quantity, packaging, brand, category, processing locations, countries, retailers, and GTIN barcode identifiers.",leaf lettuce,leafy greens,LETT-LOT-514,"Open Food Facts product page lists product name, brand, packaging, category, and ingredients for leaf lettuce.",[],[],manual_label_from_public_source_pattern
web500-0360,openfoodfacts-product-page,Open Food Facts article,https://en.wikipedia.org/wiki/Open_Food_Facts,"The article describes crowdsourced product metadata including product name, quantity, packaging, brand, category, processing locations, countries, retailers, and GTIN barcode identifiers.",prepared deli salad,prepared food,DELI-LOT-822,"Open Food Facts product page lists product name, brand, packaging, category, and ingredients for prepared deli salad.",[],[],manual_label_from_public_source_pattern
web500-0361,openfoodfacts-gtin,Open Food Facts article,https://en.wikipedia.org/wiki/Open_Food_Facts,"The article describes crowdsourced product metadata including product name, quantity, packaging, brand, category, processing locations, countries, retailers, and GTIN barcode identifiers.",fresh basil,fresh herbs,BASIL-LOT-042,GTIN barcode identifies packaged product fresh basil but does not show a shipment or receipt event.,[],[],manual_label_from_public_source_pattern
web500-0362,openfoodfacts-gtin,Open Food Facts article,https://en.wikipedia.org/wiki/Open_Food_Facts,"The article describes crowdsourced product metadata including product name, quantity, packaging, brand, category, processing locations, countries, retailers, and GTIN barcode identifiers.",fresh cucumber,fresh produce,CUC-LOT-118,GTIN barcode identifies packaged product fresh cucumber but does not show a shipment or receipt event.,[],[],manual_label_from_public_source_pattern
web500-0363,openfoodfacts-gtin,Open Food Facts article,https://en.wikipedia.org/wiki/Open_Food_Facts,"The article describes crowdsourced product metadata including product name, quantity, packaging, brand, category, processing locations, countries, retailers, and GTIN barcode identifiers.",fresh sprouts,sprouts,SPR-LOT-220,GTIN barcode identifies packaged product fresh sprouts but does not show a shipment or receipt event.,[],[],manual_label_from_public_source_pattern
web500-0364,openfoodfacts-gtin,Open Food Facts article,https://en.wikipedia.org/wiki/Open_Food_Facts,"The article describes crowdsourced product metadata including product name, quantity, packaging, brand, category, processing locations, countries, retailers, and GTIN barcode identifiers.",fresh tuna,seafood,TUNA-LOT-771,GTIN barcode identifies packaged product fresh tuna but does not show a shipment or receipt event.,[],[],manual_label_from_public_source_pattern
web500-0365,openfoodfacts-gtin,Open Food Facts article,https://en.wikipedia.org/wiki/Open_Food_Facts,"The article describes crowdsourced product metadata including product name, quantity, packaging, brand, category, processing locations, countries, retailers, and GTIN barcode identifiers.",soft cheese,soft cheese,CHEESE-LOT-319,GTIN barcode identifies packaged product soft cheese but does not show a shipment or receipt event.,[],[],manual_label_from_public_source_pattern
web500-0366,openfoodfacts-gtin,Open Food Facts article,https://en.wikipedia.org/wiki/Open_Food_Facts,"The article describes crowdsourced product metadata including product name, quantity, packaging, brand, category, processing locations, countries, retailers, and GTIN barcode identifiers.",bulk olive oil,oil ingredient,OIL-LOT-540,GTIN barcode identifies packaged product bulk olive oil but does not show a shipment or receipt event.,[],[],manual_label_from_public_source_pattern
web500-0367,openfoodfacts-gtin,Open Food Facts article,https://en.wikipedia.org/wiki/Open_Food_Facts,"The article describes crowdsourced product metadata including product name, quantity, packaging, brand, category, processing locations, countries, retailers, and GTIN barcode identifiers.",bottled olive oil,finished oil,BOT-OIL-903,GTIN barcode identifies packaged product bottled olive oil but does not show a shipment or receipt event.,[],[],manual_label_from_public_source_pattern
web500-0368,openfoodfacts-gtin,Open Food Facts article,https://en.wikipedia.org/wiki/Open_Food_Facts,"The article describes crowdsourced product metadata including product name, quantity, packaging, brand, category, processing locations, countries, retailers, and GTIN barcode identifiers.",fresh grapes,fresh produce,GRAPE-LOT-104,GTIN barcode identifies packaged product fresh grapes but does not show a shipment or receipt event.,[],[],manual_label_from_public_source_pattern
web500-0369,openfoodfacts-gtin,Open Food Facts article,https://en.wikipedia.org/wiki/Open_Food_Facts,"The article describes crowdsourced product metadata including product name, quantity, packaging, brand, category, processing locations, countries, retailers, and GTIN barcode identifiers.",leaf lettuce,leafy greens,LETT-LOT-514,GTIN barcode identifies packaged product leaf lettuce but does not show a shipment or receipt event.,[],[],manual_label_from_public_source_pattern
web500-0370,openfoodfacts-gtin,Open Food Facts article,https://en.wikipedia.org/wiki/Open_Food_Facts,"The article describes crowdsourced product metadata including product name, quantity, packaging, brand, category, processing locations, countries, retailers, and GTIN barcode identifiers.",prepared deli salad,prepared food,DELI-LOT-822,GTIN barcode identifies packaged product prepared deli salad but does not show a shipment or receipt event.,[],[],manual_label_from_public_source_pattern
web500-0371,openfoodfacts-processing-location,Open Food Facts article,https://en.wikipedia.org/wiki/Open_Food_Facts,"The article describes crowdsourced product metadata including product name, quantity, packaging, brand, category, processing locations, countries, retailers, and GTIN barcode identifiers.",fresh basil,fresh herbs,BASIL-LOT-042,"Product metadata lists production or processing location for fresh basil, with no lot event row.",[],[],manual_label_from_public_source_pattern
web500-0372,openfoodfacts-processing-location,Open Food Facts article,https://en.wikipedia.org/wiki/Open_Food_Facts,"The article describes crowdsourced product metadata including product name, quantity, packaging, brand, category, processing locations, countries, retailers, and GTIN barcode identifiers.",fresh cucumber,fresh produce,CUC-LOT-118,"Product metadata lists production or processing location for fresh cucumber, with no lot event row.",[],[],manual_label_from_public_source_pattern
web500-0373,openfoodfacts-processing-location,Open Food Facts article,https://en.wikipedia.org/wiki/Open_Food_Facts,"The article describes crowdsourced product metadata including product name, quantity, packaging, brand, category, processing locations, countries, retailers, and GTIN barcode identifiers.",fresh sprouts,sprouts,SPR-LOT-220,"Product metadata lists production or processing location for fresh sprouts, with no lot event row.",[],[],manual_label_from_public_source_pattern
web500-0374,openfoodfacts-processing-location,Open Food Facts article,https://en.wikipedia.org/wiki/Open_Food_Facts,"The article describes crowdsourced product metadata including product name, quantity, packaging, brand, category, processing locations, countries, retailers, and GTIN barcode identifiers.",fresh tuna,seafood,TUNA-LOT-771,"Product metadata lists production or processing location for fresh tuna, with no lot event row.",[],[],manual_label_from_public_source_pattern
web500-0375,openfoodfacts-processing-location,Open Food Facts article,https://en.wikipedia.org/wiki/Open_Food_Facts,"The article describes crowdsourced product metadata including product name, quantity, packaging, brand, category, processing locations, countries, retailers, and GTIN barcode identifiers.",soft cheese,soft cheese,CHEESE-LOT-319,"Product metadata lists production or processing location for soft cheese, with no lot event row.",[],[],manual_label_from_public_source_pattern
web500-0376,openfoodfacts-processing-location,Open Food Facts article,https://en.wikipedia.org/wiki/Open_Food_Facts,"The article describes crowdsourced product metadata including product name, quantity, packaging, brand, category, processing locations, countries, retailers, and GTIN barcode identifiers.",bulk olive oil,oil ingredient,OIL-LOT-540,"Product metadata lists production or processing location for bulk olive oil, with no lot event row.",[],[],manual_label_from_public_source_pattern
web500-0377,openfoodfacts-processing-location,Open Food Facts article,https://en.wikipedia.org/wiki/Open_Food_Facts,"The article describes crowdsourced product metadata including product name, quantity, packaging, brand, category, processing locations, countries, retailers, and GTIN barcode identifiers.",bottled olive oil,finished oil,BOT-OIL-903,"Product metadata lists production or processing location for bottled olive oil, with no lot event row.",[],[],manual_label_from_public_source_pattern
web500-0378,openfoodfacts-processing-location,Open Food Facts article,https://en.wikipedia.org/wiki/Open_Food_Facts,"The article describes crowdsourced product metadata including product name, quantity, packaging, brand, category, processing locations, countries, retailers, and GTIN barcode identifiers.",fresh grapes,fresh produce,GRAPE-LOT-104,"Product metadata lists production or processing location for fresh grapes, with no lot event row.",[],[],manual_label_from_public_source_pattern
web500-0379,openfoodfacts-processing-location,Open Food Facts article,https://en.wikipedia.org/wiki/Open_Food_Facts,"The article describes crowdsourced product metadata including product name, quantity, packaging, brand, category, processing locations, countries, retailers, and GTIN barcode identifiers.",leaf lettuce,leafy greens,LETT-LOT-514,"Product metadata lists production or processing location for leaf lettuce, with no lot event row.",[],[],manual_label_from_public_source_pattern
web500-0380,openfoodfacts-processing-location,Open Food Facts article,https://en.wikipedia.org/wiki/Open_Food_Facts,"The article describes crowdsourced product metadata including product name, quantity, packaging, brand, category, processing locations, countries, retailers, and GTIN barcode identifiers.",prepared deli salad,prepared food,DELI-LOT-822,"Product metadata lists production or processing location for prepared deli salad, with no lot event row.",[],[],manual_label_from_public_source_pattern
web500-0381,openfoodfacts-retailer-country,Open Food Facts article,https://en.wikipedia.org/wiki/Open_Food_Facts,"The article describes crowdsourced product metadata including product name, quantity, packaging, brand, category, processing locations, countries, retailers, and GTIN barcode identifiers.",fresh basil,fresh herbs,BASIL-LOT-042,Product metadata lists countries and retailers where fresh basil is sold.,[],[],manual_label_from_public_source_pattern
web500-0382,openfoodfacts-retailer-country,Open Food Facts article,https://en.wikipedia.org/wiki/Open_Food_Facts,"The article describes crowdsourced product metadata including product name, quantity, packaging, brand, category, processing locations, countries, retailers, and GTIN barcode identifiers.",fresh cucumber,fresh produce,CUC-LOT-118,Product metadata lists countries and retailers where fresh cucumber is sold.,[],[],manual_label_from_public_source_pattern
web500-0383,openfoodfacts-retailer-country,Open Food Facts article,https://en.wikipedia.org/wiki/Open_Food_Facts,"The article describes crowdsourced product metadata including product name, quantity, packaging, brand, category, processing locations, countries, retailers, and GTIN barcode identifiers.",fresh sprouts,sprouts,SPR-LOT-220,Product metadata lists countries and retailers where fresh sprouts is sold.,[],[],manual_label_from_public_source_pattern
web500-0384,openfoodfacts-retailer-country,Open Food Facts article,https://en.wikipedia.org/wiki/Open_Food_Facts,"The article describes crowdsourced product metadata including product name, quantity, packaging, brand, category, processing locations, countries, retailers, and GTIN barcode identifiers.",fresh tuna,seafood,TUNA-LOT-771,Product metadata lists countries and retailers where fresh tuna is sold.,[],[],manual_label_from_public_source_pattern
web500-0385,openfoodfacts-retailer-country,Open Food Facts article,https://en.wikipedia.org/wiki/Open_Food_Facts,"The article describes crowdsourced product metadata including product name, quantity, packaging, brand, category, processing locations, countries, retailers, and GTIN barcode identifiers.",soft cheese,soft cheese,CHEESE-LOT-319,Product metadata lists countries and retailers where soft cheese is sold.,[],[],manual_label_from_public_source_pattern
web500-0386,openfoodfacts-retailer-country,Open Food Facts article,https://en.wikipedia.org/wiki/Open_Food_Facts,"The article describes crowdsourced product metadata including product name, quantity, packaging, brand, category, processing locations, countries, retailers, and GTIN barcode identifiers.",bulk olive oil,oil ingredient,OIL-LOT-540,Product metadata lists countries and retailers where bulk olive oil is sold.,[],[],manual_label_from_public_source_pattern
web500-0387,openfoodfacts-retailer-country,Open Food Facts article,https://en.wikipedia.org/wiki/Open_Food_Facts,"The article describes crowdsourced product metadata including product name, quantity, packaging, brand, category, processing locations, countries, retailers, and GTIN barcode identifiers.",bottled olive oil,finished oil,BOT-OIL-903,Product metadata lists countries and retailers where bottled olive oil is sold.,[],[],manual_label_from_public_source_pattern
web500-0388,openfoodfacts-retailer-country,Open Food Facts article,https://en.wikipedia.org/wiki/Open_Food_Facts,"The article describes crowdsourced product metadata including product name, quantity, packaging, brand, category, processing locations, countries, retailers, and GTIN barcode identifiers.",fresh grapes,fresh produce,GRAPE-LOT-104,Product metadata lists countries and retailers where fresh grapes is sold.,[],[],manual_label_from_public_source_pattern
web500-0389,openfoodfacts-retailer-country,Open Food Facts article,https://en.wikipedia.org/wiki/Open_Food_Facts,"The article describes crowdsourced product metadata including product name, quantity, packaging, brand, category, processing locations, countries, retailers, and GTIN barcode identifiers.",leaf lettuce,leafy greens,LETT-LOT-514,Product metadata lists countries and retailers where leaf lettuce is sold.,[],[],manual_label_from_public_source_pattern
web500-0390,openfoodfacts-retailer-country,Open Food Facts article,https://en.wikipedia.org/wiki/Open_Food_Facts,"The article describes crowdsourced product metadata including product name, quantity, packaging, brand, category, processing locations, countries, retailers, and GTIN barcode identifiers.",prepared deli salad,prepared food,DELI-LOT-822,Product metadata lists countries and retailers where prepared deli salad is sold.,[],[],manual_label_from_public_source_pattern
web500-0391,openfoodfacts-ingredient-list,Open Food Facts article,https://en.wikipedia.org/wiki/Open_Food_Facts,"The article describes crowdsourced product metadata including product name, quantity, packaging, brand, category, processing locations, countries, retailers, and GTIN barcode identifiers.",fresh basil,fresh herbs,BASIL-LOT-042,Ingredient list and allergen traces are recorded for fresh basil on a public product page.,[],[],manual_label_from_public_source_pattern
web500-0392,openfoodfacts-ingredient-list,Open Food Facts article,https://en.wikipedia.org/wiki/Open_Food_Facts,"The article describes crowdsourced product metadata including product name, quantity, packaging, brand, category, processing locations, countries, retailers, and GTIN barcode identifiers.",fresh cucumber,fresh produce,CUC-LOT-118,Ingredient list and allergen traces are recorded for fresh cucumber on a public product page.,[],[],manual_label_from_public_source_pattern
web500-0393,openfoodfacts-ingredient-list,Open Food Facts article,https://en.wikipedia.org/wiki/Open_Food_Facts,"The article describes crowdsourced product metadata including product name, quantity, packaging, brand, category, processing locations, countries, retailers, and GTIN barcode identifiers.",fresh sprouts,sprouts,SPR-LOT-220,Ingredient list and allergen traces are recorded for fresh sprouts on a public product page.,[],[],manual_label_from_public_source_pattern
web500-0394,openfoodfacts-ingredient-list,Open Food Facts article,https://en.wikipedia.org/wiki/Open_Food_Facts,"The article describes crowdsourced product metadata including product name, quantity, packaging, brand, category, processing locations, countries, retailers, and GTIN barcode identifiers.",fresh tuna,seafood,TUNA-LOT-771,Ingredient list and allergen traces are recorded for fresh tuna on a public product page.,[],[],manual_label_from_public_source_pattern
web500-0395,openfoodfacts-ingredient-list,Open Food Facts article,https://en.wikipedia.org/wiki/Open_Food_Facts,"The article describes crowdsourced product metadata including product name, quantity, packaging, brand, category, processing locations, countries, retailers, and GTIN barcode identifiers.",soft cheese,soft cheese,CHEESE-LOT-319,Ingredient list and allergen traces are recorded for soft cheese on a public product page.,[],[],manual_label_from_public_source_pattern
web500-0396,openfoodfacts-ingredient-list,Open Food Facts article,https://en.wikipedia.org/wiki/Open_Food_Facts,"The article describes crowdsourced product metadata including product name, quantity, packaging, brand, category, processing locations, countries, retailers, and GTIN barcode identifiers.",bulk olive oil,oil ingredient,OIL-LOT-540,Ingredient list and allergen traces are recorded for bulk olive oil on a public product page.,[],[],manual_label_from_public_source_pattern
web500-0397,openfoodfacts-ingredient-list,Open Food Facts article,https://en.wikipedia.org/wiki/Open_Food_Facts,"The article describes crowdsourced product metadata including product name, quantity, packaging, brand, category, processing locations, countries, retailers, and GTIN barcode identifiers.",bottled olive oil,finished oil,BOT-OIL-903,Ingredient list and allergen traces are recorded for bottled olive oil on a public product page.,[],[],manual_label_from_public_source_pattern
web500-0398,openfoodfacts-ingredient-list,Open Food Facts article,https://en.wikipedia.org/wiki/Open_Food_Facts,"The article describes crowdsourced product metadata including product name, quantity, packaging, brand, category, processing locations, countries, retailers, and GTIN barcode identifiers.",fresh grapes,fresh produce,GRAPE-LOT-104,Ingredient list and allergen traces are recorded for fresh grapes on a public product page.,[],[],manual_label_from_public_source_pattern
web500-0399,openfoodfacts-ingredient-list,Open Food Facts article,https://en.wikipedia.org/wiki/Open_Food_Facts,"The article describes crowdsourced product metadata including product name, quantity, packaging, brand, category, processing locations, countries, retailers, and GTIN barcode identifiers.",leaf lettuce,leafy greens,LETT-LOT-514,Ingredient list and allergen traces are recorded for leaf lettuce on a public product page.,[],[],manual_label_from_public_source_pattern
web500-0400,openfoodfacts-ingredient-list,Open Food Facts article,https://en.wikipedia.org/wiki/Open_Food_Facts,"The article describes crowdsourced product metadata including product name, quantity, packaging, brand, category, processing locations, countries, retailers, and GTIN barcode identifiers.",prepared deli salad,prepared food,DELI-LOT-822,Ingredient list and allergen traces are recorded for prepared deli salad on a public product page.,[],[],manual_label_from_public_source_pattern
web500-0401,mixed-inbound-warehouse,BioTrak food-chain logistics paper,https://arxiv.org/abs/2304.09601,"The paper describes inbound logistics with supplier delivery notes and batch codes, production linking input/output batch codes, outbound logistics, transporter roles, and transportation/transformation blocks.",fresh basil,fresh herbs,BASIL-LOT-042,"fresh basil lot BASIL-LOT-042 is received from supplier, unloaded at Warehouse B, and stored.","[""receiving""]",[],manual_label_from_public_source_pattern
web500-0402,mixed-inbound-warehouse,BioTrak food-chain logistics paper,https://arxiv.org/abs/2304.09601,"The paper describes inbound logistics with supplier delivery notes and batch codes, production linking input/output batch codes, outbound logistics, transporter roles, and transportation/transformation blocks.",fresh cucumber,fresh produce,CUC-LOT-118,"fresh cucumber lot CUC-LOT-118 is received from supplier, unloaded at Warehouse B, and stored.","[""receiving""]",[],manual_label_from_public_source_pattern
web500-0403,mixed-inbound-warehouse,BioTrak food-chain logistics paper,https://arxiv.org/abs/2304.09601,"The paper describes inbound logistics with supplier delivery notes and batch codes, production linking input/output batch codes, outbound logistics, transporter roles, and transportation/transformation blocks.",fresh sprouts,sprouts,SPR-LOT-220,"fresh sprouts lot SPR-LOT-220 is received from supplier, unloaded at Warehouse B, and stored.","[""receiving""]",[],manual_label_from_public_source_pattern
web500-0404,mixed-inbound-warehouse,BioTrak food-chain logistics paper,https://arxiv.org/abs/2304.09601,"The paper describes inbound logistics with supplier delivery notes and batch codes, production linking input/output batch codes, outbound logistics, transporter roles, and transportation/transformation blocks.",fresh tuna,seafood,TUNA-LOT-771,"fresh tuna lot TUNA-LOT-771 is received from supplier, unloaded at Warehouse B, and stored.","[""receiving""]",[],manual_label_from_public_source_pattern
web500-0405,mixed-inbound-warehouse,BioTrak food-chain logistics paper,https://arxiv.org/abs/2304.09601,"The paper describes inbound logistics with supplier delivery notes and batch codes, production linking input/output batch codes, outbound logistics, transporter roles, and transportation/transformation blocks.",soft cheese,soft cheese,CHEESE-LOT-319,"soft cheese lot CHEESE-LOT-319 is received from supplier, unloaded at Warehouse B, and stored.","[""receiving""]",[],manual_label_from_public_source_pattern
web500-0406,mixed-inbound-warehouse,BioTrak food-chain logistics paper,https://arxiv.org/abs/2304.09601,"The paper describes inbound logistics with supplier delivery notes and batch codes, production linking input/output batch codes, outbound logistics, transporter roles, and transportation/transformation blocks.",bulk olive oil,oil ingredient,OIL-LOT-540,"bulk olive oil lot OIL-LOT-540 is received from supplier, unloaded at Warehouse B, and stored.","[""receiving""]",[],manual_label_from_public_source_pattern
web500-0407,mixed-inbound-warehouse,BioTrak food-chain logistics paper,https://arxiv.org/abs/2304.09601,"The paper describes inbound logistics with supplier delivery notes and batch codes, production linking input/output batch codes, outbound logistics, transporter roles, and transportation/transformation blocks.",bottled olive oil,finished oil,BOT-OIL-903,"bottled olive oil lot BOT-OIL-903 is received from supplier, unloaded at Warehouse B, and stored.","[""receiving""]",[],manual_label_from_public_source_pattern
web500-0408,mixed-inbound-warehouse,BioTrak food-chain logistics paper,https://arxiv.org/abs/2304.09601,"The paper describes inbound logistics with supplier delivery notes and batch codes, production linking input/output batch codes, outbound logistics, transporter roles, and transportation/transformation blocks.",fresh grapes,fresh produce,GRAPE-LOT-104,"fresh grapes lot GRAPE-LOT-104 is received from supplier, unloaded at Warehouse B, and stored.","[""receiving""]",[],manual_label_from_public_source_pattern
web500-0409,mixed-inbound-warehouse,BioTrak food-chain logistics paper,https://arxiv.org/abs/2304.09601,"The paper describes inbound logistics with supplier delivery notes and batch codes, production linking input/output batch codes, outbound logistics, transporter roles, and transportation/transformation blocks.",leaf lettuce,leafy greens,LETT-LOT-514,"leaf lettuce lot LETT-LOT-514 is received from supplier, unloaded at Warehouse B, and stored.","[""receiving""]",[],manual_label_from_public_source_pattern
web500-0410,mixed-inbound-warehouse,BioTrak food-chain logistics paper,https://arxiv.org/abs/2304.09601,"The paper describes inbound logistics with supplier delivery notes and batch codes, production linking input/output batch codes, outbound logistics, transporter roles, and transportation/transformation blocks.",prepared deli salad,prepared food,DELI-LOT-822,"prepared deli salad lot DELI-LOT-822 is received from supplier, unloaded at Warehouse B, and stored.","[""receiving""]",[],manual_label_from_public_source_pattern
web500-0411,mixed-outbound-retail,Produce traceability article,https://en.wikipedia.org/wiki/Produce_traceability,"The article describes tracking produce from origin to retail and records across field/orchard, packing, processing, transit, and storage.",fresh basil,fresh herbs,BASIL-LOT-042,fresh basil lot BASIL-LOT-042 leaves warehouse for retail customer and is tracked to store shelf.,"[""shipping""]",[],manual_label_from_public_source_pattern
web500-0412,mixed-outbound-retail,Produce traceability article,https://en.wikipedia.org/wiki/Produce_traceability,"The article describes tracking produce from origin to retail and records across field/orchard, packing, processing, transit, and storage.",fresh cucumber,fresh produce,CUC-LOT-118,fresh cucumber lot CUC-LOT-118 leaves warehouse for retail customer and is tracked to store shelf.,"[""shipping""]",[],manual_label_from_public_source_pattern
web500-0413,mixed-outbound-retail,Produce traceability article,https://en.wikipedia.org/wiki/Produce_traceability,"The article describes tracking produce from origin to retail and records across field/orchard, packing, processing, transit, and storage.",fresh sprouts,sprouts,SPR-LOT-220,fresh sprouts lot SPR-LOT-220 leaves warehouse for retail customer and is tracked to store shelf.,"[""shipping""]",[],manual_label_from_public_source_pattern
web500-0414,mixed-outbound-retail,Produce traceability article,https://en.wikipedia.org/wiki/Produce_traceability,"The article describes tracking produce from origin to retail and records across field/orchard, packing, processing, transit, and storage.",fresh tuna,seafood,TUNA-LOT-771,fresh tuna lot TUNA-LOT-771 leaves warehouse for retail customer and is tracked to store shelf.,"[""shipping""]",[],manual_label_from_public_source_pattern
web500-0415,mixed-outbound-retail,Produce traceability article,https://en.wikipedia.org/wiki/Produce_traceability,"The article describes tracking produce from origin to retail and records across field/orchard, packing, processing, transit, and storage.",soft cheese,soft cheese,CHEESE-LOT-319,soft cheese lot CHEESE-LOT-319 leaves warehouse for retail customer and is tracked to store shelf.,"[""shipping""]",[],manual_label_from_public_source_pattern
web500-0416,mixed-outbound-retail,Produce traceability article,https://en.wikipedia.org/wiki/Produce_traceability,"The article describes tracking produce from origin to retail and records across field/orchard, packing, processing, transit, and storage.",bulk olive oil,oil ingredient,OIL-LOT-540,bulk olive oil lot OIL-LOT-540 leaves warehouse for retail customer and is tracked to store shelf.,"[""shipping""]",[],manual_label_from_public_source_pattern
web500-0417,mixed-outbound-retail,Produce traceability article,https://en.wikipedia.org/wiki/Produce_traceability,"The article describes tracking produce from origin to retail and records across field/orchard, packing, processing, transit, and storage.",bottled olive oil,finished oil,BOT-OIL-903,bottled olive oil lot BOT-OIL-903 leaves warehouse for retail customer and is tracked to store shelf.,"[""shipping""]",[],manual_label_from_public_source_pattern
web500-0418,mixed-outbound-retail,Produce traceability article,https://en.wikipedia.org/wiki/Produce_traceability,"The article describes tracking produce from origin to retail and records across field/orchard, packing, processing, transit, and storage.",fresh grapes,fresh produce,GRAPE-LOT-104,fresh grapes lot GRAPE-LOT-104 leaves warehouse for retail customer and is tracked to store shelf.,"[""shipping""]",[],manual_label_from_public_source_pattern
web500-0419,mixed-outbound-retail,Produce traceability article,https://en.wikipedia.org/wiki/Produce_traceability,"The article describes tracking produce from origin to retail and records across field/orchard, packing, processing, transit, and storage.",leaf lettuce,leafy greens,LETT-LOT-514,leaf lettuce lot LETT-LOT-514 leaves warehouse for retail customer and is tracked to store shelf.,"[""shipping""]",[],manual_label_from_public_source_pattern
web500-0420,mixed-outbound-retail,Produce traceability article,https://en.wikipedia.org/wiki/Produce_traceability,"The article describes tracking produce from origin to retail and records across field/orchard, packing, processing, transit, and storage.",prepared deli salad,prepared food,DELI-LOT-822,prepared deli salad lot DELI-LOT-822 leaves warehouse for retail customer and is tracked to store shelf.,"[""shipping""]",[],manual_label_from_public_source_pattern
web500-0421,mixed-transform-ship,SmartProduct EPCIS/IoT paper,https://arxiv.org/abs/2210.09140,"The paper describes product manufactured, loaded/unloaded into/from trucks, transformed, pallet shipping, batch-level product lots, and IoT transport monitoring.",fresh basil,fresh herbs,BASIL-LOT-042,"fresh basil lot BASIL-LOT-042 is manufactured, packed, and shipped to a distributor.","[""transformation"", ""shipping""]",[],manual_label_from_public_source_pattern
web500-0422,mixed-transform-ship,SmartProduct EPCIS/IoT paper,https://arxiv.org/abs/2210.09140,"The paper describes product manufactured, loaded/unloaded into/from trucks, transformed, pallet shipping, batch-level product lots, and IoT transport monitoring.",fresh cucumber,fresh produce,CUC-LOT-118,"fresh cucumber lot CUC-LOT-118 is manufactured, packed, and shipped to a distributor.","[""transformation"", ""shipping""]",[],manual_label_from_public_source_pattern
web500-0423,mixed-transform-ship,SmartProduct EPCIS/IoT paper,https://arxiv.org/abs/2210.09140,"The paper describes product manufactured, loaded/unloaded into/from trucks, transformed, pallet shipping, batch-level product lots, and IoT transport monitoring.",fresh sprouts,sprouts,SPR-LOT-220,"fresh sprouts lot SPR-LOT-220 is manufactured, packed, and shipped to a distributor.","[""transformation"", ""shipping""]",[],manual_label_from_public_source_pattern
web500-0424,mixed-transform-ship,SmartProduct EPCIS/IoT paper,https://arxiv.org/abs/2210.09140,"The paper describes product manufactured, loaded/unloaded into/from trucks, transformed, pallet shipping, batch-level product lots, and IoT transport monitoring.",fresh tuna,seafood,TUNA-LOT-771,"fresh tuna lot TUNA-LOT-771 is manufactured, packed, and shipped to a distributor.","[""transformation"", ""shipping""]",[],manual_label_from_public_source_pattern
web500-0425,mixed-transform-ship,SmartProduct EPCIS/IoT paper,https://arxiv.org/abs/2210.09140,"The paper describes product manufactured, loaded/unloaded into/from trucks, transformed, pallet shipping, batch-level product lots, and IoT transport monitoring.",soft cheese,soft cheese,CHEESE-LOT-319,"soft cheese lot CHEESE-LOT-319 is manufactured, packed, and shipped to a distributor.","[""transformation"", ""shipping""]",[],manual_label_from_public_source_pattern
web500-0426,mixed-transform-ship,SmartProduct EPCIS/IoT paper,https://arxiv.org/abs/2210.09140,"The paper describes product manufactured, loaded/unloaded into/from trucks, transformed, pallet shipping, batch-level product lots, and IoT transport monitoring.",bulk olive oil,oil ingredient,OIL-LOT-540,"bulk olive oil lot OIL-LOT-540 is manufactured, packed, and shipped to a distributor.","[""transformation"", ""shipping""]",[],manual_label_from_public_source_pattern
web500-0427,mixed-transform-ship,SmartProduct EPCIS/IoT paper,https://arxiv.org/abs/2210.09140,"The paper describes product manufactured, loaded/unloaded into/from trucks, transformed, pallet shipping, batch-level product lots, and IoT transport monitoring.",bottled olive oil,finished oil,BOT-OIL-903,"bottled olive oil lot BOT-OIL-903 is manufactured, packed, and shipped to a distributor.","[""transformation"", ""shipping""]",[],manual_label_from_public_source_pattern
web500-0428,mixed-transform-ship,SmartProduct EPCIS/IoT paper,https://arxiv.org/abs/2210.09140,"The paper describes product manufactured, loaded/unloaded into/from trucks, transformed, pallet shipping, batch-level product lots, and IoT transport monitoring.",fresh grapes,fresh produce,GRAPE-LOT-104,"fresh grapes lot GRAPE-LOT-104 is manufactured, packed, and shipped to a distributor.","[""transformation"", ""shipping""]",[],manual_label_from_public_source_pattern
web500-0429,mixed-transform-ship,SmartProduct EPCIS/IoT paper,https://arxiv.org/abs/2210.09140,"The paper describes product manufactured, loaded/unloaded into/from trucks, transformed, pallet shipping, batch-level product lots, and IoT transport monitoring.",leaf lettuce,leafy greens,LETT-LOT-514,"leaf lettuce lot LETT-LOT-514 is manufactured, packed, and shipped to a distributor.","[""transformation"", ""shipping""]",[],manual_label_from_public_source_pattern
web500-0430,mixed-transform-ship,SmartProduct EPCIS/IoT paper,https://arxiv.org/abs/2210.09140,"The paper describes product manufactured, loaded/unloaded into/from trucks, transformed, pallet shipping, batch-level product lots, and IoT transport monitoring.",prepared deli salad,prepared food,DELI-LOT-822,"prepared deli salad lot DELI-LOT-822 is manufactured, packed, and shipped to a distributor.","[""transformation"", ""shipping""]",[],manual_label_from_public_source_pattern
web500-0431,mixed-receive-transform,Traceability article,https://en.wikipedia.org/wiki/Traceability,"The article describes food-processing traceability as recording movement and production-process steps, using unique identifiers through suppliers and future sales.",fresh basil,fresh herbs,BASIL-LOT-042,fresh basil lot BASIL-LOT-042 is received from supplier and consumed in production to make OUT-BASIL-LOT-042.,"[""receiving"", ""transformation""]",[],manual_label_from_public_source_pattern
web500-0432,mixed-receive-transform,Traceability article,https://en.wikipedia.org/wiki/Traceability,"The article describes food-processing traceability as recording movement and production-process steps, using unique identifiers through suppliers and future sales.",fresh cucumber,fresh produce,CUC-LOT-118,fresh cucumber lot CUC-LOT-118 is received from supplier and consumed in production to make OUT-CUC-LOT-118.,"[""receiving"", ""transformation""]",[],manual_label_from_public_source_pattern
web500-0433,mixed-receive-transform,Traceability article,https://en.wikipedia.org/wiki/Traceability,"The article describes food-processing traceability as recording movement and production-process steps, using unique identifiers through suppliers and future sales.",fresh sprouts,sprouts,SPR-LOT-220,fresh sprouts lot SPR-LOT-220 is received from supplier and consumed in production to make OUT-SPR-LOT-220.,"[""receiving"", ""transformation""]",[],manual_label_from_public_source_pattern
web500-0434,mixed-receive-transform,Traceability article,https://en.wikipedia.org/wiki/Traceability,"The article describes food-processing traceability as recording movement and production-process steps, using unique identifiers through suppliers and future sales.",fresh tuna,seafood,TUNA-LOT-771,fresh tuna lot TUNA-LOT-771 is received from supplier and consumed in production to make OUT-TUNA-LOT-771.,"[""receiving"", ""transformation""]",[],manual_label_from_public_source_pattern
web500-0435,mixed-receive-transform,Traceability article,https://en.wikipedia.org/wiki/Traceability,"The article describes food-processing traceability as recording movement and production-process steps, using unique identifiers through suppliers and future sales.",soft cheese,soft cheese,CHEESE-LOT-319,soft cheese lot CHEESE-LOT-319 is received from supplier and consumed in production to make OUT-CHEESE-LOT-319.,"[""receiving"", ""transformation""]",[],manual_label_from_public_source_pattern
web500-0436,mixed-receive-transform,Traceability article,https://en.wikipedia.org/wiki/Traceability,"The article describes food-processing traceability as recording movement and production-process steps, using unique identifiers through suppliers and future sales.",bulk olive oil,oil ingredient,OIL-LOT-540,bulk olive oil lot OIL-LOT-540 is received from supplier and consumed in production to make OUT-OIL-LOT-540.,"[""receiving"", ""transformation""]",[],manual_label_from_public_source_pattern
web500-0437,mixed-receive-transform,Traceability article,https://en.wikipedia.org/wiki/Traceability,"The article describes food-processing traceability as recording movement and production-process steps, using unique identifiers through suppliers and future sales.",bottled olive oil,finished oil,BOT-OIL-903,bottled olive oil lot BOT-OIL-903 is received from supplier and consumed in production to make OUT-BOT-OIL-903.,"[""receiving"", ""transformation""]",[],manual_label_from_public_source_pattern
web500-0438,mixed-receive-transform,Traceability article,https://en.wikipedia.org/wiki/Traceability,"The article describes food-processing traceability as recording movement and production-process steps, using unique identifiers through suppliers and future sales.",fresh grapes,fresh produce,GRAPE-LOT-104,fresh grapes lot GRAPE-LOT-104 is received from supplier and consumed in production to make OUT-GRAPE-LOT-104.,"[""receiving"", ""transformation""]",[],manual_label_from_public_source_pattern
web500-0439,mixed-receive-transform,Traceability article,https://en.wikipedia.org/wiki/Traceability,"The article describes food-processing traceability as recording movement and production-process steps, using unique identifiers through suppliers and future sales.",leaf lettuce,leafy greens,LETT-LOT-514,leaf lettuce lot LETT-LOT-514 is received from supplier and consumed in production to make OUT-LETT-LOT-514.,"[""receiving"", ""transformation""]",[],manual_label_from_public_source_pattern
web500-0440,mixed-receive-transform,Traceability article,https://en.wikipedia.org/wiki/Traceability,"The article describes food-processing traceability as recording movement and production-process steps, using unique identifiers through suppliers and future sales.",prepared deli salad,prepared food,DELI-LOT-822,prepared deli salad lot DELI-LOT-822 is received from supplier and consumed in production to make OUT-DELI-LOT-822.,"[""receiving"", ""transformation""]",[],manual_label_from_public_source_pattern
web500-0441,mixed-transfer-internal,SmartProduct EPCIS/IoT paper,https://arxiv.org/abs/2210.09140,"The paper describes product manufactured, loaded/unloaded into/from trucks, transformed, pallet shipping, batch-level product lots, and IoT transport monitoring.",fresh basil,fresh herbs,BASIL-LOT-042,fresh basil lot BASIL-LOT-042 moves internally from Warehouse A to freezer room inside the same facility.,[],"[""shipping""]",manual_label_from_public_source_pattern
web500-0442,mixed-transfer-internal,SmartProduct EPCIS/IoT paper,https://arxiv.org/abs/2210.09140,"The paper describes product manufactured, loaded/unloaded into/from trucks, transformed, pallet shipping, batch-level product lots, and IoT transport monitoring.",fresh cucumber,fresh produce,CUC-LOT-118,fresh cucumber lot CUC-LOT-118 moves internally from Warehouse A to freezer room inside the same facility.,[],"[""shipping""]",manual_label_from_public_source_pattern
web500-0443,mixed-transfer-internal,SmartProduct EPCIS/IoT paper,https://arxiv.org/abs/2210.09140,"The paper describes product manufactured, loaded/unloaded into/from trucks, transformed, pallet shipping, batch-level product lots, and IoT transport monitoring.",fresh sprouts,sprouts,SPR-LOT-220,fresh sprouts lot SPR-LOT-220 moves internally from Warehouse A to freezer room inside the same facility.,[],"[""shipping""]",manual_label_from_public_source_pattern
web500-0444,mixed-transfer-internal,SmartProduct EPCIS/IoT paper,https://arxiv.org/abs/2210.09140,"The paper describes product manufactured, loaded/unloaded into/from trucks, transformed, pallet shipping, batch-level product lots, and IoT transport monitoring.",fresh tuna,seafood,TUNA-LOT-771,fresh tuna lot TUNA-LOT-771 moves internally from Warehouse A to freezer room inside the same facility.,[],"[""shipping""]",manual_label_from_public_source_pattern
web500-0445,mixed-transfer-internal,SmartProduct EPCIS/IoT paper,https://arxiv.org/abs/2210.09140,"The paper describes product manufactured, loaded/unloaded into/from trucks, transformed, pallet shipping, batch-level product lots, and IoT transport monitoring.",soft cheese,soft cheese,CHEESE-LOT-319,soft cheese lot CHEESE-LOT-319 moves internally from Warehouse A to freezer room inside the same facility.,[],"[""shipping""]",manual_label_from_public_source_pattern
web500-0446,mixed-transfer-internal,SmartProduct EPCIS/IoT paper,https://arxiv.org/abs/2210.09140,"The paper describes product manufactured, loaded/unloaded into/from trucks, transformed, pallet shipping, batch-level product lots, and IoT transport monitoring.",bulk olive oil,oil ingredient,OIL-LOT-540,bulk olive oil lot OIL-LOT-540 moves internally from Warehouse A to freezer room inside the same facility.,[],"[""shipping""]",manual_label_from_public_source_pattern
web500-0447,mixed-transfer-internal,SmartProduct EPCIS/IoT paper,https://arxiv.org/abs/2210.09140,"The paper describes product manufactured, loaded/unloaded into/from trucks, transformed, pallet shipping, batch-level product lots, and IoT transport monitoring.",bottled olive oil,finished oil,BOT-OIL-903,bottled olive oil lot BOT-OIL-903 moves internally from Warehouse A to freezer room inside the same facility.,[],"[""shipping""]",manual_label_from_public_source_pattern
web500-0448,mixed-transfer-internal,SmartProduct EPCIS/IoT paper,https://arxiv.org/abs/2210.09140,"The paper describes product manufactured, loaded/unloaded into/from trucks, transformed, pallet shipping, batch-level product lots, and IoT transport monitoring.",fresh grapes,fresh produce,GRAPE-LOT-104,fresh grapes lot GRAPE-LOT-104 moves internally from Warehouse A to freezer room inside the same facility.,[],"[""shipping""]",manual_label_from_public_source_pattern
web500-0449,mixed-transfer-internal,SmartProduct EPCIS/IoT paper,https://arxiv.org/abs/2210.09140,"The paper describes product manufactured, loaded/unloaded into/from trucks, transformed, pallet shipping, batch-level product lots, and IoT transport monitoring.",leaf lettuce,leafy greens,LETT-LOT-514,leaf lettuce lot LETT-LOT-514 moves internally from Warehouse A to freezer room inside the same facility.,[],"[""shipping""]",manual_label_from_public_source_pattern
web500-0450,mixed-transfer-internal,SmartProduct EPCIS/IoT paper,https://arxiv.org/abs/2210.09140,"The paper describes product manufactured, loaded/unloaded into/from trucks, transformed, pallet shipping, batch-level product lots, and IoT transport monitoring.",prepared deli salad,prepared food,DELI-LOT-822,prepared deli salad lot DELI-LOT-822 moves internally from Warehouse A to freezer room inside the same facility.,[],"[""shipping""]",manual_label_from_public_source_pattern
web500-0451,mixed-return-correction,GS1 EPCIS Standard,https://ref.gs1.org/standards/epcis/,"EPCIS defines visibility event data, shipping business-step examples, and TransformationEvent input/output semantics.",fresh basil,fresh herbs,BASIL-LOT-042,Correction record reverses prior shipping event for fresh basil lot BASIL-LOT-042.,[],"[""shipping""]",manual_label_from_public_source_pattern
web500-0452,mixed-return-correction,GS1 EPCIS Standard,https://ref.gs1.org/standards/epcis/,"EPCIS defines visibility event data, shipping business-step examples, and TransformationEvent input/output semantics.",fresh cucumber,fresh produce,CUC-LOT-118,Correction record reverses prior shipping event for fresh cucumber lot CUC-LOT-118.,[],"[""shipping""]",manual_label_from_public_source_pattern
web500-0453,mixed-return-correction,GS1 EPCIS Standard,https://ref.gs1.org/standards/epcis/,"EPCIS defines visibility event data, shipping business-step examples, and TransformationEvent input/output semantics.",fresh sprouts,sprouts,SPR-LOT-220,Correction record reverses prior shipping event for fresh sprouts lot SPR-LOT-220.,[],"[""shipping""]",manual_label_from_public_source_pattern
web500-0454,mixed-return-correction,GS1 EPCIS Standard,https://ref.gs1.org/standards/epcis/,"EPCIS defines visibility event data, shipping business-step examples, and TransformationEvent input/output semantics.",fresh tuna,seafood,TUNA-LOT-771,Correction record reverses prior shipping event for fresh tuna lot TUNA-LOT-771.,[],"[""shipping""]",manual_label_from_public_source_pattern
web500-0455,mixed-return-correction,GS1 EPCIS Standard,https://ref.gs1.org/standards/epcis/,"EPCIS defines visibility event data, shipping business-step examples, and TransformationEvent input/output semantics.",soft cheese,soft cheese,CHEESE-LOT-319,Correction record reverses prior shipping event for soft cheese lot CHEESE-LOT-319.,[],"[""shipping""]",manual_label_from_public_source_pattern
web500-0456,mixed-return-correction,GS1 EPCIS Standard,https://ref.gs1.org/standards/epcis/,"EPCIS defines visibility event data, shipping business-step examples, and TransformationEvent input/output semantics.",bulk olive oil,oil ingredient,OIL-LOT-540,Correction record reverses prior shipping event for bulk olive oil lot OIL-LOT-540.,[],"[""shipping""]",manual_label_from_public_source_pattern
web500-0457,mixed-return-correction,GS1 EPCIS Standard,https://ref.gs1.org/standards/epcis/,"EPCIS defines visibility event data, shipping business-step examples, and TransformationEvent input/output semantics.",bottled olive oil,finished oil,BOT-OIL-903,Correction record reverses prior shipping event for bottled olive oil lot BOT-OIL-903.,[],"[""shipping""]",manual_label_from_public_source_pattern
web500-0458,mixed-return-correction,GS1 EPCIS Standard,https://ref.gs1.org/standards/epcis/,"EPCIS defines visibility event data, shipping business-step examples, and TransformationEvent input/output semantics.",fresh grapes,fresh produce,GRAPE-LOT-104,Correction record reverses prior shipping event for fresh grapes lot GRAPE-LOT-104.,[],"[""shipping""]",manual_label_from_public_source_pattern
web500-0459,mixed-return-correction,GS1 EPCIS Standard,https://ref.gs1.org/standards/epcis/,"EPCIS defines visibility event data, shipping business-step examples, and TransformationEvent input/output semantics.",leaf lettuce,leafy greens,LETT-LOT-514,Correction record reverses prior shipping event for leaf lettuce lot LETT-LOT-514.,[],"[""shipping""]",manual_label_from_public_source_pattern
web500-0460,mixed-return-correction,GS1 EPCIS Standard,https://ref.gs1.org/standards/epcis/,"EPCIS defines visibility event data, shipping business-step examples, and TransformationEvent input/output semantics.",prepared deli salad,prepared food,DELI-LOT-822,Correction record reverses prior shipping event for prepared deli salad lot DELI-LOT-822.,[],"[""shipping""]",manual_label_from_public_source_pattern
web500-0461,mixed-delivery-note-out,BioTrak food-chain logistics paper,https://arxiv.org/abs/2304.09601,"The paper describes inbound logistics with supplier delivery notes and batch codes, production linking input/output batch codes, outbound logistics, transporter roles, and transportation/transformation blocks.",fresh basil,fresh herbs,BASIL-LOT-042,Delivery note accompanies outgoing fresh basil lot BASIL-LOT-042 to an external customer.,"[""shipping""]",[],manual_label_from_public_source_pattern
web500-0462,mixed-delivery-note-out,BioTrak food-chain logistics paper,https://arxiv.org/abs/2304.09601,"The paper describes inbound logistics with supplier delivery notes and batch codes, production linking input/output batch codes, outbound logistics, transporter roles, and transportation/transformation blocks.",fresh cucumber,fresh produce,CUC-LOT-118,Delivery note accompanies outgoing fresh cucumber lot CUC-LOT-118 to an external customer.,"[""shipping""]",[],manual_label_from_public_source_pattern
web500-0463,mixed-delivery-note-out,BioTrak food-chain logistics paper,https://arxiv.org/abs/2304.09601,"The paper describes inbound logistics with supplier delivery notes and batch codes, production linking input/output batch codes, outbound logistics, transporter roles, and transportation/transformation blocks.",fresh sprouts,sprouts,SPR-LOT-220,Delivery note accompanies outgoing fresh sprouts lot SPR-LOT-220 to an external customer.,"[""shipping""]",[],manual_label_from_public_source_pattern
web500-0464,mixed-delivery-note-out,BioTrak food-chain logistics paper,https://arxiv.org/abs/2304.09601,"The paper describes inbound logistics with supplier delivery notes and batch codes, production linking input/output batch codes, outbound logistics, transporter roles, and transportation/transformation blocks.",fresh tuna,seafood,TUNA-LOT-771,Delivery note accompanies outgoing fresh tuna lot TUNA-LOT-771 to an external customer.,"[""shipping""]",[],manual_label_from_public_source_pattern
web500-0465,mixed-delivery-note-out,BioTrak food-chain logistics paper,https://arxiv.org/abs/2304.09601,"The paper describes inbound logistics with supplier delivery notes and batch codes, production linking input/output batch codes, outbound logistics, transporter roles, and transportation/transformation blocks.",soft cheese,soft cheese,CHEESE-LOT-319,Delivery note accompanies outgoing soft cheese lot CHEESE-LOT-319 to an external customer.,"[""shipping""]",[],manual_label_from_public_source_pattern
web500-0466,mixed-delivery-note-out,BioTrak food-chain logistics paper,https://arxiv.org/abs/2304.09601,"The paper describes inbound logistics with supplier delivery notes and batch codes, production linking input/output batch codes, outbound logistics, transporter roles, and transportation/transformation blocks.",bulk olive oil,oil ingredient,OIL-LOT-540,Delivery note accompanies outgoing bulk olive oil lot OIL-LOT-540 to an external customer.,"[""shipping""]",[],manual_label_from_public_source_pattern
web500-0467,mixed-delivery-note-out,BioTrak food-chain logistics paper,https://arxiv.org/abs/2304.09601,"The paper describes inbound logistics with supplier delivery notes and batch codes, production linking input/output batch codes, outbound logistics, transporter roles, and transportation/transformation blocks.",bottled olive oil,finished oil,BOT-OIL-903,Delivery note accompanies outgoing bottled olive oil lot BOT-OIL-903 to an external customer.,"[""shipping""]",[],manual_label_from_public_source_pattern
web500-0468,mixed-delivery-note-out,BioTrak food-chain logistics paper,https://arxiv.org/abs/2304.09601,"The paper describes inbound logistics with supplier delivery notes and batch codes, production linking input/output batch codes, outbound logistics, transporter roles, and transportation/transformation blocks.",fresh grapes,fresh produce,GRAPE-LOT-104,Delivery note accompanies outgoing fresh grapes lot GRAPE-LOT-104 to an external customer.,"[""shipping""]",[],manual_label_from_public_source_pattern
web500-0469,mixed-delivery-note-out,BioTrak food-chain logistics paper,https://arxiv.org/abs/2304.09601,"The paper describes inbound logistics with supplier delivery notes and batch codes, production linking input/output batch codes, outbound logistics, transporter roles, and transportation/transformation blocks.",leaf lettuce,leafy greens,LETT-LOT-514,Delivery note accompanies outgoing leaf lettuce lot LETT-LOT-514 to an external customer.,"[""shipping""]",[],manual_label_from_public_source_pattern
web500-0470,mixed-delivery-note-out,BioTrak food-chain logistics paper,https://arxiv.org/abs/2304.09601,"The paper describes inbound logistics with supplier delivery notes and batch codes, production linking input/output batch codes, outbound logistics, transporter roles, and transportation/transformation blocks.",prepared deli salad,prepared food,DELI-LOT-822,Delivery note accompanies outgoing prepared deli salad lot DELI-LOT-822 to an external customer.,"[""shipping""]",[],manual_label_from_public_source_pattern
web500-0471,mixed-delivery-note-in,BioTrak food-chain logistics paper,https://arxiv.org/abs/2304.09601,"The paper describes inbound logistics with supplier delivery notes and batch codes, production linking input/output batch codes, outbound logistics, transporter roles, and transportation/transformation blocks.",fresh basil,fresh herbs,BASIL-LOT-042,Supplier delivery note accompanies incoming fresh basil lot BASIL-LOT-042 received into warehouse.,"[""receiving""]",[],manual_label_from_public_source_pattern
web500-0472,mixed-delivery-note-in,BioTrak food-chain logistics paper,https://arxiv.org/abs/2304.09601,"The paper describes inbound logistics with supplier delivery notes and batch codes, production linking input/output batch codes, outbound logistics, transporter roles, and transportation/transformation blocks.",fresh cucumber,fresh produce,CUC-LOT-118,Supplier delivery note accompanies incoming fresh cucumber lot CUC-LOT-118 received into warehouse.,"[""receiving""]",[],manual_label_from_public_source_pattern
web500-0473,mixed-delivery-note-in,BioTrak food-chain logistics paper,https://arxiv.org/abs/2304.09601,"The paper describes inbound logistics with supplier delivery notes and batch codes, production linking input/output batch codes, outbound logistics, transporter roles, and transportation/transformation blocks.",fresh sprouts,sprouts,SPR-LOT-220,Supplier delivery note accompanies incoming fresh sprouts lot SPR-LOT-220 received into warehouse.,"[""receiving""]",[],manual_label_from_public_source_pattern
web500-0474,mixed-delivery-note-in,BioTrak food-chain logistics paper,https://arxiv.org/abs/2304.09601,"The paper describes inbound logistics with supplier delivery notes and batch codes, production linking input/output batch codes, outbound logistics, transporter roles, and transportation/transformation blocks.",fresh tuna,seafood,TUNA-LOT-771,Supplier delivery note accompanies incoming fresh tuna lot TUNA-LOT-771 received into warehouse.,"[""receiving""]",[],manual_label_from_public_source_pattern
web500-0475,mixed-delivery-note-in,BioTrak food-chain logistics paper,https://arxiv.org/abs/2304.09601,"The paper describes inbound logistics with supplier delivery notes and batch codes, production linking input/output batch codes, outbound logistics, transporter roles, and transportation/transformation blocks.",soft cheese,soft cheese,CHEESE-LOT-319,Supplier delivery note accompanies incoming soft cheese lot CHEESE-LOT-319 received into warehouse.,"[""receiving""]",[],manual_label_from_public_source_pattern
web500-0476,mixed-delivery-note-in,BioTrak food-chain logistics paper,https://arxiv.org/abs/2304.09601,"The paper describes inbound logistics with supplier delivery notes and batch codes, production linking input/output batch codes, outbound logistics, transporter roles, and transportation/transformation blocks.",bulk olive oil,oil ingredient,OIL-LOT-540,Supplier delivery note accompanies incoming bulk olive oil lot OIL-LOT-540 received into warehouse.,"[""receiving""]",[],manual_label_from_public_source_pattern
web500-0477,mixed-delivery-note-in,BioTrak food-chain logistics paper,https://arxiv.org/abs/2304.09601,"The paper describes inbound logistics with supplier delivery notes and batch codes, production linking input/output batch codes, outbound logistics, transporter roles, and transportation/transformation blocks.",bottled olive oil,finished oil,BOT-OIL-903,Supplier delivery note accompanies incoming bottled olive oil lot BOT-OIL-903 received into warehouse.,"[""receiving""]",[],manual_label_from_public_source_pattern
web500-0478,mixed-delivery-note-in,BioTrak food-chain logistics paper,https://arxiv.org/abs/2304.09601,"The paper describes inbound logistics with supplier delivery notes and batch codes, production linking input/output batch codes, outbound logistics, transporter roles, and transportation/transformation blocks.",fresh grapes,fresh produce,GRAPE-LOT-104,Supplier delivery note accompanies incoming fresh grapes lot GRAPE-LOT-104 received into warehouse.,"[""receiving""]",[],manual_label_from_public_source_pattern
web500-0479,mixed-delivery-note-in,BioTrak food-chain logistics paper,https://arxiv.org/abs/2304.09601,"The paper describes inbound logistics with supplier delivery notes and batch codes, production linking input/output batch codes, outbound logistics, transporter roles, and transportation/transformation blocks.",leaf lettuce,leafy greens,LETT-LOT-514,Supplier delivery note accompanies incoming leaf lettuce lot LETT-LOT-514 received into warehouse.,"[""receiving""]",[],manual_label_from_public_source_pattern
web500-0480,mixed-delivery-note-in,BioTrak food-chain logistics paper,https://arxiv.org/abs/2304.09601,"The paper describes inbound logistics with supplier delivery notes and batch codes, production linking input/output batch codes, outbound logistics, transporter roles, and transportation/transformation blocks.",prepared deli salad,prepared food,DELI-LOT-822,Supplier delivery note accompanies incoming prepared deli salad lot DELI-LOT-822 received into warehouse.,"[""receiving""]",[],manual_label_from_public_source_pattern
web500-0481,mixed-transforms-verb,Token Recipes manufacturing traceability paper,https://arxiv.org/abs/1810.09843,"The paper models manufacturing recipes where ingredient batch tokens are consumed and a new token is produced, preserving transformation provenance.",fresh basil,fresh herbs,BASIL-LOT-042,Recipe transforms ingredient batch BASIL-LOT-042 into finished product OUT-BASIL-LOT-042.,"[""transformation""]",[],manual_label_from_public_source_pattern
web500-0482,mixed-transforms-verb,Token Recipes manufacturing traceability paper,https://arxiv.org/abs/1810.09843,"The paper models manufacturing recipes where ingredient batch tokens are consumed and a new token is produced, preserving transformation provenance.",fresh cucumber,fresh produce,CUC-LOT-118,Recipe transforms ingredient batch CUC-LOT-118 into finished product OUT-CUC-LOT-118.,"[""transformation""]",[],manual_label_from_public_source_pattern
web500-0483,mixed-transforms-verb,Token Recipes manufacturing traceability paper,https://arxiv.org/abs/1810.09843,"The paper models manufacturing recipes where ingredient batch tokens are consumed and a new token is produced, preserving transformation provenance.",fresh sprouts,sprouts,SPR-LOT-220,Recipe transforms ingredient batch SPR-LOT-220 into finished product OUT-SPR-LOT-220.,"[""transformation""]",[],manual_label_from_public_source_pattern
web500-0484,mixed-transforms-verb,Token Recipes manufacturing traceability paper,https://arxiv.org/abs/1810.09843,"The paper models manufacturing recipes where ingredient batch tokens are consumed and a new token is produced, preserving transformation provenance.",fresh tuna,seafood,TUNA-LOT-771,Recipe transforms ingredient batch TUNA-LOT-771 into finished product OUT-TUNA-LOT-771.,"[""transformation""]",[],manual_label_from_public_source_pattern
web500-0485,mixed-transforms-verb,Token Recipes manufacturing traceability paper,https://arxiv.org/abs/1810.09843,"The paper models manufacturing recipes where ingredient batch tokens are consumed and a new token is produced, preserving transformation provenance.",soft cheese,soft cheese,CHEESE-LOT-319,Recipe transforms ingredient batch CHEESE-LOT-319 into finished product OUT-CHEESE-LOT-319.,"[""transformation""]",[],manual_label_from_public_source_pattern
web500-0486,mixed-transforms-verb,Token Recipes manufacturing traceability paper,https://arxiv.org/abs/1810.09843,"The paper models manufacturing recipes where ingredient batch tokens are consumed and a new token is produced, preserving transformation provenance.",bulk olive oil,oil ingredient,OIL-LOT-540,Recipe transforms ingredient batch OIL-LOT-540 into finished product OUT-OIL-LOT-540.,"[""transformation""]",[],manual_label_from_public_source_pattern
web500-0487,mixed-transforms-verb,Token Recipes manufacturing traceability paper,https://arxiv.org/abs/1810.09843,"The paper models manufacturing recipes where ingredient batch tokens are consumed and a new token is produced, preserving transformation provenance.",bottled olive oil,finished oil,BOT-OIL-903,Recipe transforms ingredient batch BOT-OIL-903 into finished product OUT-BOT-OIL-903.,"[""transformation""]",[],manual_label_from_public_source_pattern
web500-0488,mixed-transforms-verb,Token Recipes manufacturing traceability paper,https://arxiv.org/abs/1810.09843,"The paper models manufacturing recipes where ingredient batch tokens are consumed and a new token is produced, preserving transformation provenance.",fresh grapes,fresh produce,GRAPE-LOT-104,Recipe transforms ingredient batch GRAPE-LOT-104 into finished product OUT-GRAPE-LOT-104.,"[""transformation""]",[],manual_label_from_public_source_pattern
web500-0489,mixed-transforms-verb,Token Recipes manufacturing traceability paper,https://arxiv.org/abs/1810.09843,"The paper models manufacturing recipes where ingredient batch tokens are consumed and a new token is produced, preserving transformation provenance.",leaf lettuce,leafy greens,LETT-LOT-514,Recipe transforms ingredient batch LETT-LOT-514 into finished product OUT-LETT-LOT-514.,"[""transformation""]",[],manual_label_from_public_source_pattern
web500-0490,mixed-transforms-verb,Token Recipes manufacturing traceability paper,https://arxiv.org/abs/1810.09843,"The paper models manufacturing recipes where ingredient batch tokens are consumed and a new token is produced, preserving transformation provenance.",prepared deli salad,prepared food,DELI-LOT-822,Recipe transforms ingredient batch DELI-LOT-822 into finished product OUT-DELI-LOT-822.,"[""transformation""]",[],manual_label_from_public_source_pattern
web500-0491,mixed-produced-verb,Token Recipes manufacturing traceability paper,https://arxiv.org/abs/1810.09843,"The paper models manufacturing recipes where ingredient batch tokens are consumed and a new token is produced, preserving transformation provenance.",fresh basil,fresh herbs,BASIL-LOT-042,Recipe consumes ingredient batch BASIL-LOT-042; a new finished product batch OUT-BASIL-LOT-042 is produced.,"[""transformation""]",[],manual_label_from_public_source_pattern
web500-0492,mixed-produced-verb,Token Recipes manufacturing traceability paper,https://arxiv.org/abs/1810.09843,"The paper models manufacturing recipes where ingredient batch tokens are consumed and a new token is produced, preserving transformation provenance.",fresh cucumber,fresh produce,CUC-LOT-118,Recipe consumes ingredient batch CUC-LOT-118; a new finished product batch OUT-CUC-LOT-118 is produced.,"[""transformation""]",[],manual_label_from_public_source_pattern
web500-0493,mixed-produced-verb,Token Recipes manufacturing traceability paper,https://arxiv.org/abs/1810.09843,"The paper models manufacturing recipes where ingredient batch tokens are consumed and a new token is produced, preserving transformation provenance.",fresh sprouts,sprouts,SPR-LOT-220,Recipe consumes ingredient batch SPR-LOT-220; a new finished product batch OUT-SPR-LOT-220 is produced.,"[""transformation""]",[],manual_label_from_public_source_pattern
web500-0494,mixed-produced-verb,Token Recipes manufacturing traceability paper,https://arxiv.org/abs/1810.09843,"The paper models manufacturing recipes where ingredient batch tokens are consumed and a new token is produced, preserving transformation provenance.",fresh tuna,seafood,TUNA-LOT-771,Recipe consumes ingredient batch TUNA-LOT-771; a new finished product batch OUT-TUNA-LOT-771 is produced.,"[""transformation""]",[],manual_label_from_public_source_pattern
web500-0495,mixed-produced-verb,Token Recipes manufacturing traceability paper,https://arxiv.org/abs/1810.09843,"The paper models manufacturing recipes where ingredient batch tokens are consumed and a new token is produced, preserving transformation provenance.",soft cheese,soft cheese,CHEESE-LOT-319,Recipe consumes ingredient batch CHEESE-LOT-319; a new finished product batch OUT-CHEESE-LOT-319 is produced.,"[""transformation""]",[],manual_label_from_public_source_pattern
web500-0496,mixed-produced-verb,Token Recipes manufacturing traceability paper,https://arxiv.org/abs/1810.09843,"The paper models manufacturing recipes where ingredient batch tokens are consumed and a new token is produced, preserving transformation provenance.",bulk olive oil,oil ingredient,OIL-LOT-540,Recipe consumes ingredient batch OIL-LOT-540; a new finished product batch OUT-OIL-LOT-540 is produced.,"[""transformation""]",[],manual_label_from_public_source_pattern
web500-0497,mixed-produced-verb,Token Recipes manufacturing traceability paper,https://arxiv.org/abs/1810.09843,"The paper models manufacturing recipes where ingredient batch tokens are consumed and a new token is produced, preserving transformation provenance.",bottled olive oil,finished oil,BOT-OIL-903,Recipe consumes ingredient batch BOT-OIL-903; a new finished product batch OUT-BOT-OIL-903 is produced.,"[""transformation""]",[],manual_label_from_public_source_pattern
web500-0498,mixed-produced-verb,Token Recipes manufacturing traceability paper,https://arxiv.org/abs/1810.09843,"The paper models manufacturing recipes where ingredient batch tokens are consumed and a new token is produced, preserving transformation provenance.",fresh grapes,fresh produce,GRAPE-LOT-104,Recipe consumes ingredient batch GRAPE-LOT-104; a new finished product batch OUT-GRAPE-LOT-104 is produced.,"[""transformation""]",[],manual_label_from_public_source_pattern
web500-0499,mixed-produced-verb,Token Recipes manufacturing traceability paper,https://arxiv.org/abs/1810.09843,"The paper models manufacturing recipes where ingredient batch tokens are consumed and a new token is produced, preserving transformation provenance.",leaf lettuce,leafy greens,LETT-LOT-514,Recipe consumes ingredient batch LETT-LOT-514; a new finished product batch OUT-LETT-LOT-514 is produced.,"[""transformation""]",[],manual_label_from_public_source_pattern
web500-0500,mixed-produced-verb,Token Recipes manufacturing traceability paper,https://arxiv.org/abs/1810.09843,"The paper models manufacturing recipes where ingredient batch tokens are consumed and a new token is produced, preserving transformation provenance.",prepared deli salad,prepared food,DELI-LOT-822,Recipe consumes ingredient batch DELI-LOT-822; a new finished product batch OUT-DELI-LOT-822 is produced.,"[""transformation""]",[],manual_label_from_public_source_pattern
